fid;DN;Longitud;Latitud
1;4;-6.77;43.55
2;4;-6.75;43.55
3;4;-6.42;43.55
4;4;-6.34;43.55
5;4;-6.31;43.55
6;4;-6.28;43.56
7;4;-6.39;43.54
9;4;-6.27;43.54
10;4;-6.78;43.54
11;4;-6.46;43.54
12;4;-6.40;43.53
14;4;-6.69;43.53
16;4;-6.81;43.53
18;4;-5.29;43.52
19;4;-6.73;43.52
20;4;-6.67;43.54
21;4;-6.42;43.51
22;4;-6.69;43.51
23;4;-6.63;43.51
24;4;-6.46;43.51
25;4;-6.48;43.50
27;4;-6.71;43.50
28;4;-6.44;43.50
30;4;-5.26;43.50
31;4;-6.78;43.50
32;4;-6.73;43.49
33;4;-6.70;43.49
34;4;-6.45;43.49
35;4;-5.95;43.49
41;5;-3.83;43.49
43;9;-5.54;43.49
45;5;-3.78;43.49
46;4;-6.67;43.48
48;4;-5.96;43.48
51;5;-5.48;43.48
52;4;-5.13;43.48
53;5;-3.86;43.48
55;9;-5.49;43.49
57;4;-6.34;43.47
58;5;-5.52;43.50
61;4;-5.10;43.47
62;4;-6.69;43.47
63;3;-6.72;43.46
65;4;-6.66;43.47
66;4;-6.63;43.46
70;5;-5.50;43.47
73;4;-6.33;43.50
74;4;-6.45;43.46
78;7;-6.69;43.45
79;4;-6.64;43.45
80;4;-5.96;43.45
86;4;-3.47;43.45
87;4;-3.45;43.45
89;4;-6.87;43.45
90;4;-6.82;43.46
91;3;-6.74;43.45
94;5;-3.78;43.45
95;4;-6.95;43.44
96;4;-6.91;43.44
97;8;-6.84;43.44
99;4;-6.44;43.44
100;4;-6.39;43.44
101;4;-6.34;43.44
106;4;-5.37;43.44
108;8;-6.92;43.44
109;8;-6.85;43.44
110;7;-6.75;43.44
111;7;-6.72;43.44
112;3;-6.71;43.44
113;4;-6.65;43.44
114;4;-6.41;43.44
117;4;-5.45;43.44
121;3;-5.04;43.44
122;7;-5.02;43.44
123;3;-5.01;43.44
124;7;-5.00;43.44
126;4;-3.85;43.44
127;5;-3.75;43.44
128;5;-2.75;43.44
129;8;-6.89;43.43
132;7;-6.68;43.43
135;7;-5.06;43.44
136;9;-7.02;43.43
137;4;-6.96;43.43
139;8;-6.82;43.43
140;7;-6.71;43.43
141;3;-6.70;43.43
142;4;-6.38;43.43
143;4;-6.35;43.43
146;3;-5.09;43.43
147;7;-5.04;43.43
148;7;-5.01;43.43
153;3;-6.73;43.42
154;5;-2.72;43.42
155;5;-7.02;43.42
156;9;-7.01;43.42
157;13;-6.96;43.42
158;5;-6.92;43.42
160;4;-6.64;43.42
161;4;-6.34;43.42
162;4;-6.01;43.42
164;4;-5.81;43.42
168;4;-4.73;43.42
170;4;-6.79;43.43
171;4;-6.75;43.42
173;4;-6.85;43.42
175;4;-3.88;43.42
176;4;-2.74;43.41
180;3;-6.70;43.41
181;4;-6.65;43.41
189;3;-5.04;43.41
190;7;-5.01;43.41
195;4;-4.71;43.41
196;4;-3.84;43.41
199;6;-3.39;43.41
200;2;-3.37;43.41
201;10;-2.66;43.41
202;4;-6.39;43.41
206;5;-6.98;43.41
207;8;-6.81;43.41
209;6;-3.34;43.41
211;13;-6.90;43.40
212;4;-6.87;43.40
214;4;-6.79;43.40
215;7;-6.72;43.40
216;7;-6.70;43.40
217;4;-6.67;43.40
218;8;-6.37;43.40
219;4;-5.81;43.40
224;4;-5.17;43.40
225;3;-5.09;43.40
226;7;-5.02;43.40
230;4;-3.36;43.40
231;9;-2.73;43.40
233;10;-2.63;43.40
234;4;-6.24;43.41
237;4;-3.44;43.40
238;8;-6.29;43.40
242;4;-3.30;43.40
243;5;-7.01;43.39
244;13;-6.91;43.39
245;4;-6.84;43.39
246;8;-6.83;43.39
247;4;-6.37;43.39
248;9;-6.24;43.39
249;5;-6.22;43.39
251;4;-5.80;43.39
256;7;-5.07;43.39
257;3;-5.04;43.39
263;4;-4.59;43.39
265;2;-3.42;43.39
267;6;-3.28;43.39
268;9;-2.76;43.39
269;9;-2.66;43.39
270;9;-7.00;43.39
271;9;-6.93;43.40
274;4;-6.71;43.39
278;4;-4.49;43.38
280;4;-3.22;43.39
281;4;-7.49;43.38
282;4;-7.44;43.38
283;13;-6.97;43.38
284;5;-6.91;43.38
285;8;-6.89;43.38
286;8;-6.75;43.38
288;5;-6.24;43.38
290;3;-5.05;43.38
296;4;-3.99;43.38
300;2;-3.43;43.38
301;4;-3.40;43.39
302;4;-3.34;43.38
303;4;-3.32;43.38
304;6;-3.30;43.38
305;9;-2.73;43.38
306;9;-2.60;43.38
307;4;-2.59;43.38
308;4;-1.83;43.38
309;5;-6.17;43.40
311;4;-6.30;43.41
314;5;-2.66;43.39
319;2;-3.25;43.38
320;4;-3.01;43.38
321;4;-7.85;43.39
322;4;-7.83;43.37
324;9;-6.96;43.37
325;9;-6.94;43.37
326;9;-6.90;43.38
327;4;-6.85;43.37
335;4;-3.94;43.37
339;4;-3.28;43.38
340;2;-3.28;43.37
341;2;-3.22;43.37
342;4;-2.70;43.38
343;5;-2.69;43.37
344;4;-2.56;43.37
345;9;-1.86;43.37
346;4;-1.84;43.37
347;5;-2.75;43.38
348;4;-3.37;43.37
349;4;-6.88;43.37
351;9;-6.21;43.38
353;8;-5.38;43.37
354;4;-5.36;43.37
357;4;-2.67;43.37
358;4;-7.55;43.36
359;9;-7.02;43.36
360;13;-6.91;43.36
361;5;-6.90;43.36
363;8;-6.86;43.36
365;8;-6.75;43.36
366;9;-6.66;43.36
367;4;-6.34;43.36
368;4;-6.31;43.36
370;5;-6.23;43.36
378;4;-4.27;43.36
380;4;-3.84;43.36
386;6;-3.29;43.36
387;4;-2.99;43.36
388;9;-2.98;43.36
389;9;-2.73;43.36
390;4;-2.58;43.36
391;4;-2.54;43.36
392;9;-1.84;43.36
393;6;-1.83;43.36
395;2;-3.34;43.38
397;5;-6.92;43.36
399;2;-3.40;43.37
403;4;-4.43;43.37
405;5;-1.88;43.36
408;8;-6.85;43.35
412;9;-6.24;43.35
416;4;-5.57;43.35
418;4;-5.31;43.35
424;4;-4.48;43.35
427;9;-4.22;43.35
430;2;-3.43;43.35
431;4;-3.39;43.35
432;2;-3.37;43.35
435;2;-3.20;43.35
436;4;-2.73;43.35
437;4;-2.69;43.35
438;4;-2.51;43.35
439;11;-1.86;43.36
440;4;-1.81;43.36
441;5;-6.66;43.37
442;8;-6.30;43.36
443;5;-4.18;43.37
444;4;-7.46;43.36
446;4;-7.50;43.36
449;4;-7.53;43.35
450;13;-6.94;43.35
454;4;-5.40;43.35
461;4;-6.86;43.34
463;8;-6.83;43.34
475;4;-5.27;43.34
481;6;-4.66;43.34
483;7;-4.38;43.34
484;9;-4.20;43.34
488;8;-3.78;43.34
496;2;-3.39;43.34
497;4;-3.30;43.34
498;9;-2.96;43.34
499;5;-1.90;43.34
500;16;-1.87;43.34
501;5;-1.84;43.34
502;9;-1.82;43.34
504;4;-3.23;43.35
505;8;-6.87;43.34
507;4;-5.65;43.34
508;7;-4.41;43.34
512;8;-3.82;43.34
514;4;-3.16;43.35
515;4;-2.77;43.34
516;4;-2.48;43.34
517;11;-1.89;43.34
518;9;-6.98;43.34
519;4;-6.89;43.34
520;4;-6.84;43.34
521;5;-6.82;43.34
522;9;-6.81;43.34
524;4;-6.37;43.34
527;4;-5.73;43.34
530;3;-4.97;43.34
531;3;-4.94;43.34
532;7;-4.93;43.34
533;3;-4.87;43.34
534;3;-4.75;43.34
535;3;-4.72;43.34
536;6;-4.63;43.34
540;7;-4.47;43.34
542;4;-3.93;43.34
543;4;-3.91;43.34
548;2;-3.45;43.34
549;2;-3.29;43.35
550;2;-3.24;43.34
551;4;-3.21;43.34
553;9;-2.98;43.34
554;9;-2.94;43.34
555;4;-2.75;43.34
556;4;-2.72;43.34
557;4;-2.60;43.34
558;4;-2.56;43.34
559;4;-1.95;43.34
560;6;-1.90;43.34
561;5;-1.87;43.34
562;14;-1.85;43.34
563;4;-3.08;43.34
564;5;-2.94;43.35
565;8;-5.35;43.35
567;3;-4.44;43.34
569;4;-7.43;43.33
577;4;-4.08;43.33
578;4;-2.51;43.33
579;4;-1.91;43.33
580;9;-1.78;43.33
581;9;-1.75;43.33
582;4;-7.81;43.33
584;9;-6.94;43.33
585;13;-6.88;43.33
586;9;-6.82;43.33
587;5;-6.81;43.33
588;8;-6.36;43.36
594;4;-5.75;43.33
595;4;-5.67;43.33
596;4;-5.33;43.33
597;8;-5.32;43.33
601;3;-4.93;43.33
603;7;-4.78;43.33
604;3;-4.76;43.33
605;3;-4.69;43.33
608;3;-4.47;43.33
613;2;-3.36;43.33
614;4;-3.20;43.33
615;4;-3.15;43.33
616;5;-2.98;43.33
617;4;-2.57;43.33
618;4;-2.43;43.33
620;14;-1.87;43.33
621;5;-1.86;43.33
622;4;-6.78;43.36
623;3;-4.38;43.33
624;4;-4.24;43.34
627;9;-6.84;43.32
628;4;-6.31;43.33
630;8;-5.40;43.32
631;4;-4.98;43.32
632;7;-4.70;43.32
634;4;-3.72;43.32
636;2;-3.22;43.33
637;9;-2.97;43.32
639;9;-6.98;43.32
642;6;-6.24;43.32
644;4;-5.73;43.32
645;4;-5.70;43.32
648;8;-5.33;43.32
651;6;-5.07;43.32
652;6;-5.05;43.32
653;4;-5.04;43.32
655;6;-5.00;43.32
657;4;-4.93;43.32
658;7;-4.92;43.32
661;6;-4.82;43.32
662;5;-4.72;43.32
664;4;-4.42;43.32
665;3;-4.41;43.32
666;4;-3.77;43.32
670;4;-3.21;43.32
671;4;-3.17;43.32
672;4;-3.13;43.32
673;4;-3.05;43.32
674;4;-2.98;43.32
675;4;-2.92;43.32
676;4;-2.72;43.32
678;4;-2.56;43.32
679;4;-1.89;43.32
680;9;-1.81;43.32
681;12;-1.80;43.32
683;2;-1.75;43.32
684;5;-6.98;43.35
685;4;-7.55;43.32
687;4;-2.66;43.33
692;7;-4.88;43.32
693;8;-3.77;43.33
700;4;-5.08;43.31
701;7;-4.74;43.31
703;2;-1.77;43.31
704;9;-1.71;43.31
705;9;-1.65;43.31
706;13;-6.97;43.31
707;4;-6.48;43.33
710;2;-6.32;43.31
714;4;-5.37;43.31
716;7;-5.10;43.31
718;4;-5.00;43.31
719;3;-4.98;43.31
721;7;-4.93;43.31
722;3;-4.91;43.31
723;7;-4.89;43.31
724;3;-4.88;43.31
726;7;-4.77;43.31
727;5;-4.73;43.31
728;4;-4.72;43.31
729;9;-4.70;43.31
730;5;-4.69;43.31
733;4;-4.41;43.31
734;4;-4.25;43.31
735;4;-4.09;43.31
738;8;-3.77;43.31
740;4;-3.74;43.31
741;6;-3.73;43.31
742;4;-3.72;43.31
744;2;-3.51;43.31
747;4;-3.36;43.31
748;4;-3.14;43.31
749;4;-3.09;43.31
751;12;-1.81;43.31
752;12;-1.78;43.31
753;12;-1.76;43.31
758;4;-4.18;43.31
759;4;-7.62;43.30
763;8;-5.37;43.30
765;7;-4.95;43.32
770;4;-2.60;43.30
771;3;-1.80;43.30
772;4;-7.79;43.34
774;5;-7.02;43.30
775;2;-6.33;43.30
778;3;-5.99;43.30
781;7;-5.87;43.30
782;3;-5.86;43.30
783;4;-5.72;43.30
784;4;-5.68;43.30
785;4;-5.65;43.30
788;7;-5.08;43.30
789;3;-5.07;43.30
790;7;-5.06;43.30
792;6;-4.94;43.30
793;3;-4.93;43.30
794;4;-4.88;43.30
795;3;-4.86;43.30
796;2;-4.82;43.30
797;2;-4.78;43.30
798;4;-4.73;43.30
799;7;-4.72;43.30
801;3;-4.49;43.30
802;3;-4.43;43.30
803;4;-4.10;43.30
806;4;-3.73;43.30
808;4;-3.52;43.30
810;2;-3.49;43.30
811;4;-3.18;43.30
812;4;-2.94;43.30
813;4;-2.57;43.30
814;4;-2.54;43.30
815;4;-2.52;43.30
816;4;-2.45;43.31
817;9;-1.82;43.30
818;2;-1.78;43.30
819;12;-1.77;43.30
820;2;-1.74;43.30
822;9;-1.66;43.30
823;4;-3.25;43.32
824;2;-3.36;43.30
825;4;-6.27;43.34
826;5;-7.57;43.29
828;5;-6.98;43.29
830;6;-6.26;43.31
831;6;-6.07;43.29
833;4;-4.84;43.30
834;5;-4.80;43.30
835;3;-4.70;43.30
836;7;-4.45;43.31
837;5;-3.10;43.29
838;4;-2.71;43.29
839;9;-1.84;43.30
842;5;-7.01;43.29
843;13;-6.95;43.29
844;9;-6.90;43.29
845;5;-6.89;43.29
846;5;-6.78;43.29
849;4;-6.27;43.29
851;7;-6.00;43.29
852;7;-5.96;43.29
853;3;-5.89;43.29
854;4;-5.88;43.29
855;3;-5.87;43.29
856;4;-5.81;43.29
858;4;-5.75;43.29
859;4;-5.70;43.29
861;4;-5.42;43.29
864;3;-5.11;43.29
865;4;-5.11;43.29
868;7;-4.99;43.29
869;7;-4.91;43.29
870;2;-4.85;43.29
871;6;-4.82;43.29
872;7;-4.76;43.29
873;3;-4.72;43.29
874;9;-4.70;43.29
875;2;-4.62;43.29
876;6;-4.59;43.29
883;2;-3.21;43.29
884;4;-3.20;43.29
886;9;-1.87;43.29
888;12;-1.82;43.29
889;11;-1.78;43.29
891;9;-1.71;43.29
892;4;-1.50;43.29
893;4;-4.32;43.34
895;5;-6.85;43.31
896;6;-3.70;43.30
897;4;-3.16;43.29
899;2;-1.67;43.30
901;6;-5.84;43.29
902;4;-5.59;43.28
905;4;-5.07;43.28
906;3;-5.05;43.29
907;3;-4.95;43.28
908;7;-4.94;43.28
909;4;-4.14;43.29
910;4;-3.78;43.29
911;4;-2.96;43.28
912;4;-2.39;43.29
913;4;-2.14;43.29
914;4;-1.93;43.30
915;2;-1.72;43.28
916;2;-1.48;43.29
917;4;-7.79;43.28
919;13;-7.01;43.28
920;5;-6.96;43.28
921;9;-6.95;43.28
922;4;-6.35;43.28
923;6;-6.29;43.28
924;4;-6.28;43.28
925;6;-6.27;43.28
928;3;-5.98;43.28
929;3;-5.88;43.28
932;4;-5.71;43.28
933;4;-5.67;43.28
934;4;-5.62;43.28
940;4;-5.12;43.28
941;7;-5.11;43.28
942;3;-5.09;43.28
943;6;-5.02;43.28
944;4;-5.01;43.28
945;7;-4.86;43.28
946;2;-4.82;43.28
947;7;-4.81;43.28
948;3;-4.66;43.28
949;5;-4.62;43.28
950;7;-4.61;43.28
952;7;-4.43;43.28
953;7;-4.40;43.28
955;4;-3.73;43.28
956;6;-3.41;43.28
959;4;-3.01;43.28
960;4;-2.92;43.28
961;4;-2.77;43.28
962;4;-2.50;43.28
963;4;-1.90;43.28
964;9;-1.86;43.28
965;3;-1.82;43.28
966;12;-1.81;43.28
967;12;-1.74;43.28
969;9;-1.65;43.28
970;4;-1.46;43.28
971;6;-5.00;43.29
973;9;-6.91;43.31
974;10;-3.74;43.28
976;9;-3.07;43.29
977;4;-3.03;43.29
978;9;-7.02;43.28
981;6;-6.32;43.28
983;7;-5.90;43.28
984;7;-5.13;43.28
986;2;-4.59;43.28
987;3;-4.51;43.28
990;4;-3.43;43.28
991;4;-2.69;43.28
992;4;-2.64;43.28
993;9;-1.83;43.28
994;9;-1.68;43.28
995;4;-1.48;43.27
996;5;-1.45;43.28
998;5;-7.59;43.27
999;13;-7.00;43.27
1000;5;-6.94;43.28
1001;5;-6.84;43.27
1003;4;-6.37;43.27
1004;4;-6.29;43.27
1006;7;-6.02;43.27
1008;3;-5.95;43.27
1009;4;-5.89;43.27
1010;4;-5.70;43.27
1011;4;-5.58;43.27
1014;7;-5.36;43.27
1015;3;-5.30;43.27
1016;3;-5.12;43.27
1017;4;-5.08;43.27
1018;7;-5.07;43.27
1019;4;-5.04;43.29
1020;6;-5.01;43.27
1021;7;-5.00;43.27
1022;3;-4.67;43.27
1023;5;-4.61;43.27
1024;4;-4.51;43.27
1025;7;-4.48;43.27
1026;7;-4.44;43.27
1027;4;-4.43;43.27
1029;4;-3.87;43.27
1031;6;-3.73;43.27
1032;4;-3.72;43.27
1033;2;-3.70;43.27
1034;9;-3.68;43.27
1035;5;-3.67;43.27
1037;4;-3.53;43.28
1039;4;-2.89;43.27
1041;9;-2.60;43.27
1042;5;-2.59;43.27
1043;4;-2.45;43.27
1044;4;-2.37;43.27
1045;4;-2.12;43.27
1046;4;-1.93;43.27
1048;2;-1.46;43.27
1049;7;-1.44;43.27
1050;7;-1.42;43.27
1051;9;-7.55;43.28
1052;13;-6.97;43.27
1055;5;-4.75;43.28
1056;9;-3.09;43.27
1057;5;-3.07;43.27
1058;5;-1.76;43.28
1059;4;-6.34;43.27
1060;7;-5.88;43.27
1061;7;-4.97;43.27
1062;7;-4.64;43.27
1063;7;-4.38;43.29
1066;6;-3.39;43.27
1067;5;-3.10;43.27
1068;4;-2.73;43.27
1069;4;-2.24;43.27
1070;4;-2.19;43.27
1071;11;-1.80;43.27
1072;9;-1.72;43.27
1073;2;-1.50;43.27
1074;9;-6.95;43.26
1075;13;-6.94;43.26
1076;13;-6.89;43.26
1077;13;-6.83;43.26
1078;5;-6.78;43.26
1080;3;-6.02;43.27
1081;4;-5.99;43.26
1083;4;-5.86;43.26
1084;4;-5.68;43.26
1085;4;-5.62;43.26
1086;4;-5.59;43.26
1089;4;-5.29;43.26
1091;4;-5.18;43.26
1093;4;-5.07;43.26
1094;7;-5.06;43.26
1095;3;-4.99;43.26
1096;7;-4.79;43.26
1097;9;-4.66;43.26
1098;2;-4.54;43.26
1099;7;-4.51;43.26
1100;4;-4.49;43.26
1101;3;-4.47;43.26
1102;3;-4.40;43.28
1103;4;-4.40;43.26
1106;8;-3.81;43.29
1108;4;-3.77;43.26
1109;6;-3.74;43.26
1110;4;-3.71;43.26
1111;9;-3.70;43.26
1112;5;-3.68;43.26
1113;9;-3.66;43.27
1114;5;-3.65;43.26
1115;8;-3.64;43.26
1116;12;-3.55;43.26
1117;9;-3.52;43.26
1118;4;-3.48;43.30
1119;2;-3.42;43.27
1121;2;-3.18;43.31
1122;9;-2.59;43.26
1123;4;-2.56;43.26
1124;4;-2.48;43.26
1125;4;-2.38;43.26
1128;4;-2.22;43.26
1131;4;-1.90;43.26
1132;9;-1.84;43.26
1133;3;-1.81;43.26
1134;2;-1.74;43.26
1136;4;-1.51;43.26
1138;2;-1.48;43.26
1140;7;-1.45;43.26
1141;3;-1.44;43.26
1142;4;-7.85;43.30
1143;4;-2.31;43.28
1144;4;-6.75;43.27
1146;4;-7.89;43.26
1147;6;-6.35;43.26
1148;7;-5.97;43.26
1149;3;-5.83;43.27
1150;7;-5.32;43.26
1151;7;-5.09;43.26
1152;2;-4.87;43.26
1153;9;-1.41;43.26
1154;5;-7.01;43.26
1155;9;-7.00;43.29
1156;5;-6.87;43.26
1157;4;-6.42;43.31
1158;3;-5.97;43.26
1159;4;-5.28;43.30
1160;7;-5.23;43.26
1161;9;-4.61;43.26
1162;6;-3.72;43.26
1163;2;-3.62;43.26
1164;8;-3.49;43.26
1166;4;-3.14;43.26
1167;4;-2.53;43.27
1168;4;-2.28;43.26
1170;2;-1.59;43.26
1171;4;-7.76;43.25
1172;9;-7.02;43.25
1173;13;-6.95;43.25
1174;13;-6.91;43.25
1175;13;-6.85;43.25
1176;5;-6.84;43.25
1177;4;-6.65;43.25
1178;4;-6.47;43.25
1181;4;-5.61;43.25
1184;3;-5.30;43.25
1185;7;-5.29;43.25
1187;3;-5.19;43.25
1188;4;-5.12;43.26
1189;4;-5.10;43.25
1190;2;-5.01;43.25
1192;7;-4.90;43.25
1193;6;-4.83;43.25
1194;4;-4.81;43.25
1196;7;-4.75;43.25
1197;4;-4.70;43.25
1198;7;-4.67;43.25
1199;6;-4.66;43.25
1200;3;-4.64;43.25
1201;9;-4.63;43.25
1202;3;-4.62;43.25
1203;4;-4.54;43.26
1204;3;-4.50;43.25
1205;7;-4.47;43.25
1207;4;-4.16;43.26
1209;9;-3.97;43.25
1210;5;-3.96;43.25
1212;5;-3.56;43.25
1213;12;-3.52;43.25
1215;4;-3.22;43.27
1216;2;-3.21;43.25
1217;4;-3.11;43.25
1218;4;-2.67;43.25
1219;4;-2.54;43.25
1221;4;-2.39;43.25
1222;5;-2.09;43.25
1223;5;-1.90;43.25
1224;7;-1.80;43.25
1225;8;-1.77;43.25
1226;2;-1.52;43.25
1227;5;-1.51;43.25
1231;12;-3.61;43.25
1232;9;-3.59;43.25
1234;5;-6.97;43.25
1235;5;-6.92;43.27
1237;5;-6.02;43.25
1239;3;-5.88;43.25
1240;4;-5.63;43.25
1241;3;-5.22;43.25
1243;3;-4.45;43.25
1244;5;-3.70;43.25
1245;9;-3.68;43.25
1246;11;-3.66;43.25
1247;8;-3.54;43.25
1248;4;-2.71;43.25
1249;5;-1.83;43.25
1250;3;-1.42;43.25
1251;4;-7.87;43.24
1252;4;-7.77;43.24
1253;4;-7.67;43.24
1255;4;-7.10;43.24
1257;4;-7.00;43.24
1258;8;-6.98;43.24
1259;4;-6.97;43.24
1260;9;-6.95;43.24
1261;8;-6.47;43.24
1262;8;-6.45;43.24
1264;4;-6.27;43.24
1265;3;-6.00;43.24
1266;3;-5.96;43.24
1268;7;-5.89;43.24
1270;4;-5.78;43.24
1272;4;-5.69;43.25
1275;4;-5.30;43.24
1276;3;-5.28;43.25
1277;7;-5.26;43.24
1278;4;-5.23;43.24
1279;7;-5.14;43.24
1280;4;-5.07;43.25
1285;9;-4.69;43.24
1286;8;-4.66;43.24
1287;8;-4.63;43.24
1288;5;-4.60;43.24
1289;9;-4.58;43.24
1290;7;-4.49;43.24
1294;5;-3.97;43.24
1295;5;-3.77;43.24
1296;6;-3.71;43.24
1297;8;-3.56;43.24
1298;14;-3.52;43.24
1299;11;-3.50;43.24
1300;6;-3.48;43.24
1301;4;-3.47;43.24
1302;2;-3.20;43.24
1303;4;-3.13;43.24
1304;4;-2.94;43.24
1305;4;-2.79;43.24
1306;9;-2.63;43.24
1307;4;-2.53;43.24
1308;4;-2.45;43.24
1309;4;-2.41;43.24
1311;2;-2.20;43.24
1312;9;-2.16;43.24
1313;5;-1.95;43.25
1314;5;-1.93;43.24
1315;7;-1.81;43.24
1318;4;-1.51;43.24
1319;7;-1.43;43.24
1320;4;-1.40;43.24
1322;3;-5.34;43.25
1323;4;-7.06;43.26
1324;7;-6.01;43.25
1326;2;-3.45;43.25
1327;6;-3.42;43.25
1328;4;-3.01;43.25
1329;9;-2.11;43.24
1330;10;-1.99;43.25
1331;9;-6.90;43.25
1332;9;-6.82;43.28
1333;4;-6.33;43.25
1335;10;-4.85;43.24
1336;14;-4.64;43.24
1337;9;-4.62;43.24
1338;14;-4.61;43.24
1339;7;-4.54;43.24
1340;5;-3.91;43.24
1341;4;-3.10;43.24
1342;4;-3.07;43.24
1343;4;-2.97;43.25
1344;4;-2.76;43.24
1345;4;-2.50;43.24
1346;4;-2.35;43.24
1347;9;-2.14;43.24
1348;5;-2.07;43.24
1350;2;-1.73;43.24
1351;5;-1.49;43.24
1352;4;-1.38;43.24
1353;9;-7.68;43.23
1355;8;-6.97;43.23
1357;13;-6.86;43.23
1358;5;-6.85;43.23
1359;13;-6.78;43.23
1361;4;-6.35;43.23
1363;4;-6.14;43.24
1365;3;-5.99;43.23
1367;7;-5.86;43.23
1368;3;-5.84;43.23
1370;4;-5.77;43.23
1372;4;-5.64;43.23
1374;4;-5.27;43.23
1375;7;-5.16;43.23
1376;7;-5.12;43.23
1377;7;-4.82;43.23
1378;7;-4.76;43.23
1380;7;-4.74;43.23
1381;12;-4.67;43.24
1382;11;-4.66;43.23
1383;9;-4.60;43.23
1384;4;-4.53;43.23
1385;7;-4.51;43.23
1386;3;-4.47;43.23
1390;4;-3.68;43.23
1391;9;-3.67;43.23
1392;8;-3.61;43.23
1393;12;-3.59;43.24
1394;14;-3.51;43.23
1395;9;-3.49;43.23
1396;4;-3.48;43.23
1397;4;-3.27;43.23
1399;4;-2.38;43.23
1401;10;-2.05;43.23
1402;5;-1.94;43.23
1403;5;-1.86;43.23
1404;7;-1.77;43.23
1405;2;-1.76;43.23
1406;2;-1.65;43.23
1408;7;-1.51;43.23
1409;7;-1.42;43.23
1410;3;-1.40;43.23
1411;5;-2.61;43.25
1412;7;-5.19;43.24
1413;11;-3.78;43.24
1414;4;-7.02;43.23
1415;2;-6.04;43.24
1417;9;-4.83;43.24
1418;8;-4.70;43.23
1420;4;-2.72;43.23
1421;3;-1.45;43.24
1422;4;-7.08;43.23
1424;4;-6.47;43.23
1425;7;-5.45;43.23
1426;7;-5.38;43.23
1427;3;-5.31;43.23
1428;4;-5.03;43.24
1429;8;-4.90;43.24
1433;4;-3.46;43.23
1434;9;-2.59;43.23
1435;4;-2.26;43.23
1436;2;-1.84;43.23
1439;7;-1.47;43.24
1441;9;-7.66;43.23
1442;8;-6.96;43.23
1443;5;-6.89;43.23
1444;9;-6.88;43.23
1445;5;-6.79;43.23
1446;7;-6.37;43.23
1447;3;-6.35;43.23
1448;6;-6.26;43.23
1450;2;-6.06;43.23
1451;6;-6.02;43.23
1452;4;-6.01;43.23
1455;4;-5.82;43.24
1457;4;-5.55;43.23
1458;4;-5.48;43.23
1459;3;-5.39;43.23
1462;4;-4.98;43.23
1464;8;-4.88;43.23
1465;8;-4.85;43.23
1466;3;-4.82;43.23
1467;3;-4.77;43.23
1468;11;-4.67;43.23
1469;14;-4.66;43.23
1470;9;-4.64;43.23
1471;14;-4.62;43.23
1472;9;-4.57;43.23
1473;4;-4.55;43.23
1474;5;-4.54;43.23
1475;7;-4.53;43.23
1477;4;-4.23;43.23
1478;4;-4.17;43.23
1479;4;-3.69;43.35
1481;5;-3.97;43.23
1482;11;-3.74;43.23
1483;6;-3.71;43.23
1484;4;-3.70;43.23
1485;7;-3.64;43.23
1486;11;-3.60;43.23
1487;2;-3.47;43.23
1489;2;-3.26;43.23
1490;4;-3.13;43.23
1492;4;-2.43;43.23
1493;4;-2.31;43.23
1494;2;-2.20;43.23
1495;10;-2.02;43.23
1497;2;-1.75;43.23
1499;3;-1.48;43.23
1500;7;-1.39;43.24
1502;4;-3.72;43.23
1503;8;-6.76;43.23
1504;5;-5.12;43.24
1505;4;-5.21;43.23
1506;2;-5.06;43.23
1507;11;-4.71;43.22
1508;4;-3.21;43.23
1509;5;-1.52;43.23
1511;4;-5.33;43.23
1512;7;-5.24;43.22
1514;12;-4.63;43.22
1515;10;-4.61;43.22
1517;9;-3.55;43.23
1518;4;-3.16;43.23
1519;4;-2.91;43.22
1520;2;-2.86;43.22
1521;5;-1.87;43.22
1522;4;-7.81;43.22
1523;9;-7.67;43.22
1525;5;-6.84;43.22
1526;4;-6.62;43.22
1527;3;-6.41;43.22
1528;7;-6.40;43.22
1529;7;-6.31;43.22
1530;4;-6.29;43.22
1531;8;-6.08;43.22
1532;6;-6.03;43.22
1533;6;-6.00;43.22
1534;4;-5.50;43.22
1535;2;-5.46;43.22
1536;3;-5.40;43.22
1537;3;-5.35;43.22
1539;7;-5.31;43.22
1540;7;-5.29;43.22
1541;3;-5.20;43.22
1542;5;-5.09;43.22
1543;4;-5.06;43.22
1544;11;-4.88;43.22
1545;7;-4.79;43.22
1546;12;-4.66;43.22
1549;4;-4.16;43.22
1550;5;-3.81;43.22
1551;5;-3.78;43.22
1552;6;-3.64;43.22
1553;4;-3.62;43.22
1554;10;-3.60;43.22
1555;8;-3.58;43.22
1556;8;-3.55;43.22
1557;10;-3.49;43.22
1558;4;-3.48;43.22
1560;4;-3.26;43.22
1561;4;-3.00;43.22
1562;2;-2.82;43.22
1563;4;-2.80;43.22
1564;4;-2.58;43.22
1565;4;-2.44;43.22
1566;9;-2.14;43.22
1567;9;-2.10;43.22
1568;10;-2.03;43.22
1571;4;-6.50;43.23
1572;13;-6.82;43.23
1573;4;-5.16;43.22
1576;4;-5.10;43.22
1577;5;-4.57;43.23
1578;4;-2.52;43.22
1580;9;-7.70;43.21
1581;8;-7.00;43.21
1582;5;-6.87;43.22
1585;4;-5.30;43.21
1587;5;-4.91;43.21
1588;6;-4.89;43.21
1589;14;-4.67;43.21
1591;4;-4.18;43.21
1593;5;-3.94;43.21
1594;7;-3.65;43.21
1595;2;-3.46;43.21
1596;4;-2.66;43.21
1597;4;-2.33;43.21
1598;9;-2.21;43.24
1599;2;-1.69;43.22
1601;4;-7.10;43.21
1602;4;-7.04;43.21
1603;4;-6.64;43.21
1604;4;-6.48;43.21
1605;4;-6.40;43.21
1606;13;-6.08;43.21
1607;10;-6.06;43.21
1608;4;-6.00;43.21
1611;7;-5.43;43.21
1612;5;-5.42;43.21
1613;7;-5.40;43.21
1615;3;-5.33;43.21
1616;4;-5.32;43.21
1617;3;-5.31;43.21
1619;4;-5.24;43.21
1620;7;-5.14;43.21
1621;4;-5.13;43.21
1622;7;-5.12;43.21
1623;8;-4.88;43.21
1624;6;-4.80;43.21
1625;4;-4.75;43.21
1626;14;-4.63;43.21
1627;11;-4.62;43.21
1628;12;-4.60;43.21
1630;7;-4.55;43.21
1635;5;-3.75;43.21
1637;4;-3.64;43.21
1638;3;-3.62;43.21
1639;4;-3.47;43.21
1642;4;-3.16;43.21
1643;4;-3.14;43.21
1644;4;-3.02;43.21
1646;4;-2.79;43.21
1647;4;-2.56;43.21
1648;4;-2.40;43.21
1649;4;-2.37;43.21
1650;2;-2.18;43.21
1651;9;-2.12;43.21
1652;5;-2.05;43.21
1654;5;-1.94;43.21
1655;5;-1.83;43.21
1657;3;-1.52;43.21
1658;3;-1.49;43.21
1659;4;-7.74;43.22
1660;6;-6.30;43.24
1661;6;-6.16;43.21
1662;4;-6.05;43.21
1663;4;-4.01;43.22
1664;9;-7.65;43.21
1665;13;-6.90;43.21
1666;7;-6.33;43.21
1668;3;-4.53;43.21
1669;6;-3.66;43.22
1670;3;-1.46;43.21
1672;8;-7.03;43.20
1674;9;-6.85;43.21
1675;4;-5.49;43.20
1677;7;-5.45;43.20
1679;7;-5.08;43.20
1680;2;-5.06;43.20
1681;5;-4.70;43.20
1682;11;-4.65;43.21
1683;4;-4.56;43.20
1684;3;-4.49;43.21
1685;5;-3.86;43.22
1686;6;-3.73;43.20
1688;4;-2.98;43.20
1689;4;-2.77;43.20
1690;4;-2.70;43.20
1693;4;-7.00;43.20
1695;13;-6.88;43.20
1696;5;-6.84;43.20
1697;9;-6.83;43.20
1698;13;-6.82;43.20
1699;5;-6.79;43.20
1700;4;-6.65;43.20
1702;7;-6.29;43.20
1704;12;-6.07;43.20
1705;9;-6.06;43.20
1706;4;-6.02;43.20
1710;4;-5.68;43.20
1712;4;-5.43;43.20
1713;4;-5.31;43.20
1714;4;-5.25;43.20
1715;7;-5.24;43.20
1716;7;-5.17;43.20
1717;5;-5.11;43.20
1718;14;-4.66;43.20
1725;3;-3.64;43.20
1726;9;-3.62;43.20
1727;14;-3.59;43.20
1728;11;-3.58;43.20
1729;8;-3.55;43.20
1731;4;-3.29;43.20
1732;4;-3.24;43.20
1733;4;-3.18;43.20
1734;4;-3.13;43.20
1735;4;-3.01;43.20
1736;4;-2.91;43.20
1737;4;-2.67;43.20
1738;4;-2.54;43.20
1739;4;-2.52;43.20
1740;4;-2.48;43.20
1741;4;-2.46;43.20
1742;14;-2.18;43.20
1743;9;-2.16;43.20
1744;5;-2.07;43.20
1745;9;-1.89;43.20
1746;2;-1.71;43.20
1748;4;-1.52;43.20
1750;3;-1.40;43.21
1751;5;-5.44;43.21
1752;7;-5.20;43.20
1753;4;-5.03;43.20
1755;4;-3.07;43.21
1756;5;-7.68;43.21
1758;8;-6.77;43.19
1759;7;-5.29;43.19
1760;8;-4.92;43.20
1762;9;-3.70;43.20
1763;4;-2.28;43.20
1764;5;-2.02;43.23
1765;4;-7.80;43.19
1766;9;-7.66;43.19
1769;4;-7.03;43.19
1771;8;-7.01;43.19
1772;4;-6.98;43.19
1773;8;-6.94;43.19
1774;5;-6.89;43.19
1775;9;-6.88;43.19
1776;13;-6.85;43.19
1777;13;-6.83;43.19
1778;4;-6.54;43.19
1780;4;-6.47;43.19
1782;7;-6.11;43.19
1783;10;-6.06;43.19
1784;4;-6.01;43.19
1785;7;-5.51;43.19
1787;6;-5.45;43.19
1788;6;-5.42;43.19
1789;7;-5.39;43.19
1791;4;-5.27;43.19
1793;2;-5.23;43.19
1794;4;-5.21;43.19
1795;7;-5.13;43.19
1797;4;-5.00;43.19
1798;5;-4.91;43.19
1799;14;-4.72;43.19
1800;12;-4.64;43.19
1801;7;-4.56;43.19
1806;5;-3.93;43.19
1807;5;-3.89;43.19
1808;10;-3.49;43.19
1809;6;-3.34;43.19
1810;4;-3.20;43.19
1811;4;-2.99;43.19
1813;2;-2.76;43.19
1814;4;-2.71;43.19
1815;4;-2.57;43.19
1816;4;-2.43;43.19
1817;4;-2.35;43.19
1818;4;-2.32;43.19
1820;9;-2.25;43.19
1821;2;-2.15;43.19
1822;9;-2.13;43.19
1823;2;-2.10;43.19
1825;5;-2.00;43.19
1826;5;-1.78;43.19
1827;2;-1.72;43.19
1831;4;-1.53;43.19
1833;4;-1.51;43.19
1834;3;-1.50;43.19
1835;3;-1.43;43.19
1836;2;-4.99;43.21
1838;7;-6.40;43.20
1839;2;-6.03;43.20
1840;11;-3.60;43.20
1841;2;-3.47;43.19
1842;4;-1.39;43.20
1843;4;-6.42;43.19
1844;3;-5.40;43.19
1845;6;-5.07;43.19
1846;3;-4.58;43.19
1847;4;-3.36;43.22
1848;4;-2.62;43.19
1849;9;-2.09;43.19
1850;4;-7.08;43.18
1851;13;-6.79;43.18
1852;10;-6.13;43.21
1853;7;-5.35;43.20
1854;3;-5.27;43.21
1857;6;-3.64;43.19
1858;8;-3.53;43.19
1859;2;-3.33;43.18
1860;4;-3.27;43.18
1861;4;-2.94;43.18
1863;4;-8.42;43.18
1864;4;-7.65;43.18
1867;8;-7.04;43.18
1869;4;-7.02;43.18
1870;13;-6.89;43.18
1871;4;-6.69;43.18
1872;4;-6.63;43.18
1875;6;-6.48;43.18
1876;4;-6.40;43.18
1877;3;-6.35;43.18
1878;7;-6.32;43.18
1879;4;-6.31;43.18
1880;17;-6.12;43.18
1881;13;-6.06;43.18
1882;4;-5.87;43.18
1884;4;-5.67;43.18
1885;4;-5.62;43.18
1886;7;-5.52;43.18
1887;7;-5.44;43.18
1889;7;-5.33;43.18
1890;4;-5.16;43.18
1891;7;-5.10;43.18
1892;3;-5.05;43.18
1893;6;-5.04;43.18
1894;4;-5.02;43.18
1895;13;-4.92;43.18
1896;9;-4.73;43.18
1897;3;-4.49;43.18
1898;4;-4.42;43.18
1903;5;-3.91;43.18
1904;5;-3.85;43.18
1906;12;-3.54;43.20
1907;8;-3.56;43.18
1908;12;-3.53;43.18
1909;12;-3.50;43.18
1910;4;-3.47;43.18
1911;9;-3.42;43.18
1912;5;-3.40;43.18
1913;9;-3.39;43.18
1914;4;-3.31;43.18
1915;2;-3.29;43.18
1916;4;-3.17;43.18
1917;4;-3.09;43.18
1918;4;-3.01;43.18
1920;4;-2.79;43.18
1921;4;-2.29;43.18
1923;4;-2.26;43.18
1924;9;-2.15;43.18
1925;9;-2.10;43.18
1927;2;-2.00;43.18
1928;5;-1.99;43.18
1929;5;-1.77;43.18
1930;2;-1.74;43.18
1931;3;-1.68;43.18
1933;6;-4.86;43.25
1934;2;-3.26;43.20
1936;4;-4.02;43.19
1937;11;-6.07;43.19
1938;8;-4.62;43.19
1939;5;-3.97;43.19
1940;9;-6.82;43.19
1942;5;-6.05;43.18
1943;12;-4.60;43.18
1945;4;-2.40;43.18
1946;5;-2.20;43.19
1947;5;-2.04;43.18
1949;11;-6.10;43.18
1950;10;-6.08;43.18
1952;4;-5.70;43.17
1954;5;-5.08;43.18
1955;11;-4.89;43.18
1956;11;-4.70;43.19
1957;5;-4.55;43.18
1958;5;-3.87;43.18
1959;5;-3.82;43.18
1961;4;-3.15;43.18
1963;7;-1.46;43.19
1964;4;-8.12;43.17
1965;4;-7.78;43.17
1967;4;-7.03;43.17
1968;8;-6.94;43.17
1969;9;-6.89;43.17
1970;9;-6.85;43.17
1971;5;-6.84;43.17
1972;13;-6.82;43.17
1973;4;-6.67;43.17
1974;4;-6.54;43.17
1976;7;-6.34;43.17
1977;4;-6.32;43.17
1978;3;-6.31;43.17
1979;4;-6.29;43.17
1980;9;-6.12;43.17
1981;10;-6.06;43.17
1982;3;-6.03;43.17
1983;4;-5.94;43.17
1986;4;-5.81;43.17
1987;7;-5.49;43.17
1989;3;-5.43;43.17
1990;4;-5.19;43.17
1991;7;-5.18;43.17
1992;7;-5.13;43.17
1993;6;-5.09;43.17
1994;3;-5.06;43.17
1995;6;-5.05;43.17
1996;2;-5.01;43.18
1997;8;-4.88;43.17
1998;6;-4.73;43.17
1999;8;-4.70;43.17
2000;12;-4.69;43.17
2001;12;-4.66;43.17
2002;7;-4.59;43.17
2003;7;-4.48;43.17
2006;4;-4.25;43.17
2009;4;-4.16;43.17
2010;4;-4.13;43.17
2012;4;-4.03;43.17
2013;9;-3.98;43.17
2014;9;-3.92;43.22
2015;5;-3.92;43.17
2016;9;-3.91;43.17
2017;5;-3.90;43.17
2018;11;-3.84;43.17
2019;5;-3.74;43.17
2020;5;-3.72;43.17
2021;5;-3.67;43.17
2022;4;-3.60;43.17
2023;9;-3.46;43.17
2024;7;-3.43;43.17
2025;5;-3.42;43.17
2026;9;-3.40;43.17
2027;4;-3.36;43.17
2028;6;-3.33;43.17
2029;4;-3.29;43.17
2031;4;-3.11;43.17
2032;4;-3.02;43.17
2033;4;-2.99;43.17
2034;4;-2.67;43.18
2035;4;-2.53;43.17
2036;9;-2.22;43.17
2037;2;-2.15;43.17
2038;9;-2.14;43.17
2039;9;-2.09;43.17
2040;5;-1.97;43.17
2041;9;-1.96;43.17
2042;9;-1.86;43.18
2045;9;-1.81;43.17
2047;3;-1.65;43.17
2048;2;-1.53;43.17
2049;3;-1.49;43.17
2050;3;-1.45;43.17
2051;3;-1.41;43.17
2052;2;-4.81;43.19
2053;4;-7.75;43.17
2054;6;-6.01;43.18
2056;5;-6.87;43.17
2057;7;-6.41;43.17
2060;4;-5.24;43.18
2061;4;-4.98;43.17
2062;14;-2.18;43.17
2063;4;-7.68;43.17
2064;4;-6.58;43.22
2065;8;-6.56;43.17
2066;6;-6.24;43.16
2069;4;-5.64;43.17
2071;5;-5.34;43.17
2072;5;-5.25;43.17
2075;6;-3.35;43.16
2076;2;-3.31;43.17
2077;2;-3.27;43.17
2078;9;-2.26;43.17
2080;9;-2.06;43.17
2082;4;-8.34;43.17
2083;4;-8.30;43.16
2084;4;-7.65;43.16
2086;4;-7.43;43.16
2087;4;-7.07;43.16
2088;8;-6.95;43.16
2090;5;-6.90;43.16
2091;13;-6.89;43.16
2092;9;-6.83;43.16
2093;5;-6.80;43.16
2096;4;-6.44;43.16
2097;3;-6.29;43.18
2098;4;-6.27;43.16
2099;6;-6.14;43.18
2100;17;-6.11;43.16
2101;4;-5.93;43.16
2102;4;-5.50;43.16
2104;4;-5.48;43.16
2105;7;-5.45;43.16
2106;5;-5.44;43.16
2107;7;-5.42;43.16
2108;4;-5.38;43.16
2109;7;-5.32;43.16
2111;7;-5.20;43.16
2112;4;-5.12;43.16
2113;8;-4.93;43.16
2114;11;-4.91;43.16
2115;10;-4.89;43.16
2116;6;-4.86;43.20
2117;7;-4.78;43.17
2118;5;-4.73;43.16
2119;11;-4.70;43.16
2120;5;-4.60;43.16
2122;2;-4.54;43.16
2123;7;-4.29;43.16
2124;7;-4.23;43.16
2126;4;-4.15;43.16
2129;4;-3.98;43.16
2130;9;-3.83;43.16
2131;5;-3.81;43.16
2132;11;-3.78;43.16
2133;5;-3.76;43.16
2134;7;-3.46;43.16
2135;9;-3.43;43.16
2136;5;-3.39;43.17
2138;2;-3.33;43.16
2140;4;-3.26;43.16
2142;4;-3.08;43.16
2144;4;-2.79;43.16
2146;4;-2.65;43.16
2147;4;-2.44;43.16
2148;14;-2.21;43.16
2149;5;-2.19;43.16
2150;3;-2.01;43.16
2151;3;-1.99;43.16
2152;12;-1.97;43.16
2154;12;-1.90;43.16
2155;3;-1.89;43.16
2157;4;-1.77;43.16
2158;5;-1.70;43.16
2159;3;-1.68;43.16
2160;2;-1.55;43.16
2162;4;-6.75;43.19
2163;9;-3.80;43.21
2164;4;-6.94;43.20
2165;8;-6.47;43.19
2166;4;-5.29;43.17
2167;2;-1.70;43.17
2168;4;-7.62;43.16
2169;4;-3.50;43.16
2170;9;-2.33;43.16
2172;8;-6.61;43.16
2173;6;-6.52;43.16
2174;3;-6.37;43.16
2175;3;-6.33;43.16
2177;4;-5.67;43.15
2178;7;-5.29;43.16
2179;8;-4.68;43.17
2181;3;-4.35;43.16
2182;3;-4.25;43.16
2184;4;-2.60;43.17
2185;2;-2.13;43.17
2186;4;-1.87;43.16
2189;4;-8.12;43.15
2191;4;-7.89;43.15
2192;4;-7.67;43.15
2193;5;-7.47;43.15
2194;8;-7.01;43.15
2196;13;-6.90;43.15
2197;4;-6.89;43.15
2200;8;-6.82;43.15
2201;9;-6.79;43.15
2202;4;-6.66;43.15
2204;5;-6.56;43.15
2205;8;-6.51;43.15
2206;8;-6.46;43.15
2208;3;-6.40;43.15
2209;3;-6.27;43.15
2211;10;-6.16;43.15
2212;9;-6.12;43.15
2213;10;-6.06;43.15
2214;4;-6.00;43.15
2215;4;-5.95;43.15
2217;4;-5.77;43.15
2218;4;-5.70;43.15
2221;3;-5.54;43.15
2222;11;-5.44;43.15
2223;11;-5.42;43.15
2224;7;-5.37;43.15
2225;4;-5.35;43.15
2226;5;-5.30;43.15
2227;5;-5.26;43.15
2228;4;-5.24;43.15
2229;7;-5.18;43.15
2230;4;-5.11;43.15
2231;9;-4.95;43.15
2232;9;-4.93;43.15
2233;5;-4.91;43.15
2234;7;-4.74;43.15
2235;10;-4.72;43.16
2236;12;-4.70;43.15
2237;7;-4.66;43.15
2238;5;-4.64;43.15
2239;4;-4.54;43.15
2240;11;-3.81;43.15
2241;11;-3.77;43.15
2242;9;-3.75;43.15
2243;5;-3.74;43.15
2244;9;-3.73;43.15
2245;9;-3.68;43.15
2246;9;-3.65;43.15
2248;6;-3.36;43.15
2249;4;-3.28;43.15
2250;4;-2.86;43.15
2251;4;-2.83;43.15
2252;2;-2.76;43.15
2253;4;-2.75;43.15
2254;4;-2.42;43.15
2255;9;-2.24;43.15
2256;9;-2.21;43.15
2258;9;-2.19;43.15
2259;9;-2.10;43.15
2260;9;-2.08;43.15
2261;5;-2.01;43.15
2262;3;-1.90;43.15
2263;12;-1.89;43.15
2264;4;-1.82;43.16
2265;4;-1.75;43.15
2266;4;-1.72;43.15
2267;3;-1.70;43.15
2269;6;-6.37;43.20
2270;6;-5.79;43.16
2271;3;-5.49;43.16
2272;6;-6.30;43.15
2273;4;-5.15;43.15
2276;5;-3.62;43.15
2277;4;-3.17;43.15
2278;4;-2.75;43.17
2279;4;-1.44;43.16
2280;4;-7.83;43.15
2282;7;-6.33;43.15
2283;4;-5.45;43.36
2284;11;-6.09;43.15
2285;4;-5.62;43.15
2286;4;-5.59;43.20
2287;7;-4.85;43.15
2288;7;-4.25;43.15
2289;5;-3.72;43.15
2291;4;-3.05;43.15
2292;4;-2.69;43.15
2293;5;-1.97;43.15
2294;12;-1.95;43.15
2295;4;-7.88;43.16
2296;4;-7.01;43.14
2297;8;-7.00;43.14
2298;4;-6.79;43.14
2299;9;-6.62;43.14
2301;8;-6.47;43.14
2302;3;-6.39;43.14
2303;3;-6.34;43.14
2304;3;-6.31;43.14
2305;4;-6.27;43.14
2306;3;-6.25;43.14
2307;6;-6.24;43.14
2308;3;-6.22;43.14
2310;6;-6.16;43.14
2311;12;-6.15;43.14
2312;10;-6.10;43.14
2316;6;-5.46;43.14
2317;11;-5.45;43.14
2318;7;-5.38;43.14
2319;6;-5.33;43.15
2320;7;-5.31;43.14
2321;6;-5.30;43.14
2322;4;-5.21;43.14
2323;4;-5.02;43.15
2324;9;-4.86;43.14
2325;11;-4.80;43.14
2326;5;-4.74;43.14
2327;3;-4.29;43.14
2328;4;-4.27;43.15
2329;4;-4.19;43.14
2330;11;-3.74;43.14
2331;5;-3.67;43.14
2332;9;-3.64;43.14
2333;9;-3.45;43.14
2334;5;-3.42;43.14
2335;9;-3.39;43.14
2336;4;-3.34;43.14
2337;4;-3.30;43.14
2338;4;-3.10;43.14
2341;4;-2.65;43.14
2342;4;-2.62;43.14
2343;4;-2.51;43.14
2344;9;-2.37;43.14
2345;9;-2.31;43.14
2346;9;-2.28;43.14
2347;9;-2.20;43.14
2348;9;-2.15;43.14
2349;9;-2.12;43.14
2350;2;-2.09;43.15
2351;12;-1.91;43.14
2352;5;-1.89;43.14
2354;4;-1.76;43.14
2356;2;-1.61;43.21
2357;9;-3.79;43.16
2358;4;-2.55;43.15
2359;6;-6.41;43.15
2360;4;-5.74;43.17
2361;6;-3.59;43.15
2362;4;-3.57;43.15
2364;9;-4.78;43.15
2365;11;-3.43;43.15
2367;5;-1.65;43.16
2368;4;-6.95;43.14
2369;4;-6.84;43.14
2370;9;-6.07;43.14
2371;17;-6.06;43.14
2372;4;-5.68;43.14
2373;7;-5.61;43.14
2374;3;-5.59;43.14
2375;7;-5.51;43.14
2376;5;-4.82;43.14
2377;7;-4.73;43.14
2378;9;-4.71;43.14
2383;5;-3.81;43.14
2384;9;-2.05;43.14
2385;9;-2.02;43.14
2386;4;-1.71;43.14
2387;4;-1.40;43.14
2389;4;-8.47;43.13
2390;4;-7.85;43.13
2392;4;-7.00;43.13
2393;8;-6.98;43.13
2394;8;-6.66;43.13
2395;9;-6.65;43.13
2396;5;-6.62;43.13
2397;5;-6.58;43.13
2398;4;-6.52;43.13
2399;8;-6.48;43.13
2400;6;-6.34;43.13
2401;8;-6.27;43.13
2402;12;-6.26;43.13
2403;5;-6.18;43.13
2405;6;-6.10;43.13
2406;9;-6.09;43.13
2407;17;-6.08;43.13
2410;3;-5.65;43.13
2411;3;-5.62;43.13
2412;4;-5.58;43.13
2414;5;-5.45;43.13
2416;11;-5.42;43.13
2417;4;-5.34;43.13
2418;6;-5.27;43.13
2419;4;-5.24;43.13
2421;8;-5.21;43.13
2422;7;-5.20;43.13
2423;4;-4.98;43.13
2424;9;-4.90;43.13
2425;9;-4.74;43.13
2427;3;-4.28;43.13
2428;7;-4.27;43.13
2429;9;-3.85;43.13
2430;11;-3.80;43.13
2431;5;-3.79;43.13
2432;5;-3.77;43.13
2433;9;-3.75;43.13
2434;5;-3.74;43.13
2435;5;-3.66;43.13
2436;9;-3.61;43.13
2438;9;-3.41;43.13
2439;4;-3.35;43.13
2440;4;-3.33;43.13
2441;4;-3.29;43.13
2442;4;-2.82;43.13
2445;4;-2.73;43.13
2446;9;-2.32;43.13
2447;14;-2.30;43.13
2448;9;-2.22;43.13
2449;9;-2.13;43.13
2450;2;-2.03;43.13
2451;17;-1.95;43.13
2456;7;-1.70;43.13
2457;3;-1.65;43.13
2458;2;-1.62;43.13
2460;2;-3.19;43.14
2463;4;-7.61;43.13
2464;7;-5.63;43.13
2465;9;-5.08;43.15
2466;4;-2.79;43.13
2468;4;-8.33;43.14
2469;4;-6.67;43.13
2470;8;-6.23;43.13
2472;6;-6.15;43.13
2473;4;-6.14;43.13
2474;4;-5.64;43.13
2475;3;-5.57;43.13
2476;7;-4.62;43.14
2477;3;-4.34;43.13
2479;2;-3.26;43.14
2480;6;-2.65;43.13
2481;10;-1.97;43.13
2483;4;-1.44;43.13
2484;4;-8.37;43.13
2488;4;-7.41;43.13
2489;4;-6.77;43.13
2491;13;-6.58;43.14
2493;4;-6.48;43.13
2494;5;-6.19;43.13
2496;4;-6.09;43.13
2497;4;-5.89;43.13
2499;6;-5.77;43.14
2500;4;-5.76;43.13
2501;6;-5.75;43.13
2502;7;-5.66;43.13
2503;4;-5.52;43.13
2504;3;-5.51;43.13
2505;4;-5.32;43.13
2506;11;-5.29;43.13
2507;4;-5.18;43.13
2508;3;-5.16;43.13
2509;7;-5.04;43.13
2510;9;-4.83;43.13
2511;9;-4.79;43.13
2512;9;-4.75;43.13
2513;5;-4.62;43.13
2516;7;-4.34;43.13
2517;4;-4.25;43.13
2521;9;-3.72;43.13
2522;9;-3.70;43.13
2523;9;-3.66;43.13
2524;7;-3.63;43.13
2525;11;-3.61;43.13
2526;4;-3.53;43.13
2527;4;-3.32;43.13
2528;4;-3.04;43.13
2530;4;-2.77;43.13
2531;6;-2.69;43.13
2532;4;-2.63;43.13
2533;9;-2.09;43.13
2534;2;-2.05;43.13
2535;9;-2.03;43.13
2536;2;-2.01;43.13
2537;12;-2.00;43.13
2539;5;-1.63;43.13
2541;8;-6.13;43.14
2542;5;-5.14;43.16
2543;7;-4.92;43.13
2544;2;-2.85;43.16
2546;4;-6.31;43.13
2547;10;-4.95;43.13
2548;3;-1.68;43.13
2551;4;-2.40;43.13
2552;9;-2.07;43.13
2555;13;-6.64;43.13
2556;6;-6.37;43.12
2557;4;-5.72;43.12
2558;4;-5.60;43.12
2559;5;-5.39;43.16
2560;9;-4.65;43.14
2562;4;-2.67;43.13
2563;4;-2.59;43.12
2564;4;-2.53;43.13
2565;17;-1.98;43.12
2567;7;-1.65;43.13
2569;4;-8.36;43.12
2571;4;-7.83;43.12
2574;5;-7.43;43.12
2575;4;-7.42;43.12
2577;5;-6.57;43.12
2578;5;-6.53;43.12
2579;4;-6.52;43.12
2582;6;-6.35;43.12
2583;8;-6.27;43.12
2584;9;-6.19;43.12
2586;11;-6.10;43.12
2587;3;-6.09;43.12
2588;4;-6.05;43.12
2589;8;-6.00;43.12
2590;4;-5.90;43.12
2593;3;-5.62;43.12
2594;7;-5.57;43.12
2595;7;-5.52;43.12
2596;4;-5.51;43.12
2599;2;-5.39;43.12
2600;7;-5.35;43.12
2602;8;-5.23;43.12
2603;7;-5.18;43.12
2604;6;-5.08;43.12
2605;5;-4.65;43.12
2607;7;-4.26;43.12
2609;5;-3.80;43.12
2610;9;-3.79;43.12
2611;9;-3.73;43.12
2612;9;-3.68;43.12
2613;7;-3.65;43.12
2614;11;-3.63;43.12
2615;4;-3.58;43.12
2616;9;-3.48;43.12
2617;8;-3.45;43.12
2618;9;-3.43;43.12
2619;4;-3.07;43.12
2621;4;-2.88;43.12
2622;4;-2.84;43.12
2623;4;-2.80;43.12
2625;4;-2.75;43.12
2626;4;-2.48;43.12
2627;9;-2.38;43.12
2628;14;-2.26;43.12
2629;14;-1.96;43.12
2630;17;-1.93;43.12
2631;12;-1.91;43.12
2632;4;-1.83;43.12
2634;3;-1.64;43.12
2635;4;-1.42;43.12
2636;6;-3.53;43.14
2637;4;-8.40;43.14
2638;9;-7.46;43.13
2639;11;-6.24;43.12
2640;2;-3.34;43.13
2643;5;-3.45;43.12
2645;11;-6.04;43.12
2646;4;-5.94;43.12
2647;5;-5.19;43.12
2648;9;-4.73;43.12
2649;5;-3.84;43.14
2650;6;-3.55;43.11
2651;4;-7.92;43.13
2652;5;-7.48;43.11
2653;11;-5.49;43.11
2654;4;-3.36;43.11
2656;2;-2.89;43.11
2657;6;-2.63;43.11
2658;9;-2.13;43.11
2661;4;-7.80;43.11
2663;13;-6.59;43.11
2665;6;-6.37;43.11
2666;6;-6.33;43.11
2667;4;-6.29;43.11
2668;9;-6.22;43.11
2669;8;-6.20;43.11
2670;11;-6.18;43.11
2671;3;-6.10;43.11
2672;11;-6.09;43.11
2673;4;-6.08;43.11
2674;3;-6.06;43.11
2676;4;-6.01;43.14
2677;6;-5.88;43.11
2678;6;-5.78;43.11
2679;7;-5.61;43.11
2680;7;-5.51;43.11
2681;3;-5.46;43.11
2682;3;-5.42;43.11
2684;7;-5.13;43.11
2685;9;-4.91;43.11
2686;4;-4.48;43.11
2687;3;-4.35;43.11
2688;7;-4.33;43.11
2689;4;-3.96;43.11
2691;5;-3.68;43.11
2692;9;-3.63;43.11
2694;11;-3.48;43.11
2695;9;-3.46;43.11
2697;2;-3.27;43.11
2698;4;-3.09;43.11
2699;4;-2.82;43.11
2700;4;-2.76;43.11
2701;4;-2.71;43.11
2702;4;-2.69;43.11
2703;2;-2.67;43.11
2704;14;-2.29;43.11
2705;9;-2.16;43.11
2706;9;-2.10;43.11
2707;2;-2.06;43.11
2708;9;-2.05;43.11
2709;17;-1.96;43.11
2710;17;-1.94;43.11
2711;10;-1.93;43.11
2712;5;-1.75;43.11
2715;4;-1.48;43.11
2716;4;-1.43;43.11
2717;4;-1.29;43.11
2718;9;-6.61;43.12
2720;4;-1.70;43.11
2721;4;-1.61;43.12
2722;5;-6.63;43.11
2723;4;-5.82;43.17
2724;9;-4.60;43.12
2725;4;-4.07;43.17
2727;10;-1.95;43.10
2728;5;-6.59;43.10
2729;6;-6.50;43.13
2730;12;-6.21;43.10
2731;7;-5.92;43.10
2732;4;-5.85;43.10
2735;2;-5.25;43.13
2736;5;-4.67;43.10
2737;7;-4.60;43.10
2738;4;-4.21;43.12
2739;9;-3.37;43.10
2742;4;-2.52;43.10
2743;9;-2.24;43.10
2744;5;-1.97;43.10
2745;5;-1.91;43.12
2746;2;-1.59;43.10
2747;4;-8.43;43.10
2749;4;-7.91;43.10
2750;4;-7.51;43.10
2751;4;-7.45;43.10
2752;3;-6.75;43.10
2753;8;-6.69;43.10
2754;9;-6.66;43.10
2755;5;-6.65;43.10
2756;4;-6.54;43.10
2757;8;-6.49;43.10
2759;4;-6.31;43.10
2760;9;-6.29;43.10
2761;12;-6.28;43.10
2762;9;-6.19;43.10
2763;4;-6.18;43.10
2764;4;-6.06;43.10
2765;11;-6.05;43.10
2766;4;-6.03;43.10
2767;3;-6.02;43.10
2768;3;-5.93;43.10
2771;4;-5.48;43.10
2772;11;-5.46;43.10
2773;3;-5.45;43.10
2774;6;-5.29;43.10
2775;5;-5.24;43.10
2776;9;-4.84;43.10
2777;9;-4.74;43.10
2778;9;-4.69;43.10
2779;9;-4.59;43.10
2780;4;-4.42;43.10
2781;7;-4.35;43.10
2784;4;-3.94;43.10
2786;9;-3.85;43.10
2787;8;-3.48;43.10
2788;10;-3.41;43.10
2789;2;-3.36;43.10
2792;4;-3.10;43.10
2793;4;-2.77;43.10
2794;6;-2.62;43.10
2795;4;-2.60;43.10
2796;4;-2.56;43.10
2797;9;-2.12;43.10
2799;9;-2.08;43.10
2800;3;-2.00;43.10
2801;5;-1.93;43.10
2802;4;-1.84;43.10
2803;5;-1.82;43.10
2804;4;-1.64;43.10
2805;9;-1.61;43.10
2806;4;-1.36;43.10
2807;4;-4.57;43.12
2808;4;-8.48;43.13
2809;7;-3.39;43.11
2810;4;-3.56;43.10
2811;5;-2.29;43.11
2812;6;-6.14;43.10
2813;9;-3.82;43.11
2815;3;-5.54;43.11
2816;5;-5.31;43.11
2817;9;-4.65;43.10
2819;4;-2.86;43.10
2820;2;-1.34;43.10
2821;4;-8.38;43.10
2822;4;-8.32;43.10
2823;4;-7.82;43.09
2824;8;-6.46;43.09
2825;8;-6.24;43.10
2827;3;-6.08;43.10
2828;7;-5.33;43.09
2829;6;-5.01;43.09
2830;7;-4.63;43.10
2831;9;-3.72;43.09
2832;5;-3.71;43.09
2833;7;-3.49;43.09
2834;7;-3.34;43.09
2835;7;-3.29;43.09
2836;2;-3.21;43.09
2837;4;-3.07;43.09
2838;7;-2.04;43.09
2840;4;-1.53;43.13
2841;4;-7.78;43.09
2842;11;-6.71;43.09
2843;13;-6.66;43.09
2845;11;-6.50;43.09
2846;11;-6.28;43.09
2847;9;-6.25;43.09
2848;11;-6.24;43.09
2850;8;-6.15;43.09
2851;11;-6.06;43.09
2852;4;-5.95;43.09
2853;3;-5.94;43.09
2854;7;-5.93;43.09
2855;6;-5.89;43.09
2856;4;-5.82;43.09
2857;7;-5.64;43.09
2858;11;-5.48;43.09
2859;3;-5.46;43.09
2860;3;-5.26;43.09
2861;11;-5.24;43.09
2862;3;-5.10;43.09
2863;6;-4.97;43.09
2864;9;-4.81;43.09
2865;7;-4.58;43.09
2866;4;-4.44;43.09
2867;4;-4.40;43.09
2868;7;-4.23;43.09
2870;5;-3.94;43.09
2871;4;-3.91;43.13
2873;6;-3.86;43.09
2874;11;-3.84;43.09
2875;9;-3.74;43.09
2876;7;-3.67;43.09
2877;7;-3.62;43.10
2880;12;-3.45;43.10
2881;10;-3.43;43.09
2882;12;-3.41;43.09
2883;4;-3.35;43.09
2885;2;-3.24;43.09
2888;4;-3.12;43.09
2890;4;-2.94;43.09
2891;4;-2.73;43.09
2892;4;-2.67;43.09
2893;4;-2.59;43.09
2894;6;-2.51;43.09
2895;4;-2.48;43.09
2896;9;-2.38;43.09
2897;14;-2.31;43.09
2898;9;-2.10;43.09
2899;2;-2.07;43.09
2900;5;-2.06;43.09
2901;5;-2.01;43.09
2902;12;-2.00;43.09
2904;4;-1.87;43.09
2905;4;-1.81;43.09
2906;5;-1.75;43.09
2907;7;-1.74;43.09
2908;2;-1.61;43.09
2909;4;-1.34;43.09
2910;7;-4.74;43.11
2911;4;-4.37;43.20
2912;4;-7.51;43.23
2913;2;-4.51;43.12
2914;2;-1.30;43.10
2915;4;-5.62;43.10
2916;5;-5.02;43.13
2917;7;-5.67;43.09
2918;4;-5.55;43.09
2919;4;-4.19;43.15
2920;5;-6.62;43.08
2921;5;-6.47;43.08
2922;12;-6.26;43.08
2924;4;-5.77;43.08
2925;5;-5.29;43.08
2926;5;-4.88;43.09
2927;9;-4.46;43.09
2928;4;-4.26;43.08
2931;4;-4.13;43.08
2932;4;-3.22;43.08
2933;9;-1.84;43.09
2934;7;-1.76;43.09
2935;9;-1.59;43.09
2937;4;-7.96;43.09
2938;4;-7.84;43.08
2940;3;-6.75;43.08
2941;5;-6.57;43.08
2942;4;-6.54;43.08
2943;5;-6.51;43.08
2944;13;-6.50;43.08
2945;11;-6.45;43.08
2947;5;-6.29;43.08
2948;9;-6.27;43.08
2949;8;-6.25;43.08
2950;12;-6.24;43.08
2951;9;-6.22;43.08
2953;4;-6.14;43.08
2954;3;-6.05;43.08
2955;7;-5.90;43.08
2956;4;-5.80;43.08
2958;3;-5.68;43.08
2959;3;-5.59;43.08
2960;3;-5.54;43.08
2962;6;-5.51;43.08
2963;7;-5.49;43.08
2964;4;-5.48;43.08
2965;11;-5.44;43.08
2966;8;-5.36;43.08
2967;6;-5.16;43.08
2968;3;-5.14;43.08
2969;3;-5.04;43.08
2970;8;-4.92;43.08
2971;5;-4.85;43.08
2972;11;-4.73;43.08
2973;9;-4.67;43.08
2974;7;-4.65;43.08
2975;12;-4.63;43.08
2976;5;-4.55;43.08
2977;7;-4.54;43.08
2978;4;-4.53;43.08
2979;4;-4.43;43.08
2981;3;-4.28;43.11
2982;4;-4.10;43.08
2983;5;-3.97;43.08
2984;11;-3.87;43.08
2985;6;-3.85;43.08
2987;6;-3.83;43.08
2988;12;-3.73;43.08
2989;8;-3.71;43.08
2990;8;-3.68;43.08
2991;8;-3.66;43.08
2992;10;-3.64;43.08
2993;5;-3.61;43.08
2994;8;-3.56;43.08
2995;5;-3.55;43.08
2996;5;-3.43;43.08
2997;3;-3.42;43.08
2998;7;-3.41;43.08
2999;2;-3.39;43.08
3000;12;-3.27;43.08
3001;5;-3.23;43.08
3002;5;-3.21;43.08
3003;7;-3.20;43.08
3004;7;-3.17;43.08
3006;4;-2.57;43.08
3007;6;-2.56;43.08
3008;4;-2.51;43.08
3009;9;-2.48;43.08
3010;9;-2.44;43.08
3011;9;-2.39;43.08
3012;5;-2.35;43.08
3013;9;-2.30;43.08
3014;3;-2.13;43.08
3015;10;-2.05;43.08
3016;5;-2.03;43.08
3017;21;-2.02;43.08
3019;9;-1.88;43.08
3020;12;-1.82;43.08
3021;7;-1.80;43.08
3022;4;-1.76;43.08
3023;7;-1.75;43.08
3024;5;-1.74;43.08
3025;4;-1.72;43.08
3026;4;-1.65;43.08
3027;2;-1.57;43.08
3028;4;-1.30;43.08
3029;3;-5.65;43.10
3030;3;-5.97;43.09
3031;2;-2.74;43.10
3032;4;-8.06;43.12
3033;5;-6.34;43.08
3034;3;-5.89;43.09
3036;9;-1.61;43.08
3037;9;-6.65;43.09
3038;6;-6.53;43.08
3039;6;-6.31;43.07
3040;11;-6.20;43.08
3042;6;-5.95;43.08
3043;7;-5.58;43.08
3044;3;-5.17;43.08
3045;5;-4.99;43.07
3046;4;-3.80;43.07
3047;9;-3.59;43.08
3049;12;-3.33;43.08
3050;7;-3.13;43.08
3051;9;-3.09;43.08
3052;4;-2.91;43.09
3053;9;-2.81;43.08
3054;4;-2.70;43.07
3055;16;-2.10;43.07
3056;5;-2.06;43.07
3057;12;-1.93;43.08
3058;4;-1.32;43.10
3059;4;-7.93;43.07
3061;4;-7.81;43.07
3062;4;-7.48;43.07
3063;4;-7.41;43.07
3064;3;-6.77;43.07
3065;5;-6.63;43.07
3066;5;-6.59;43.07
3067;5;-6.56;43.07
3068;11;-6.52;43.07
3069;11;-6.48;43.07
3070;13;-6.45;43.07
3071;8;-6.44;43.07
3072;6;-6.43;43.11
3073;13;-6.38;43.07
3074;5;-6.27;43.07
3075;9;-6.26;43.07
3076;11;-6.25;43.07
3077;9;-6.21;43.07
3079;3;-6.01;43.07
3080;4;-5.92;43.07
3081;4;-5.82;43.07
3083;4;-5.78;43.07
3084;3;-5.67;43.07
3085;4;-5.59;43.07
3086;3;-5.57;43.07
3087;3;-5.49;43.07
3088;11;-5.45;43.07
3089;7;-5.18;43.07
3090;8;-4.94;43.07
3091;9;-4.89;43.07
3092;9;-4.75;43.07
3093;7;-4.73;43.07
3094;11;-4.71;43.07
3095;8;-4.69;43.07
3096;10;-4.68;43.07
3097;4;-4.64;43.07
3098;13;-4.63;43.07
3099;10;-4.62;43.07
3100;16;-4.61;43.07
3101;12;-4.50;43.07
3102;12;-4.34;43.07
3103;8;-4.28;43.07
3104;5;-4.23;43.07
3105;5;-4.21;43.07
3107;4;-3.84;43.07
3109;8;-3.73;43.07
3110;12;-3.66;43.07
3111;9;-3.64;43.07
3112;12;-3.62;43.07
3113;10;-3.61;43.07
3114;8;-3.59;43.07
3115;8;-3.52;43.07
3116;8;-3.49;43.07
3117;8;-3.29;43.07
3118;4;-3.21;43.07
3119;5;-3.20;43.07
3121;4;-2.99;43.07
3122;4;-2.89;43.07
3124;6;-2.59;43.07
3125;9;-2.40;43.07
3126;5;-2.37;43.07
3127;9;-2.23;43.07
3128;9;-2.16;43.07
3129;16;-2.13;43.07
3130;4;-1.96;43.07
3131;7;-1.95;43.07
3132;12;-1.80;43.07
3134;4;-1.46;43.08
3136;6;-5.65;43.07
3138;2;-5.00;43.07
3139;7;-3.46;43.07
3142;3;-6.72;43.07
3144;5;-6.22;43.07
3146;3;-5.90;43.07
3150;3;-5.08;43.07
3151;11;-4.87;43.10
3152;5;-4.83;43.07
3153;12;-4.79;43.07
3154;5;-4.40;43.07
3157;4;-2.52;43.07
3158;10;-2.02;43.07
3159;9;-1.74;43.07
3160;4;-7.91;43.06
3161;4;-7.79;43.06
3162;4;-7.46;43.06
3163;7;-6.76;43.06
3164;4;-6.69;43.09
3166;5;-6.66;43.06
3167;3;-6.65;43.06
3168;4;-6.64;43.06
3169;7;-6.63;43.06
3170;5;-6.60;43.06
3171;9;-6.57;43.10
3172;9;-6.51;43.06
3173;13;-6.49;43.06
3174;7;-6.47;43.06
3175;5;-6.46;43.06
3176;9;-6.45;43.06
3178;4;-6.31;43.06
3179;5;-6.26;43.06
3180;5;-6.19;43.06
3182;8;-6.16;43.06
3183;8;-6.10;43.06
3185;6;-5.96;43.06
3186;4;-5.85;43.07
3187;4;-5.80;43.06
3188;4;-5.76;43.06
3189;4;-5.74;43.06
3191;3;-5.65;43.06
3192;4;-5.62;43.06
3193;4;-5.57;43.06
3194;3;-5.56;43.06
3195;3;-5.29;43.06
3197;5;-4.86;43.06
3198;8;-4.82;43.06
3199;8;-4.78;43.06
3200;9;-4.76;43.06
3201;11;-4.74;43.06
3202;8;-4.71;43.06
3203;5;-4.63;43.06
3204;18;-4.62;43.06
3205;12;-4.59;43.06
3206;12;-4.48;43.06
3207;9;-4.47;43.06
3208;12;-4.31;43.06
3209;5;-4.28;43.06
3210;5;-4.25;43.06
3211;4;-4.09;43.06
3212;4;-3.83;43.06
3213;5;-3.73;43.06
3214;8;-3.66;43.06
3215;5;-3.46;43.06
3216;3;-3.43;43.06
3218;12;-3.30;43.06
3219;5;-3.21;43.06
3220;4;-3.21;43.12
3221;7;-3.15;43.06
3222;5;-3.09;43.06
3224;4;-2.98;43.06
3225;2;-2.77;43.06
3226;4;-2.71;43.06
3228;9;-2.18;43.06
3229;9;-2.14;43.06
3230;16;-2.12;43.06
3231;3;-2.10;43.06
3232;8;-2.06;43.06
3233;17;-2.05;43.06
3234;21;-2.03;43.06
3235;7;-2.00;43.06
3236;4;-1.48;43.06
3237;5;-1.33;43.06
3238;7;-1.29;43.06
3239;2;-1.27;43.06
3240;10;-3.32;43.06
3241;9;-3.03;43.07
3242;4;-2.66;43.07
3243;11;-4.87;43.07
3244;5;-4.18;43.06
3246;9;-2.79;43.06
3248;5;-1.79;43.08
3249;7;-1.33;43.06
3251;6;-6.41;43.06
3252;8;-6.39;43.06
3253;11;-6.36;43.07
3254;9;-6.24;43.06
3255;3;-5.95;43.06
3257;6;-4.88;43.06
3258;8;-4.85;43.06
3259;10;-4.69;43.06
3260;11;-4.65;43.06
3261;5;-3.86;43.06
3266;3;-2.07;43.06
3267;4;-7.90;43.05
3268;4;-7.45;43.05
3269;4;-6.72;43.05
3270;7;-6.64;43.05
3271;4;-6.63;43.05
3273;12;-6.60;43.05
3274;8;-6.59;43.05
3275;12;-6.57;43.05
3276;7;-6.56;43.05
3277;9;-6.47;43.05
3278;13;-6.46;43.05
3279;2;-6.43;43.05
3281;15;-6.36;43.05
3282;6;-6.18;43.05
3283;7;-6.00;43.05
3284;3;-5.86;43.05
3286;7;-5.64;43.05
3288;6;-5.56;43.05
3289;3;-5.54;43.06
3290;7;-5.52;43.05
3291;7;-5.30;43.06
3292;6;-5.29;43.05
3293;3;-5.27;43.05
3294;7;-5.18;43.05
3295;4;-5.16;43.05
3296;3;-4.94;43.05
3297;7;-4.92;43.05
3299;9;-4.86;43.05
3300;5;-4.82;43.05
3301;9;-4.81;43.05
3302;8;-4.79;43.05
3303;7;-4.78;43.05
3304;3;-4.63;43.05
3305;5;-4.62;43.05
3306;10;-4.61;43.05
3307;11;-4.59;43.05
3308;9;-4.56;43.05
3309;14;-4.55;43.05
3310;14;-4.50;43.05
3313;6;-3.75;43.05
3314;8;-3.71;43.05
3315;8;-3.68;43.05
3316;12;-3.62;43.06
3317;10;-3.58;43.05
3318;7;-3.46;43.05
3320;5;-3.35;43.05
3321;5;-3.05;43.05
3323;4;-2.99;43.05
3324;9;-2.90;43.05
3325;4;-2.69;43.05
3326;2;-2.67;43.05
3327;4;-2.57;43.05
3328;9;-2.40;43.05
3329;5;-2.33;43.05
3330;9;-2.25;43.05
3331;9;-2.15;43.05
3332;8;-2.05;43.05
3333;5;-2.03;43.05
3335;5;-2.00;43.05
3336;7;-1.96;43.05
3338;4;-7.85;43.06
3339;6;-3.77;43.07
3340;9;-2.86;43.06
3341;5;-1.95;43.06
3342;5;-4.12;43.06
3343;8;-6.07;43.05
3344;6;-5.00;43.05
3345;5;-3.99;43.06
3346;12;-3.36;43.05
3347;7;-2.74;43.05
3348;4;-1.50;43.05
3349;4;-7.51;43.06
3350;4;-6.87;43.05
3351;11;-6.50;43.05
3352;3;-5.88;43.05
3353;3;-5.60;43.05
3354;3;-4.97;43.06
3355;12;-4.83;43.05
3356;7;-4.47;43.07
3357;5;-4.24;43.05
3358;10;-3.25;43.06
3360;9;-2.28;43.06
3361;3;-2.12;43.05
3362;16;-2.09;43.06
3363;18;-2.02;43.05
3364;5;-1.64;43.05
3365;4;-6.68;43.05
3366;7;-6.63;43.04
3367;6;-6.56;43.04
3368;15;-6.47;43.04
3369;13;-6.43;43.04
3370;15;-6.39;43.04
3371;13;-6.38;43.04
3372;19;-6.35;43.04
3373;5;-6.27;43.04
3374;9;-6.25;43.04
3376;4;-6.01;43.04
3377;3;-6.00;43.04
3379;7;-5.90;43.04
3380;7;-5.86;43.04
3381;4;-5.70;43.04
3382;6;-5.58;43.04
3383;3;-5.57;43.04
3384;6;-5.54;43.04
3385;3;-5.52;43.04
3386;7;-5.27;43.04
3387;3;-5.26;43.04
3388;7;-5.21;43.04
3389;7;-5.19;43.04
3390;4;-5.12;43.04
3391;6;-5.04;43.04
3392;7;-4.93;43.04
3394;4;-4.87;43.04
3395;8;-4.86;43.04
3396;9;-4.85;43.04
3397;8;-4.81;43.04
3398;12;-4.57;43.05
3399;4;-4.05;43.04
3401;11;-3.86;43.04
3403;18;-3.59;43.04
3404;9;-3.53;43.04
3405;8;-3.34;43.05
3406;4;-3.13;43.04
3407;7;-3.03;43.04
3408;14;-3.02;43.04
3409;9;-2.93;43.04
3411;4;-2.64;43.05
3412;9;-2.46;43.04
3413;9;-2.43;43.04
3414;9;-2.26;43.04
3417;6;-1.97;43.04
3418;3;-1.95;43.04
3419;9;-1.62;43.04
3420;2;-1.61;43.04
3422;4;-1.44;43.04
3423;2;-1.43;43.04
3424;2;-1.40;43.04
3425;7;-1.38;43.04
3426;3;-3.15;43.06
3427;5;-4.66;43.05
3428;9;-2.71;43.05
3429;2;-2.69;43.05
3430;3;-6.73;43.04
3431;4;-6.65;43.04
3432;9;-4.73;43.05
3433;11;-3.71;43.13
3434;5;-3.23;43.04
3435;14;-3.07;43.05
3436;9;-1.57;43.05
3437;4;-7.70;43.04
3438;8;-6.41;43.04
3439;4;-5.78;43.04
3441;3;-5.29;43.04
3442;4;-4.69;43.04
3444;4;-3.79;43.04
3445;10;-3.56;43.04
3446;5;-3.01;43.04
3447;5;-2.80;43.04
3448;16;-2.12;43.04
3450;9;-1.77;43.04
3451;4;-7.76;43.03
3452;4;-7.49;43.03
3453;4;-6.71;43.03
3454;4;-6.60;43.03
3455;13;-6.48;43.03
3456;10;-6.31;43.03
3457;5;-6.28;43.03
3459;6;-5.95;43.03
3461;3;-5.85;43.03
3462;6;-5.77;43.03
3463;4;-5.69;43.03
3465;7;-5.44;43.03
3466;3;-5.40;43.03
3467;7;-5.37;43.04
3468;4;-5.27;43.03
3469;7;-5.20;43.03
3471;6;-5.01;43.03
3472;4;-4.98;43.03
3474;8;-4.78;43.03
3475;11;-4.59;43.03
3476;8;-4.49;43.03
3477;5;-4.16;43.03
3478;4;-4.08;43.03
3479;12;-3.72;43.03
3480;10;-3.63;43.04
3481;5;-3.58;43.04
3482;8;-3.36;43.03
3483;8;-3.30;43.03
3484;4;-3.15;43.03
3485;9;-3.14;43.03
3486;16;-3.10;43.03
3487;14;-3.03;43.03
3488;7;-3.02;43.03
3489;9;-2.90;43.03
3490;9;-2.73;43.03
3492;4;-2.67;43.03
3493;9;-2.44;43.03
3494;5;-2.34;43.03
3495;9;-2.32;43.03
3497;3;-2.10;43.03
3498;18;-2.09;43.03
3499;16;-2.04;43.03
3500;3;-2.02;43.03
3502;7;-1.94;43.03
3503;9;-1.80;43.03
3504;9;-1.61;43.03
3505;4;-1.42;43.03
3507;4;-1.38;43.03
3508;7;-1.37;43.03
3509;9;-3.92;43.07
3510;5;-2.91;43.05
3511;8;-6.04;43.04
3512;6;-3.83;43.04
3513;4;-3.48;43.04
3514;4;-7.46;43.03
3515;3;-6.58;43.04
3516;13;-6.40;43.03
3517;5;-4.75;43.03
3518;4;-3.41;43.05
3519;9;-2.99;43.03
3520;4;-2.97;43.03
3521;14;-2.83;43.04
3522;9;-2.38;43.03
3523;5;-1.39;43.03
3524;7;-1.30;43.03
3525;12;-6.24;43.03
3526;4;-4.93;43.03
3527;12;-4.81;43.03
3528;11;-4.69;43.03
3530;9;-3.97;43.03
3532;5;-3.54;43.03
3534;3;-3.13;43.03
3535;12;-1.91;43.03
3536;9;-1.84;43.03
3537;4;-7.52;43.02
3539;4;-6.92;43.02
3540;4;-6.85;43.02
3541;4;-6.65;43.02
3542;7;-6.60;43.02
3543;3;-6.59;43.02
3544;7;-6.55;43.02
3545;15;-6.46;43.02
3546;6;-6.41;43.02
3547;11;-6.40;43.02
3548;11;-6.35;43.02
3550;3;-5.92;43.02
3553;4;-5.50;43.02
3554;3;-5.33;43.03
3555;7;-5.29;43.02
3556;3;-5.27;43.02
3557;7;-5.25;43.02
3558;7;-5.19;43.02
3559;4;-5.04;43.02
3560;8;-4.82;43.02
3561;12;-4.58;43.02
3562;12;-4.55;43.02
3563;5;-4.47;43.02
3564;5;-4.43;43.02
3565;5;-4.28;43.02
3566;4;-3.84;43.02
3568;12;-3.73;43.02
3569;10;-3.70;43.03
3570;8;-3.64;43.02
3571;8;-3.61;43.02
3573;14;-2.78;43.03
3574;9;-2.70;43.02
3575;4;-2.69;43.02
3576;2;-2.67;43.02
3578;5;-2.47;43.02
3579;5;-2.44;43.02
3580;9;-2.34;43.02
3581;9;-2.30;43.02
3582;9;-2.18;43.04
3584;5;-2.12;43.02
3585;5;-2.03;43.02
3586;3;-1.99;43.02
3587;7;-1.97;43.02
3588;9;-1.78;43.02
3589;4;-1.40;43.02
3591;4;-1.27;43.02
3592;2;-3.46;43.03
3593;12;-6.32;43.04
3595;4;-4.90;43.03
3596;5;-3.19;43.03
3597;5;-3.07;43.03
3598;7;-2.00;43.03
3599;6;-5.80;43.02
3600;6;-5.09;43.04
3601;11;-4.83;43.02
3602;5;-4.32;43.02
3603;4;-2.62;43.02
3604;4;-7.73;43.02
3605;4;-7.42;43.02
3606;5;-6.52;43.02
3607;13;-6.50;43.02
3608;11;-6.46;43.03
3609;12;-6.18;43.02
3610;7;-5.86;43.02
3613;6;-3.47;43.02
3614;7;-3.22;43.04
3615;8;-2.10;43.02
3616;9;-1.43;43.02
3617;4;-7.70;43.02
3618;4;-7.49;43.02
3619;4;-7.47;43.02
3620;4;-7.45;43.02
3622;4;-6.90;43.02
3623;4;-6.64;43.02
3624;7;-6.62;43.02
3625;17;-6.51;43.02
3626;19;-6.39;43.02
3627;11;-6.38;43.02
3628;19;-6.34;43.02
3629;11;-6.16;43.02
3630;11;-6.10;43.02
3631;8;-6.07;43.02
3632;7;-5.97;43.02
3633;3;-5.44;43.02
3634;7;-5.33;43.02
3635;7;-5.31;43.02
3636;3;-5.24;43.02
3637;6;-5.13;43.02
3638;4;-5.09;43.02
3639;4;-5.02;43.02
3640;6;-5.00;43.02
3641;6;-4.87;43.03
3642;3;-4.85;43.02
3643;10;-4.57;43.02
3644;12;-4.56;43.02
3645;10;-4.55;43.02
3646;12;-4.54;43.02
3647;12;-4.44;43.02
3648;5;-4.35;43.02
3649;5;-4.21;43.02
3650;5;-4.15;43.02
3652;10;-3.73;43.02
3653;5;-3.58;43.02
3654;8;-3.49;43.02
3656;5;-3.43;43.02
3657;9;-2.96;43.02
3658;9;-2.69;43.02
3659;4;-2.51;43.02
3660;14;-2.43;43.02
3661;5;-2.41;43.02
3662;14;-2.39;43.02
3663;9;-2.16;43.02
3665;9;-2.14;43.02
3666;21;-2.12;43.02
3667;16;-2.02;43.02
3668;5;-1.67;43.02
3669;9;-1.61;43.02
3670;3;-1.39;43.02
3672;17;-6.52;43.03
3673;12;-4.50;43.03
3675;4;-5.77;43.02
3676;3;-3.38;43.02
3677;7;-3.03;43.02
3678;9;-2.49;43.02
3679;11;-6.46;43.01
3680;4;-6.03;43.01
3681;3;-5.89;43.01
3682;12;-4.82;43.01
3683;16;-3.58;43.02
3684;9;-3.11;43.01
3685;9;-2.25;43.01
3686;7;-1.96;43.01
3687;9;-1.40;43.01
3688;3;-6.55;43.01
3689;11;-6.50;43.01
3690;19;-6.33;43.01
3691;6;-6.16;43.01
3692;3;-6.07;43.01
3693;8;-6.05;43.01
3694;7;-5.95;43.01
3696;3;-5.86;43.01
3697;4;-5.83;43.01
3698;4;-5.81;43.01
3699;4;-5.73;43.01
3700;3;-5.61;43.01
3702;2;-5.41;43.04
3703;4;-5.30;43.01
3704;7;-5.25;43.01
3705;4;-5.14;43.01
3706;6;-5.07;43.01
3707;4;-4.91;43.01
3709;9;-4.83;43.01
3711;10;-4.56;43.01
3712;12;-4.55;43.01
3713;8;-4.44;43.01
3714;5;-4.39;43.01
3715;5;-4.18;43.01
3716;5;-4.11;43.01
3717;10;-3.61;43.01
3718;3;-3.42;43.01
3719;3;-3.40;43.01
3720;9;-3.39;43.01
3721;8;-3.26;43.01
3722;7;-3.16;43.03
3723;16;-3.10;43.01
3724;7;-3.06;43.01
3725;14;-3.04;43.01
3727;11;-2.46;43.01
3728;16;-2.45;43.01
3729;5;-2.43;43.01
3730;9;-2.35;43.01
3731;2;-2.34;43.01
3732;2;-2.16;43.01
3733;11;-2.15;43.01
3735;8;-2.12;43.01
3736;16;-2.03;43.01
3737;12;-1.93;43.01
3738;3;-1.91;43.01
3739;9;-1.87;43.01
3742;4;-1.23;43.01
3743;4;-1.21;43.03
3744;16;-3.53;43.05
3745;13;-6.42;43.01
3746;6;-5.91;43.04
3748;4;-3.76;43.02
3749;7;-3.41;43.01
3750;12;-3.30;43.02
3751;18;-2.05;43.02
3752;6;-6.57;43.01
3753;15;-6.44;43.01
3754;8;-6.15;43.01
3755;7;-6.00;43.01
3756;3;-5.35;43.01
3757;6;-4.64;43.02
3758;5;-3.92;43.02
3759;4;-3.82;43.01
3760;7;-1.94;43.00
3761;4;-7.67;43.00
3762;9;-6.27;43.00
3763;4;-5.68;43.00
3764;6;-5.32;43.01
3765;7;-5.29;43.00
3766;5;-4.33;43.00
3768;9;-3.86;43.00
3769;14;-3.71;43.01
3770;4;-3.48;43.00
3772;7;-3.44;43.00
3773;11;-3.18;43.00
3774;14;-2.77;43.00
3775;9;-2.73;43.00
3776;9;-2.57;43.00
3777;4;-2.54;43.02
3778;7;-2.44;43.00
3779;7;-2.40;43.00
3780;2;-2.38;43.00
3781;9;-2.29;43.00
3782;23;-2.09;43.01
3783;5;-2.00;43.01
3784;10;-1.39;43.00
3785;4;-7.73;43.00
3786;4;-7.64;43.00
3787;4;-7.61;43.00
3788;4;-7.41;43.00
3789;4;-6.66;43.00
3790;7;-6.63;43.00
3791;7;-6.58;43.00
3792;7;-6.54;43.00
3793;14;-6.53;43.00
3794;11;-6.44;43.00
3795;11;-6.37;43.00
3796;5;-6.34;43.00
3797;5;-6.29;43.00
3798;9;-6.21;43.00
3801;4;-5.82;43.00
3802;6;-5.78;43.00
3803;4;-5.71;43.00
3805;7;-5.63;43.00
3806;7;-5.26;43.00
3807;4;-5.16;43.00
3809;3;-5.12;43.00
3810;4;-5.11;43.00
3811;4;-4.92;43.00
3812;6;-4.93;43.03
3814;9;-4.82;43.00
3815;5;-4.78;43.00
3816;11;-4.72;43.00
3817;12;-4.56;43.00
3818;10;-4.55;43.00
3819;12;-4.54;43.00
3820;8;-4.47;43.00
3821;5;-4.25;43.00
3822;5;-4.19;43.00
3823;4;-4.04;43.04
3826;2;-3.74;43.00
3827;16;-3.60;43.00
3828;10;-3.56;43.01
3829;16;-3.54;43.00
3830;8;-3.53;43.00
3831;5;-3.42;43.00
3832;3;-3.39;43.00
3833;7;-3.37;43.00
3834;8;-3.35;43.00
3835;8;-3.24;43.00
3836;3;-3.21;43.00
3837;13;-3.11;43.00
3838;9;-3.10;43.00
3839;14;-3.09;43.01
3840;5;-3.07;43.00
3841;2;-3.05;43.00
3842;9;-3.04;43.00
3843;14;-3.01;43.01
3844;9;-2.99;43.00
3845;14;-2.97;43.00
3847;9;-2.47;43.00
3848;14;-2.45;43.00
3849;16;-2.43;43.00
3850;16;-2.40;43.00
3851;9;-2.21;43.00
3852;9;-2.14;43.00
3853;5;-2.12;43.00
3854;21;-2.07;43.00
3855;16;-2.06;43.00
3856;16;-2.02;43.00
3857;7;-2.01;43.00
3858;7;-1.98;43.00
3859;12;-1.91;43.00
3861;2;-1.72;43.00
3862;7;-1.27;43.00
3863;4;-1.21;43.00
3864;2;-1.02;43.00
3865;6;-6.07;43.04
3866;11;-4.59;43.00
3867;2;-1.24;43.02
3868;4;-7.51;43.00
3869;4;-7.43;43.00
3870;11;-6.14;43.00
3871;6;-4.99;43.00
3872;16;-4.70;43.00
3873;10;-4.54;43.05
3874;5;-2.96;43.00
3875;12;-6.19;42.99
3876;4;-5.04;42.99
3877;6;-4.61;42.99
3878;5;-4.29;43.00
3879;5;-4.14;42.99
3880;12;-3.72;42.99
3881;5;-2.76;43.02
3882;14;-2.49;42.99
3883;9;-1.75;43.00
3884;5;-1.70;43.00
3885;9;-1.64;43.00
3887;7;-1.30;42.99
3888;9;-7.61;42.99
3889;4;-7.48;42.99
3890;15;-6.31;42.99
3891;9;-6.28;42.99
3892;12;-6.21;42.99
3893;9;-6.20;42.99
3894;16;-6.13;42.99
3895;16;-6.08;42.99
3897;6;-6.05;42.99
3898;7;-5.91;42.99
3899;4;-5.86;42.99
3900;4;-5.81;42.99
3902;3;-5.45;42.99
3903;3;-5.40;42.99
3904;4;-5.18;42.99
3905;7;-5.14;42.99
3906;6;-5.11;42.99
3907;7;-5.06;42.99
3908;6;-5.01;42.99
3909;4;-4.95;42.99
3910;4;-4.88;42.99
3911;9;-4.80;42.99
3913;8;-4.57;42.99
3914;11;-4.56;42.99
3915;8;-4.54;42.99
3916;12;-4.53;42.99
3917;12;-4.45;42.99
3918;8;-4.41;42.99
3919;5;-4.38;42.99
3920;9;-4.02;42.99
3921;5;-3.99;42.99
3922;9;-3.98;42.99
3923;4;-3.93;42.99
3924;4;-3.90;42.99
3926;13;-3.84;42.99
3927;9;-3.82;42.99
3928;5;-3.79;42.99
3929;7;-3.75;42.99
3930;13;-3.74;42.99
3931;2;-3.60;42.99
3934;5;-3.48;42.99
3935;5;-3.46;42.99
3936;16;-3.45;42.99
3937;8;-3.43;42.99
3938;5;-3.35;42.99
3939;7;-2.48;42.99
3940;5;-2.47;42.99
3942;7;-2.40;42.99
3943;11;-2.39;42.99
3944;6;-2.38;42.99
3945;2;-2.35;42.99
3946;4;-2.28;42.99
3947;2;-2.16;42.99
3948;14;-2.13;42.99
3949;16;-2.10;42.99
3950;14;-2.05;42.99
3951;2;-1.94;42.99
3952;9;-1.93;42.99
3953;9;-1.87;42.99
3954;5;-1.72;42.99
3955;2;-1.69;42.99
3956;7;-1.44;43.00
3957;10;-1.42;42.99
3958;12;-1.33;42.99
3959;12;-1.26;42.99
3960;9;-1.19;42.99
3961;12;-3.65;43.02
3962;9;-4.75;43.01
3963;11;-6.09;42.99
3965;5;-1.23;42.99
3966;4;-9.07;42.99
3967;17;-6.37;43.01
3968;7;-5.95;42.99
3969;4;-5.65;42.98
3970;3;-5.23;42.99
3971;9;-5.07;42.98
3973;9;-4.09;42.99
3974;5;-3.85;42.98
3975;10;-3.68;43.00
3976;10;-3.62;42.98
3977;8;-3.34;42.98
3978;5;-3.22;42.98
3979;4;-3.08;42.99
3981;9;-3.01;42.98
3982;14;-2.99;42.98
3983;5;-2.42;42.99
3984;4;-2.22;42.98
3985;7;-2.10;42.98
3986;9;-2.01;42.99
3987;9;-1.83;42.98
3988;5;-1.39;42.98
3989;12;-1.38;42.99
3990;9;-7.62;42.98
3991;4;-7.54;42.98
3992;4;-7.46;42.98
3993;4;-6.78;42.98
3994;4;-6.76;42.98
3995;3;-6.72;42.98
3997;2;-6.54;42.98
3998;18;-6.53;42.98
3999;12;-6.52;42.98
4000;15;-6.47;42.98
4001;19;-6.41;42.98
4002;14;-6.38;42.98
4003;11;-6.36;42.98
4004;5;-6.34;42.98
4005;12;-6.20;42.98
4006;12;-6.18;42.98
4007;8;-6.15;42.98
4008;4;-6.14;42.98
4009;8;-6.08;42.98
4010;16;-6.07;42.98
4011;4;-5.74;42.98
4012;7;-5.58;42.98
4013;3;-5.57;42.98
4014;7;-5.55;42.98
4015;6;-5.31;42.98
4016;6;-4.91;42.98
4018;9;-4.83;42.98
4019;5;-4.69;42.98
4020;12;-4.62;42.98
4021;3;-4.53;42.98
4022;4;-4.49;42.98
4023;7;-4.47;42.98
4025;3;-4.42;42.98
4026;7;-4.40;42.98
4027;13;-4.30;42.98
4028;8;-4.15;42.98
4029;8;-4.11;42.98
4030;5;-3.98;42.98
4031;4;-3.89;42.98
4032;10;-3.65;42.98
4033;8;-3.45;42.98
4034;8;-3.36;42.98
4035;16;-3.35;42.98
4036;16;-3.28;42.98
4038;14;-2.58;42.98
4039;7;-2.50;42.98
4040;14;-2.48;42.98
4041;5;-2.46;42.98
4042;14;-2.40;42.98
4043;7;-2.39;42.98
4044;4;-2.38;42.98
4045;4;-2.35;42.98
4046;4;-2.30;42.98
4047;11;-2.04;42.98
4048;5;-2.01;42.98
4049;12;-2.00;42.98
4050;9;-1.94;42.98
4051;9;-1.88;42.98
4052;2;-1.68;42.98
4054;9;-1.57;42.98
4055;12;-1.51;42.98
4056;9;-1.46;42.98
4057;17;-1.43;42.98
4058;9;-1.36;42.98
4059;2;-1.33;42.98
4060;13;-1.31;42.98
4061;12;-1.25;42.98
4063;5;-6.81;43.00
4064;9;-2.94;42.98
4065;3;-6.63;43.00
4066;13;-6.48;42.99
4067;17;-6.32;42.99
4068;6;-6.16;42.98
4069;6;-4.94;42.98
4070;9;-3.78;42.98
4071;9;-3.61;42.98
4073;2;-1.66;42.98
4074;11;-6.33;42.97
4075;4;-5.28;42.99
4076;3;-5.10;42.99
4077;4;-4.89;42.97
4078;3;-4.55;42.97
4079;13;-4.23;42.98
4081;12;-3.66;42.98
4082;8;-3.27;42.97
4083;2;-2.45;42.97
4085;4;-2.25;42.97
4086;5;-1.69;42.97
4089;4;-7.55;42.97
4090;4;-7.18;42.97
4091;4;-6.88;42.97
4092;9;-6.81;42.97
4093;7;-6.73;42.97
4094;6;-6.69;42.97
4095;9;-6.66;42.97
4097;2;-6.62;42.97
4098;2;-6.59;42.97
4099;2;-6.56;42.97
4100;14;-6.52;42.97
4101;11;-6.49;42.97
4102;13;-6.47;42.97
4103;11;-6.46;42.97
4104;8;-6.43;42.97
4105;17;-6.41;42.97
4107;10;-6.37;42.97
4108;10;-6.34;42.97
4109;11;-6.31;42.97
4110;9;-6.29;42.97
4111;9;-6.25;42.97
4112;5;-6.22;42.97
4113;12;-6.21;42.97
4114;11;-6.13;42.98
4115;7;-5.91;42.97
4116;4;-5.69;42.97
4117;4;-5.63;42.97
4118;3;-5.54;42.97
4120;7;-5.38;42.97
4121;6;-5.26;42.97
4122;7;-5.25;42.97
4124;4;-5.05;42.97
4125;6;-4.99;42.97
4126;4;-4.92;42.97
4127;9;-4.78;42.97
4128;12;-4.75;42.97
4129;9;-4.73;42.97
4130;12;-4.66;42.97
4131;4;-4.47;42.97
4133;8;-3.68;42.97
4134;10;-3.64;42.97
4135;7;-3.62;42.97
4136;5;-3.17;42.97
4137;6;-3.06;42.97
4138;2;-3.04;42.98
4139;4;-3.01;42.97
4140;5;-2.99;42.97
4141;7;-2.98;42.97
4142;4;-2.85;42.97
4143;4;-2.73;42.97
4144;4;-2.71;42.97
4145;7;-2.47;42.97
4146;5;-2.40;42.97
4147;2;-2.32;42.97
4148;2;-2.23;42.97
4150;9;-2.06;42.97
4151;5;-1.85;42.97
4152;9;-1.80;42.97
4154;5;-1.71;42.97
4155;9;-1.50;42.97
4156;12;-1.46;42.97
4157;5;-1.45;42.97
4158;9;-1.43;42.97
4159;5;-1.38;42.97
4161;9;-1.18;42.97
4163;12;-0.91;42.97
4164;15;-0.76;42.97
4165;11;-6.24;43.02
4166;8;-3.91;42.98
4167;16;-3.25;42.97
4168;6;-5.07;42.97
4169;6;-4.58;42.97
4170;8;-4.19;42.97
4171;13;-3.76;42.97
4172;16;-3.42;42.98
4173;8;-3.40;42.98
4174;18;-2.52;42.97
4175;6;-2.36;42.97
4176;12;-1.62;42.97
4177;5;-7.60;42.98
4178;15;-6.45;42.97
4179;6;-6.40;42.97
4180;10;-6.39;42.97
4181;16;-6.10;42.98
4182;7;-5.40;42.97
4183;3;-5.31;42.98
4185;9;-5.11;42.97
4186;16;-4.70;42.97
4187;11;-4.68;42.97
4188;3;-4.48;42.97
4189;4;-4.14;42.97
4190;9;-4.08;42.97
4191;9;-4.02;42.97
4192;4;-3.92;42.97
4194;9;-3.81;42.97
4195;7;-3.73;42.97
4196;5;-3.47;42.97
4197;16;-3.38;42.98
4198;4;-2.82;42.97
4199;5;-2.77;42.97
4200;4;-2.34;42.96
4201;9;-1.56;42.97
4202;12;-1.41;42.97
4203;16;-1.39;42.96
4204;13;-1.32;42.97
4205;12;-1.21;42.97
4207;4;-7.28;42.96
4209;9;-6.73;42.96
4210;3;-6.72;42.96
4211;3;-6.65;42.96
4212;6;-6.63;42.96
4213;3;-6.62;42.96
4214;9;-6.60;42.96
4216;6;-6.51;42.96
4217;10;-6.50;42.96
4219;11;-6.44;42.96
4220;12;-6.41;42.96
4221;11;-6.32;42.96
4222;15;-6.31;42.96
4223;6;-6.29;42.96
4224;9;-6.26;42.96
4225;5;-6.25;42.96
4226;9;-6.20;42.97
4227;5;-6.19;42.96
4228;16;-6.13;42.96
4229;11;-6.12;42.96
4230;13;-6.09;42.96
4232;7;-5.94;42.96
4233;4;-5.90;42.96
4234;7;-5.89;42.96
4235;7;-5.59;42.96
4236;12;-5.52;42.96
4237;7;-5.49;42.96
4238;8;-5.45;42.96
4239;3;-5.44;42.96
4240;3;-5.42;42.96
4241;4;-5.39;42.96
4242;3;-5.38;42.96
4243;9;-5.35;42.96
4244;6;-5.31;42.96
4245;7;-5.29;42.96
4246;9;-5.26;42.96
4248;4;-5.24;42.96
4249;6;-5.23;42.96
4250;2;-5.16;42.96
4251;6;-5.10;42.96
4252;3;-5.08;42.96
4253;3;-5.06;42.96
4254;5;-5.05;42.96
4255;4;-5.04;42.96
4256;4;-5.01;42.96
4257;5;-4.83;42.96
4258;5;-4.69;42.96
4259;9;-4.66;42.96
4260;12;-4.62;42.96
4261;7;-4.47;42.96
4262;5;-4.02;42.96
4263;4;-3.94;42.96
4264;4;-3.90;42.96
4265;5;-3.83;42.96
4266;7;-3.78;42.96
4267;5;-3.75;42.96
4268;5;-3.67;42.96
4269;9;-3.65;42.96
4270;7;-3.64;42.96
4271;9;-3.62;42.96
4273;13;-3.43;42.96
4274;5;-3.37;42.96
4275;16;-3.36;42.96
4276;16;-3.33;42.96
4278;2;-3.01;42.96
4279;7;-2.96;42.96
4281;5;-2.84;42.96
4283;4;-2.72;42.96
4284;9;-2.71;42.96
4285;9;-2.69;42.96
4286;4;-2.64;42.96
4287;14;-2.63;42.96
4288;18;-2.56;42.96
4289;4;-2.16;42.97
4290;12;-1.84;42.96
4291;5;-1.70;42.96
4293;9;-1.65;42.96
4294;12;-1.58;42.96
4295;12;-1.51;42.96
4296;5;-1.50;42.96
4297;3;-1.45;42.96
4298;12;-1.43;42.96
4299;13;-1.37;42.96
4300;9;-1.17;42.96
4301;12;-0.88;42.96
4302;3;-0.85;42.96
4303;12;-0.82;42.96
4304;3;-0.80;42.96
4306;5;-1.48;42.97
4309;16;-1.29;42.97
4310;8;-6.16;42.96
4311;6;-4.86;42.98
4312;9;-4.11;42.96
4313;13;-3.82;42.97
4314;7;-3.30;42.98
4315;6;-6.70;42.96
4316;6;-6.67;42.96
4317;6;-6.34;42.96
4318;4;-5.43;42.96
4319;4;-4.96;42.96
4322;9;-3.73;42.96
4323;10;-3.35;42.96
4324;14;-2.60;42.96
4325;7;-2.41;42.96
4326;12;-1.79;42.96
4327;9;-1.77;42.96
4332;4;-7.19;42.95
4333;4;-6.78;42.95
4334;3;-6.60;42.95
4335;10;-6.45;42.95
4336;4;-6.38;42.95
4337;10;-6.34;42.95
4338;4;-6.29;42.95
4339;6;-6.25;42.95
4340;10;-6.24;42.95
4341;6;-6.22;42.95
4342;6;-6.19;42.95
4343;4;-6.18;42.95
4344;13;-6.11;42.95
4346;8;-6.05;42.97
4347;6;-5.99;42.95
4348;4;-5.78;42.95
4349;4;-5.71;42.95
4350;3;-5.62;42.95
4351;7;-5.61;42.95
4352;12;-5.49;42.95
4353;7;-5.45;42.95
4354;2;-5.44;42.95
4356;6;-5.30;42.95
4357;4;-5.26;42.95
4360;9;-5.13;42.95
4361;9;-5.08;42.95
4362;7;-5.06;42.95
4363;5;-4.99;42.95
4364;4;-4.89;42.95
4367;3;-4.64;42.95
4368;4;-4.54;42.95
4369;3;-4.45;42.96
4370;7;-4.43;42.96
4371;13;-4.25;42.95
4372;4;-4.13;42.95
4373;4;-3.93;42.95
4374;4;-3.91;42.95
4375;4;-3.89;42.95
4376;5;-3.85;42.95
4377;13;-3.81;42.95
4378;5;-3.65;42.95
4380;13;-3.41;42.95
4381;5;-3.40;42.95
4382;7;-3.36;42.95
4383;16;-3.34;42.95
4384;16;-3.27;42.95
4385;5;-3.13;42.95
4386;4;-3.01;42.95
4387;5;-2.83;42.95
4388;5;-2.76;42.95
4389;14;-2.62;42.95
4390;5;-2.60;42.95
4391;14;-2.54;42.95
4392;4;-2.30;42.95
4393;4;-2.25;42.95
4394;9;-1.51;42.95
4395;2;-1.46;42.95
4397;12;-1.23;42.95
4398;5;-1.17;42.95
4399;12;-1.15;42.95
4400;9;-1.14;42.95
4401;4;-1.13;42.95
4403;13;-3.18;42.97
4404;4;-4.37;42.96
4405;4;-4.22;42.95
4406;5;-2.68;42.96
4407;14;-2.45;42.95
4408;9;-7.59;42.96
4409;8;-6.55;42.95
4410;13;-4.33;42.95
4411;5;-4.31;42.95
4412;4;-3.06;42.95
4415;2;-1.72;43.06
4416;5;-1.13;42.96
4417;4;-0.94;42.96
4418;10;-6.27;42.95
4419;6;-5.89;42.97
4420;4;-5.20;42.95
4421;3;-4.96;42.95
4422;3;-4.93;42.95
4423;5;-4.79;42.95
4424;11;-4.62;42.97
4425;7;-4.53;42.96
4428;9;-3.82;42.95
4429;10;-3.79;42.95
4431;10;-3.31;42.95
4432;8;-3.25;42.95
4434;7;-2.99;42.95
4435;9;-2.75;42.95
4436;5;-2.63;42.95
4437;4;-2.22;42.95
4438;9;-1.88;42.95
4439;9;-1.19;42.95
4442;4;-7.20;42.94
4444;3;-6.71;42.94
4445;6;-6.67;42.94
4446;9;-6.66;42.94
4447;6;-6.59;42.94
4449;4;-6.34;42.94
4451;4;-6.31;42.94
4452;10;-6.29;42.94
4453;4;-6.28;42.94
4455;12;-6.22;42.95
4456;14;-6.19;42.94
4457;9;-6.16;42.94
4458;13;-6.14;42.94
4459;8;-6.05;42.94
4462;4;-5.94;42.94
4463;4;-5.80;42.94
4464;4;-5.76;42.94
4465;4;-5.68;42.94
4467;8;-5.53;42.94
4468;3;-5.39;42.94
4469;3;-5.37;42.94
4470;4;-5.32;42.94
4472;3;-5.06;42.94
4474;7;-4.94;42.94
4475;8;-4.76;42.94
4476;12;-4.72;42.94
4477;3;-4.70;42.94
4478;9;-4.66;42.94
4479;12;-4.64;42.94
4480;4;-4.47;42.94
4481;5;-4.34;42.94
4482;5;-4.25;42.94
4483;4;-4.15;42.94
4484;5;-3.99;42.94
4486;8;-3.90;42.95
4487;2;-3.87;42.94
4488;13;-3.85;42.94
4489;5;-3.84;42.94
4490;16;-3.78;42.94
4491;9;-3.61;42.94
4492;16;-3.36;42.94
4493;8;-3.28;42.94
4494;13;-3.21;42.94
4495;9;-2.89;42.95
4496;4;-2.73;42.94
4497;5;-2.72;42.94
4498;5;-2.65;42.94
4499;9;-2.64;42.94
4500;14;-2.58;42.94
4501;5;-2.43;42.94
4502;9;-2.38;42.94
4503;4;-2.37;42.94
4506;12;-1.99;42.94
4507;12;-1.84;42.94
4509;12;-1.59;42.94
4510;9;-1.55;42.94
4512;16;-1.39;42.94
4513;2;-1.37;42.94
4514;5;-1.15;42.94
4515;12;-1.14;42.94
4519;3;-0.86;42.94
4520;3;-0.82;42.94
4522;15;-0.74;42.94
4523;4;-9.11;42.96
4524;6;-3.96;42.95
4525;6;-0.78;42.95
4527;8;-3.95;42.95
4528;12;-1.26;42.94
4529;9;-6.72;42.94
4530;8;-6.20;42.94
4531;14;-4.74;42.94
4532;11;-3.72;42.95
4533;5;-2.77;42.94
4534;5;-1.95;42.97
4535;9;-6.69;42.95
4536;7;-5.91;42.94
4537;4;-4.98;42.94
4538;4;-4.85;42.94
4539;11;-4.68;42.94
4540;4;-4.12;42.94
4541;5;-3.15;42.94
4542;13;-3.13;42.94
4543;2;-3.01;42.94
4545;12;-1.46;42.94
4546;5;-1.40;42.95
4547;4;-9.08;42.93
4548;4;-9.05;42.93
4551;4;-7.19;42.93
4553;9;-6.67;42.93
4554;6;-6.57;42.93
4555;10;-6.41;42.93
4556;14;-6.22;42.93
4557;5;-6.19;42.93
4558;8;-6.09;42.93
4559;8;-6.07;42.93
4562;6;-5.94;42.93
4563;3;-5.92;42.93
4564;6;-5.89;42.93
4565;4;-5.78;42.93
4568;7;-5.61;42.93
4569;9;-5.55;42.93
4570;9;-5.51;42.93
4571;12;-5.49;42.93
4572;7;-5.43;42.93
4573;6;-5.38;42.94
4574;9;-5.36;42.93
4576;4;-5.30;42.93
4577;6;-5.29;42.93
4580;3;-5.13;42.93
4582;4;-5.07;42.93
4583;2;-5.02;42.93
4584;5;-4.83;42.93
4585;9;-4.67;42.93
4587;7;-4.40;42.93
4588;7;-4.35;42.93
4589;9;-4.34;42.93
4590;5;-4.32;42.93
4591;13;-4.30;42.94
4592;13;-4.27;42.93
4593;8;-4.18;42.94
4595;11;-3.99;42.95
4596;5;-3.98;42.93
4597;8;-3.97;42.93
4598;4;-3.86;42.93
4599;13;-3.84;42.93
4600;16;-3.83;42.93
4601;7;-3.74;42.93
4602;9;-3.72;42.93
4603;10;-3.71;42.93
4604;12;-3.68;42.93
4605;5;-3.66;42.93
4606;5;-3.48;42.93
4607;5;-3.33;42.93
4608;16;-3.26;42.93
4609;8;-3.24;42.93
4610;13;-3.17;42.93
4611;9;-2.95;42.93
4612;9;-2.88;42.93
4613;9;-2.85;42.93
4614;5;-2.84;42.93
4615;4;-2.75;42.93
4616;5;-2.71;42.93
4617;5;-2.64;42.93
4618;14;-2.55;42.93
4619;18;-2.51;42.93
4620;5;-2.40;42.93
4622;4;-2.34;42.93
4623;2;-1.88;42.93
4624;9;-1.82;42.93
4625;9;-1.70;42.93
4626;9;-1.58;42.93
4627;13;-1.37;42.93
4628;2;-1.36;42.93
4629;12;-1.20;42.93
4630;5;-1.14;42.93
4631;4;-1.06;42.93
4632;4;-0.99;42.93
4633;4;-0.94;42.93
4634;2;-0.87;42.93
4636;9;-0.82;42.93
4637;9;-1.67;42.95
4638;9;-0.86;42.95
4639;16;-3.80;42.94
4640;2;-1.65;42.94
4641;3;-4.58;42.94
4642;9;-3.65;42.94
4643;7;-3.34;42.94
4644;5;-3.27;42.93
4645;9;-1.73;42.94
4646;7;-1.11;42.94
4647;3;-0.90;42.94
4648;4;-7.28;42.93
4651;10;-6.75;42.93
4652;9;-6.57;42.93
4653;6;-6.26;42.93
4655;7;-5.84;42.93
4656;6;-5.76;42.93
4658;6;-5.03;42.94
4659;9;-4.62;42.93
4660;4;-4.56;42.93
4661;9;-4.28;43.02
4663;5;-3.85;42.93
4664;10;-3.77;42.93
4665;16;-3.75;42.93
4668;13;-3.39;42.94
4669;16;-3.30;42.93
4670;8;-3.10;42.95
4672;8;-3.04;42.93
4673;5;-2.80;42.93
4674;10;-2.59;42.93
4675;7;-2.43;42.93
4676;4;-7.50;42.92
4677;4;-7.47;42.92
4678;3;-6.85;42.92
4679;5;-6.33;42.92
4680;9;-6.32;42.92
4681;10;-6.20;42.92
4682;15;-6.19;42.92
4683;8;-6.10;42.92
4684;7;-6.02;42.92
4687;3;-5.59;42.92
4688;5;-5.55;42.92
4689;9;-5.45;42.92
4690;3;-5.35;42.92
4691;4;-5.29;42.92
4692;4;-5.26;42.92
4694;4;-5.01;42.92
4695;9;-4.83;42.92
4696;12;-4.76;42.92
4697;9;-4.75;42.92
4699;9;-4.66;42.92
4700;4;-4.59;42.92
4702;4;-4.43;42.93
4703;16;-4.34;42.92
4704;9;-4.32;42.92
4705;5;-4.23;42.92
4706;8;-3.82;42.93
4707;18;-3.80;42.92
4708;13;-3.74;42.92
4709;10;-3.73;42.92
4710;12;-3.71;42.92
4711;7;-3.65;42.92
4712;9;-3.61;42.92
4713;13;-3.48;42.92
4714;10;-3.33;42.92
4715;10;-3.29;42.92
4716;7;-3.14;42.92
4717;5;-3.13;42.92
4718;3;-3.01;42.92
4719;10;-2.99;42.92
4720;9;-2.82;42.94
4721;4;-2.78;42.92
4723;8;-2.76;42.92
4725;5;-2.69;42.92
4726;5;-2.59;42.92
4727;18;-2.50;42.92
4729;4;-2.31;42.92
4734;14;-1.93;42.93
4736;12;-1.77;42.92
4737;12;-1.61;42.92
4738;12;-1.57;42.92
4740;3;-1.49;42.92
4742;11;-1.41;42.92
4744;9;-1.24;42.92
4745;9;-1.18;42.92
4746;7;-1.14;42.92
4747;5;-1.12;42.92
4748;2;-1.08;42.92
4749;2;-1.06;42.92
4750;4;-1.05;42.92
4751;12;-0.86;42.93
4752;12;-0.82;42.92
4753;5;-1.29;43.00
4754;5;-2.56;42.97
4755;2;-5.41;42.94
4756;13;-6.17;42.93
4757;9;-2.66;42.94
4758;5;-5.52;42.92
4759;9;-4.60;42.92
4760;13;-4.21;42.93
4761;9;-4.05;42.93
4762;6;-3.92;42.93
4763;14;-2.62;42.92
4764;12;-1.64;42.92
4765;2;-1.44;42.92
4766;12;-1.42;42.93
4767;15;-1.39;42.92
4768;4;-7.22;42.92
4769;3;-6.82;42.92
4770;9;-6.18;42.92
4772;7;-5.63;42.92
4773;6;-5.61;42.92
4774;3;-5.39;42.92
4776;3;-5.10;42.94
4778;8;-3.91;42.92
4779;6;-3.89;42.92
4781;7;-3.17;42.92
4782;13;-3.15;42.92
4783;18;-2.55;42.92
4784;5;-2.46;42.93
4785;4;-2.26;42.92
4786;14;-1.99;42.93
4787;5;-1.82;42.94
4788;12;-1.79;42.92
4789;4;-1.07;42.92
4790;4;-9.05;42.92
4792;4;-7.24;42.95
4794;10;-6.77;42.92
4795;9;-6.65;42.92
4796;6;-6.25;42.92
4797;14;-6.21;42.92
4798;5;-6.19;42.92
4799;13;-6.14;42.92
4800;8;-6.09;42.92
4802;3;-5.99;42.92
4805;9;-5.64;42.92
4806;7;-5.60;42.92
4807;7;-5.42;42.92
4808;6;-5.38;42.92
4809;6;-5.36;42.92
4810;7;-5.35;42.92
4811;6;-5.33;42.92
4812;4;-5.20;42.92
4814;7;-5.11;42.92
4816;6;-5.00;42.92
4817;3;-4.99;42.92
4818;5;-4.92;42.92
4820;5;-4.79;42.92
4821;7;-4.75;42.92
4822;12;-4.73;42.92
4823;9;-4.70;42.92
4824;3;-4.59;42.92
4826;3;-4.41;42.92
4827;9;-4.31;42.92
4828;13;-4.28;42.92
4829;9;-4.25;42.92
4830;9;-4.22;42.92
4831;9;-4.19;42.92
4832;8;-4.18;42.92
4833;8;-3.87;42.92
4834;8;-3.80;42.92
4835;18;-3.77;42.92
4836;10;-3.75;42.92
4837;7;-3.74;42.92
4838;16;-3.36;42.92
4839;16;-3.33;42.92
4840;7;-3.13;42.92
4842;8;-3.02;42.92
4844;13;-2.76;42.92
4845;8;-2.75;42.92
4847;5;-2.71;42.92
4848;5;-2.57;42.92
4849;10;-2.53;42.92
4850;5;-2.50;42.92
4851;18;-2.48;42.92
4852;14;-2.46;42.92
4853;8;-2.31;42.92
4854;4;-2.28;42.92
4858;3;-1.99;42.92
4859;3;-1.83;42.92
4860;5;-1.77;42.92
4861;9;-1.65;42.92
4862;2;-1.63;42.92
4863;12;-1.62;42.92
4864;5;-1.61;42.92
4865;12;-1.59;42.92
4866;9;-1.51;42.92
4867;3;-1.45;42.92
4868;13;-1.37;42.92
4870;12;-1.25;42.92
4871;9;-1.19;42.92
4872;4;-1.15;42.92
4873;5;-1.14;42.92
4875;5;-1.10;42.92
4879;3;-0.88;42.92
4881;11;-0.73;42.92
4882;5;-4.07;42.95
4883;6;-5.43;42.93
4884;5;-4.97;42.92
4885;2;-3.60;42.92
4886;2;-1.75;42.92
4887;6;-6.51;42.93
4888;10;-6.37;42.92
4889;7;-4.50;42.93
4890;12;-1.90;42.92
4891;4;-8.96;42.96
4892;15;-6.30;42.92
4893;8;-4.77;42.91
4894;4;-4.15;42.92
4895;9;-3.99;42.92
4896;5;-3.21;42.93
4897;11;-3.03;42.92
4898;9;-2.89;42.92
4899;4;-9.12;42.91
4900;4;-8.99;42.91
4902;3;-6.84;42.91
4903;8;-6.12;42.91
4905;6;-5.82;42.92
4907;4;-5.66;42.91
4908;7;-4.97;42.91
4909;7;-4.93;42.91
4910;3;-4.48;42.91
4911;8;-4.33;42.91
4912;5;-4.04;42.92
4913;13;-3.85;42.91
4914;16;-3.78;42.91
4915;10;-3.69;42.92
4916;7;-3.62;42.93
4917;5;-3.48;42.92
4918;8;-3.31;42.91
4919;8;-3.26;42.91
4921;5;-3.09;42.91
4922;13;-3.07;42.92
4923;9;-2.98;42.93
4924;14;-2.58;42.91
4925;18;-2.50;42.91
4926;2;-2.16;42.94
4927;4;-2.17;42.91
4928;12;-1.23;42.91
4929;12;-1.20;42.91
4931;15;-0.75;42.91
4932;4;-8.86;42.91
4934;4;-7.28;42.91
4935;11;-6.29;42.92
4936;6;-6.24;42.91
4937;14;-6.19;42.91
4938;13;-6.18;42.91
4939;9;-6.14;42.92
4940;7;-5.86;42.91
4941;3;-5.84;42.91
4942;7;-5.83;42.91
4943;3;-5.62;42.91
4944;9;-5.49;42.91
4945;3;-5.42;42.91
4946;4;-5.40;42.91
4947;2;-5.39;42.91
4948;7;-5.38;42.91
4949;6;-5.37;42.91
4950;7;-5.36;42.91
4951;4;-5.21;42.91
4952;4;-5.16;42.91
4953;7;-5.14;42.91
4954;3;-5.13;42.91
4955;4;-5.11;42.91
4956;3;-5.10;42.91
4957;7;-4.99;42.91
4959;7;-4.73;42.91
4960;11;-4.72;42.91
4961;7;-4.70;42.91
4962;9;-4.67;42.91
4964;6;-4.53;42.91
4965;11;-4.40;42.91
4966;16;-4.32;42.91
4967;9;-4.23;42.91
4968;9;-4.21;42.91
4969;5;-4.19;42.91
4970;4;-4.18;42.91
4973;9;-4.05;42.91
4974;13;-4.00;42.91
4975;5;-3.64;42.91
4976;9;-3.62;42.91
4977;4;-3.54;42.95
4978;8;-3.35;42.92
4979;7;-3.33;42.91
4980;9;-3.24;42.91
4981;13;-3.23;42.91
4982;13;-3.19;42.91
4983;5;-3.14;42.91
4984;12;-3.01;42.91
4985;12;-2.98;42.91
4986;9;-2.91;42.91
4987;5;-2.90;42.91
4988;4;-2.86;42.91
4989;8;-2.73;42.91
4990;10;-2.56;42.91
4991;18;-2.53;42.91
4992;10;-2.52;42.91
4993;18;-2.42;42.91
4994;13;-2.38;42.91
4995;9;-2.37;42.91
4996;2;-2.19;42.91
4997;9;-1.89;42.91
4998;5;-1.83;42.91
5000;3;-1.81;42.91
5002;3;-1.78;42.91
5003;12;-1.76;42.91
5004;5;-1.64;42.91
5005;9;-1.55;42.91
5006;3;-1.49;42.91
5007;9;-1.43;42.91
5009;2;-1.37;42.91
5013;12;-0.86;42.91
5014;12;-0.83;42.91
5015;11;-6.46;42.92
5016;2;-1.68;42.91
5017;10;-6.23;42.91
5018;4;-5.30;42.91
5019;3;-4.52;42.93
5020;12;-3.66;42.91
5021;7;-3.28;42.91
5023;4;-7.23;42.90
5024;10;-6.25;42.90
5025;3;-5.86;42.90
5027;4;-5.69;42.90
5028;9;-5.46;42.90
5029;3;-5.33;42.90
5031;7;-4.58;42.91
5032;13;-4.25;42.91
5033;16;-3.75;42.90
5034;5;-2.61;42.91
5036;9;-1.72;42.90
5037;5;-1.41;42.91
5039;4;-8.76;42.90
5041;4;-7.26;42.90
5042;4;-7.20;42.91
5043;9;-6.67;42.90
5044;9;-6.58;42.90
5045;10;-6.35;42.90
5046;14;-6.23;42.90
5047;8;-6.16;42.90
5049;8;-6.08;42.90
5050;3;-5.97;42.90
5052;3;-5.94;42.90
5054;7;-5.89;42.90
5055;4;-5.83;42.90
5056;4;-5.58;42.90
5057;5;-5.55;42.90
5058;5;-5.51;42.90
5059;6;-5.39;42.90
5060;7;-5.37;42.90
5061;6;-5.35;42.90
5062;4;-5.19;42.90
5063;4;-5.14;42.90
5064;5;-5.12;42.90
5065;5;-4.98;42.90
5066;7;-4.95;42.90
5067;2;-4.93;42.90
5068;11;-4.76;42.90
5069;5;-4.72;42.90
5070;11;-4.65;42.91
5071;11;-4.63;42.90
5072;11;-4.60;42.90
5073;3;-4.57;42.90
5074;7;-4.56;42.90
5075;7;-4.47;42.90
5076;4;-4.44;42.90
5077;3;-4.40;42.90
5078;4;-4.38;42.90
5079;16;-4.34;42.90
5080;5;-4.29;42.91
5081;13;-4.19;42.90
5082;8;-4.00;42.90
5083;8;-3.97;42.90
5084;8;-3.92;42.90
5085;8;-3.78;42.90
5086;13;-3.39;42.90
5087;3;-3.32;42.90
5088;5;-3.24;42.90
5089;4;-3.23;42.90
5090;8;-3.22;42.90
5091;12;-3.20;42.90
5092;5;-3.16;42.90
5093;8;-3.09;42.90
5094;9;-2.98;42.90
5095;8;-2.89;42.90
5096;13;-2.52;42.90
5097;5;-2.48;42.90
5098;14;-2.35;42.90
5099;5;-2.28;42.90
5102;14;-2.00;42.90
5103;2;-1.93;42.90
5104;12;-1.83;42.90
5105;9;-1.76;42.90
5106;3;-1.74;42.90
5107;11;-1.68;42.90
5108;12;-1.64;42.90
5109;12;-1.54;42.90
5110;9;-1.52;42.90
5111;3;-1.51;42.90
5112;2;-1.49;42.90
5113;9;-1.46;42.90
5114;13;-1.38;42.90
5115;2;-1.35;42.90
5116;9;-1.30;42.90
5117;9;-1.27;42.90
5118;2;-1.26;42.90
5119;12;-1.24;42.90
5120;12;-1.21;42.90
5121;9;-1.20;42.90
5122;4;-1.13;42.90
5123;4;-0.99;42.90
5124;3;-0.86;42.90
5125;9;-0.72;42.90
5126;3;-4.37;42.91
5127;7;-2.35;42.91
5129;3;-0.82;42.91
5131;11;-4.78;42.96
5132;9;-6.63;42.92
5133;4;-5.63;42.90
5134;6;-5.44;43.02
5135;5;-1.58;42.95
5136;7;-1.12;42.90
5137;15;-0.77;42.91
5138;10;-6.44;42.89
5139;11;-6.31;42.89
5140;11;-6.26;42.89
5141;14;-6.20;42.89
5142;11;-5.51;42.93
5143;4;-5.24;42.89
5144;9;-5.09;42.90
5145;2;-5.05;42.90
5146;4;-5.03;42.91
5147;2;-5.01;42.89
5148;6;-4.86;42.90
5149;5;-4.82;42.89
5150;5;-4.13;42.89
5151;9;-4.12;42.89
5152;12;-3.15;42.89
5153;7;-3.11;42.89
5154;8;-2.96;42.89
5155;12;-2.88;42.89
5156;5;-2.23;42.90
5158;12;-2.15;42.89
5159;9;-2.11;42.89
5160;5;-1.80;42.89
5161;12;-1.78;42.89
5162;5;-0.94;42.89
5163;6;-0.79;42.89
5164;4;-8.82;42.89
5165;4;-7.27;42.89
5166;3;-6.86;42.89
5167;3;-6.83;42.89
5168;9;-6.71;42.89
5169;9;-6.59;42.89
5170;15;-6.52;42.89
5171;15;-6.25;42.89
5172;6;-6.21;42.89
5173;7;-6.06;42.89
5174;4;-5.99;42.89
5175;4;-5.87;42.89
5176;7;-5.82;42.89
5178;4;-5.70;42.89
5179;4;-5.67;42.89
5180;4;-5.57;42.89
5181;5;-5.52;42.89
5182;5;-5.45;42.89
5183;11;-5.38;42.89
5184;11;-5.36;42.89
5185;8;-5.35;42.89
5189;6;-5.16;42.89
5190;3;-5.14;42.89
5191;4;-5.12;42.89
5192;6;-5.08;42.89
5193;4;-5.07;42.89
5194;6;-5.04;42.89
5195;2;-4.99;42.89
5198;9;-4.75;42.89
5199;4;-4.70;42.89
5201;5;-4.56;42.89
5202;17;-4.52;42.89
5203;8;-4.50;42.89
5204;5;-4.48;42.89
5205;11;-4.39;42.89
5206;3;-4.34;42.89
5207;13;-4.21;42.89
5208;5;-4.11;42.89
5210;8;-4.05;42.89
5211;6;-3.86;42.89
5212;16;-3.82;42.91
5213;16;-3.78;42.89
5214;12;-3.73;42.89
5215;10;-3.72;42.89
5216;5;-3.68;42.89
5217;12;-3.62;42.89
5218;7;-3.59;42.89
5219;3;-3.23;42.89
5220;8;-3.19;42.89
5221;8;-3.16;42.89
5222;16;-3.11;42.89
5223;12;-2.98;42.89
5225;5;-2.91;42.94
5226;5;-2.72;42.89
5227;5;-2.58;42.89
5228;5;-2.45;42.89
5229;18;-2.28;42.89
5230;7;-2.27;42.89
5231;12;-2.26;42.89
5233;9;-2.22;42.89
5234;12;-1.88;42.89
5236;8;-1.74;42.89
5237;17;-1.72;42.89
5238;19;-1.70;42.89
5239;7;-1.66;42.89
5240;9;-1.64;42.89
5241;12;-1.56;42.89
5242;17;-1.50;42.89
5243;7;-1.48;42.89
5244;8;-1.46;42.89
5245;2;-1.37;42.89
5246;13;-1.34;42.91
5247;13;-1.27;42.89
5248;12;-1.20;42.89
5250;7;-1.13;42.89
5251;3;-1.12;42.89
5253;4;-1.07;42.89
5254;12;-0.82;42.89
5255;12;-0.80;42.89
5256;15;-0.74;42.89
5257;18;-0.72;42.89
5258;18;-0.68;42.89
5259;3;-0.67;42.89
5260;6;-6.73;42.92
5261;7;-5.42;42.89
5262;11;-6.53;42.90
5263;6;-6.39;42.91
5264;11;-4.35;42.89
5265;11;-6.33;42.90
5266;6;-5.21;42.89
5267;10;-3.87;42.89
5268;5;-3.57;42.89
5269;13;-3.46;42.92
5270;4;-3.26;42.89
5271;8;-2.99;42.89
5272;5;-2.55;42.89
5273;6;-6.59;42.90
5274;10;-6.23;42.88
5275;8;-6.15;42.88
5276;7;-5.93;42.89
5277;9;-5.55;42.89
5278;3;-5.43;42.88
5279;4;-4.91;42.91
5280;14;-4.58;42.88
5281;14;-4.54;42.88
5282;8;-4.43;42.89
5284;8;-3.89;42.88
5285;13;-3.37;42.88
5286;5;-2.89;42.88
5287;12;-2.01;42.88
5288;14;-1.95;42.88
5289;9;-1.91;42.88
5290;7;-1.51;42.88
5291;3;-1.19;42.88
5292;12;-1.17;42.88
5293;4;-8.84;42.88
5295;4;-7.14;42.88
5296;4;-7.09;42.88
5297;4;-7.05;42.88
5298;3;-6.85;42.88
5299;3;-6.81;42.88
5301;3;-6.72;42.88
5302;3;-6.70;42.88
5303;9;-6.58;42.88
5304;6;-6.47;42.88
5305;4;-6.43;42.88
5306;15;-6.29;42.89
5307;6;-6.20;42.88
5309;8;-6.13;42.88
5310;4;-6.01;42.88
5311;4;-5.86;42.88
5314;7;-5.54;42.88
5315;9;-5.51;42.88
5316;5;-5.48;42.88
5317;9;-5.45;42.88
5319;14;-5.38;42.88
5320;16;-5.36;42.88
5321;5;-5.35;42.88
5323;3;-5.19;42.88
5324;6;-5.07;42.88
5325;6;-5.01;42.88
5326;2;-5.00;42.88
5329;9;-4.82;42.88
5330;11;-4.81;42.88
5331;4;-4.63;42.88
5332;10;-4.55;42.88
5333;5;-4.51;42.88
5334;17;-4.50;42.88
5335;17;-4.47;42.88
5337;16;-4.37;42.88
5338;13;-4.34;42.88
5339;9;-4.24;42.88
5340;5;-4.15;42.88
5341;9;-4.13;42.88
5342;9;-4.11;42.88
5343;4;-4.08;42.89
5344;7;-3.58;42.88
5345;3;-3.54;42.88
5346;3;-3.29;42.88
5347;3;-3.24;42.88
5348;5;-3.22;42.88
5349;12;-3.21;42.88
5350;12;-3.16;42.88
5351;7;-3.15;42.88
5352;12;-2.97;42.88
5353;7;-2.96;42.88
5354;12;-2.95;42.88
5355;8;-2.92;42.88
5356;7;-2.88;42.88
5357;5;-2.73;42.88
5358;4;-2.65;42.88
5359;5;-2.64;42.88
5360;5;-2.43;42.89
5361;10;-2.28;42.88
5362;23;-2.27;42.88
5363;19;-2.26;42.88
5364;14;-2.25;42.88
5365;5;-2.22;42.88
5367;14;-1.74;42.88
5368;14;-1.70;42.88
5369;5;-1.69;42.88
5370;14;-1.66;42.88
5371;5;-1.63;42.88
5372;3;-1.56;42.88
5374;9;-1.06;42.88
5375;9;-1.04;42.88
5376;4;-1.00;42.88
5377;5;-0.95;42.88
5379;4;-0.75;42.88
5380;8;-0.74;42.88
5382;4;-6.17;42.88
5383;4;-6.03;42.93
5384;9;-4.73;42.89
5385;16;-3.84;42.89
5386;10;-3.64;42.89
5387;7;-3.52;42.89
5388;8;-2.86;42.88
5389;4;-8.87;42.88
5390;6;-4.69;42.88
5391;2;-3.32;42.88
5392;16;-3.01;42.89
5393;5;-2.67;42.90
5394;16;-1.67;42.88
5395;2;-1.52;42.92
5396;8;-1.37;42.88
5397;7;-1.03;42.88
5398;14;-6.22;42.88
5400;3;-5.89;42.88
5401;9;-5.08;42.87
5403;6;-4.83;42.87
5404;5;-4.72;42.87
5405;8;-4.52;42.87
5406;13;-4.40;42.88
5407;5;-4.18;42.87
5408;8;-3.86;42.87
5409;12;-3.23;42.87
5410;10;-3.10;42.88
5411;12;-2.21;42.87
5412;9;-1.87;42.88
5413;5;-1.86;42.89
5414;14;-1.80;42.88
5415;5;-1.72;42.88
5416;5;-1.49;42.87
5417;17;-1.48;42.87
5418;2;-1.32;42.92
5420;2;-1.09;42.88
5421;4;-0.70;42.88
5422;4;-7.13;42.87
5423;4;-7.07;42.87
5424;4;-7.04;42.87
5425;3;-6.73;42.87
5426;5;-6.53;42.87
5427;9;-6.39;42.87
5429;8;-6.16;42.87
5431;4;-6.14;42.87
5432;6;-6.12;42.87
5433;3;-6.03;42.87
5434;7;-6.02;42.89
5435;4;-5.96;42.87
5436;3;-5.93;42.87
5437;4;-5.92;42.87
5438;7;-5.89;42.87
5440;4;-5.54;42.87
5442;4;-5.49;42.87
5443;5;-5.37;42.88
5444;16;-5.35;42.87
5447;3;-5.17;42.87
5448;4;-5.10;42.87
5449;6;-5.06;42.87
5450;6;-5.02;42.87
5451;4;-4.98;42.88
5452;6;-4.86;42.87
5453;3;-4.85;42.87
5454;10;-4.54;42.87
5455;13;-4.37;42.87
5456;5;-4.35;42.87
5458;13;-4.32;42.87
5459;9;-4.31;42.87
5461;13;-4.24;42.87
5462;5;-4.16;42.87
5463;9;-4.15;42.87
5464;8;-4.04;42.88
5466;8;-3.98;42.87
5467;4;-3.89;42.87
5469;8;-3.77;42.87
5470;5;-3.75;42.87
5471;12;-3.73;42.87
5472;10;-3.71;42.87
5473;2;-3.27;42.87
5474;9;-3.25;42.87
5475;5;-3.19;42.88
5476;12;-3.17;42.87
5477;7;-3.16;42.87
5478;12;-3.15;42.87
5479;5;-3.09;42.87
5480;7;-2.99;42.87
5481;12;-2.91;42.88
5482;13;-2.70;42.87
5483;4;-2.64;42.87
5484;5;-2.51;42.87
5485;5;-2.35;42.87
5486;5;-2.32;42.87
5489;9;-2.10;42.87
5490;2;-2.03;42.87
5491;5;-1.98;42.89
5492;9;-1.93;42.87
5493;12;-1.82;42.87
5494;17;-1.75;42.87
5495;19;-1.74;42.87
5496;14;-1.71;42.87
5497;12;-1.55;42.87
5498;8;-1.52;42.87
5499;5;-1.51;42.87
5500;8;-1.50;42.87
5501;5;-1.45;42.87
5502;8;-1.43;42.87
5503;5;-1.36;42.87
5504;5;-1.33;42.87
5505;8;-1.31;42.87
5507;13;-1.25;42.87
5508;3;-1.11;42.87
5509;3;-1.08;42.87
5510;3;-0.97;42.87
5512;11;-0.80;42.87
5513;4;-0.76;42.87
5514;8;-0.75;42.87
5515;8;-0.70;42.87
5517;5;-4.22;42.88
5518;3;-3.36;42.88
5519;2;-3.13;42.88
5520;5;-3.04;42.88
5522;3;-6.66;42.87
5524;8;-4.48;42.87
5525;4;-4.00;42.87
5527;7;-3.35;42.87
5528;7;-3.11;42.87
5529;2;-1.63;42.88
5530;11;-0.67;42.87
5531;4;-7.62;42.93
5532;3;-6.56;42.87
5533;11;-6.28;42.87
5534;4;-5.65;42.87
5535;9;-4.78;42.86
5536;4;-4.60;42.87
5537;8;-4.55;42.87
5538;5;-4.50;42.87
5539;8;-3.94;42.87
5540;8;-2.72;42.87
5541;21;-2.29;42.87
5542;12;-2.25;42.87
5543;9;-2.05;42.90
5544;12;-1.86;42.87
5545;12;-1.57;42.87
5546;11;-0.72;42.87
5547;4;-8.08;42.86
5548;4;-7.08;42.86
5549;6;-6.14;42.86
5550;6;-6.05;42.86
5551;9;-6.02;42.86
5552;9;-5.99;42.86
5553;13;-5.97;42.86
5554;7;-5.93;42.86
5555;4;-5.86;42.86
5556;5;-5.43;42.86
5558;4;-5.17;42.86
5559;3;-5.16;42.86
5560;3;-5.13;42.86
5561;2;-5.08;42.86
5562;4;-5.05;42.86
5563;10;-4.82;42.86
5564;7;-4.81;42.86
5565;9;-4.75;42.86
5566;9;-4.72;42.86
5567;4;-4.69;42.86
5568;6;-4.68;42.86
5569;17;-4.47;42.86
5570;11;-4.45;42.86
5571;5;-4.38;42.86
5574;2;-3.87;42.86
5575;10;-3.67;42.86
5576;7;-3.56;42.86
5577;3;-3.34;42.86
5578;2;-3.29;42.86
5579;5;-3.23;42.86
5580;5;-3.17;42.86
5581;8;-3.15;42.86
5582;5;-3.10;42.86
5583;10;-3.08;42.86
5584;8;-3.07;42.86
5585;7;-2.95;42.86
5586;3;-2.93;42.86
5588;5;-2.50;42.86
5589;14;-1.94;42.86
5591;12;-1.83;42.86
5592;5;-1.71;42.86
5593;12;-1.63;42.86
5594;9;-1.59;42.86
5595;14;-1.45;42.86
5596;7;-1.43;42.86
5597;5;-1.42;42.86
5598;11;-1.38;42.86
5599;5;-1.31;42.86
5600;8;-1.30;42.86
5602;5;-1.26;42.86
5603;13;-1.23;42.86
5605;3;-1.10;42.86
5606;7;-1.07;42.86
5608;2;-0.97;42.86
5609;7;-0.95;42.86
5610;8;-0.68;42.86
5611;11;0.72;42.86
5612;5;-3.40;42.91
5613;16;-3.06;42.88
5614;5;-2.80;42.88
5615;7;-5.13;42.87
5616;4;-4.90;42.86
5618;5;-3.59;42.86
5619;13;-2.74;42.90
5620;13;-2.44;42.88
5621;10;-6.12;42.86
5622;5;-4.57;42.86
5624;9;-3.54;42.86
5625;8;-3.00;42.86
5626;3;-2.88;42.86
5627;4;-7.15;42.86
5628;4;-6.53;42.86
5631;2;-5.67;42.86
5632;4;-5.12;42.86
5633;6;-5.01;42.86
5634;17;-4.53;42.86
5635;5;-4.43;42.86
5636;8;-4.06;42.86
5637;8;-3.89;42.86
5638;8;-3.75;42.86
5639;7;-2.89;42.86
5640;12;-2.18;42.86
5641;12;-1.90;42.86
5642;5;-1.80;42.86
5643;16;-1.24;42.86
5644;5;-0.92;42.86
5645;4;-0.86;42.86
5646;4;-0.74;42.86
5647;6;0.71;42.86
5648;4;-8.21;42.85
5649;4;-7.13;42.85
5650;4;-6.46;42.85
5652;9;-6.32;42.85
5654;10;-6.14;42.85
5655;6;-6.02;42.85
5656;6;-5.98;42.85
5657;13;-5.94;42.85
5658;3;-5.93;42.85
5659;4;-5.84;42.85
5661;4;-5.67;42.85
5662;4;-5.64;42.85
5663;4;-5.55;42.85
5664;4;-5.45;42.85
5665;14;-5.43;42.85
5667;4;-5.14;42.85
5668;7;-5.13;42.85
5669;3;-5.09;42.85
5671;3;-4.84;42.85
5672;8;-4.82;42.85
5673;9;-4.76;42.85
5674;6;-4.69;42.85
5675;6;-4.66;42.85
5676;17;-4.48;42.85
5677;8;-4.47;42.85
5678;16;-4.45;42.85
5679;5;-4.35;42.85
5680;9;-4.19;42.87
5681;4;-3.89;42.85
5682;11;-3.87;42.85
5683;7;-3.60;42.85
5684;5;-3.48;42.85
5685;8;-3.26;42.85
5686;8;-3.23;42.85
5687;8;-3.20;42.85
5688;10;-3.10;42.85
5689;7;-3.09;42.85
5690;8;-3.08;42.85
5691;10;-3.07;42.85
5692;8;-3.03;42.85
5693;16;-3.02;42.85
5694;7;-2.92;42.85
5696;8;-2.75;42.85
5697;5;-2.48;42.85
5698;5;-2.41;42.85
5699;12;-2.15;42.85
5700;9;-2.12;42.85
5702;12;-1.97;42.85
5703;12;-1.84;42.85
5704;5;-1.74;42.85
5705;2;-1.59;42.85
5706;17;-1.51;42.85
5707;17;-1.48;42.85
5708;14;-1.46;42.85
5709;14;-1.44;42.85
5710;5;-1.43;42.85
5711;8;-1.39;42.85
5712;8;-1.34;42.85
5715;13;-1.20;42.85
5717;4;-1.11;42.85
5719;7;-1.01;42.85
5721;2;-0.99;42.85
5722;4;-0.96;42.85
5723;2;-0.83;42.85
5725;3;-0.69;42.85
5726;11;-0.67;42.85
5727;4;-0.63;42.85
5728;11;0.73;42.85
5729;6;0.74;42.85
5730;19;-1.74;42.86
5731;2;-1.40;42.86
5732;11;-2.86;42.85
5733;5;-1.04;42.86
5734;3;-0.83;42.86
5735;3;-6.71;42.85
5736;10;-6.19;42.86
5737;7;-4.86;42.86
5738;16;-3.81;42.85
5739;14;-1.63;42.85
5740;11;-1.32;42.85
5741;4;-8.78;42.85
5742;4;-7.05;42.85
5743;4;-6.43;42.85
5744;3;-5.89;42.85
5745;4;-5.58;42.85
5746;5;-4.77;42.87
5747;12;-3.67;42.87
5748;9;-3.49;42.85
5750;7;-3.13;42.85
5751;3;-1.89;42.85
5752;9;-1.56;42.85
5753;5;-1.27;42.85
5754;6;-0.81;42.85
5755;11;0.70;42.85
5756;4;-8.23;42.84
5757;4;-8.07;42.84
5758;4;-8.04;42.85
5760;4;-7.51;42.84
5761;4;-7.11;42.84
5762;4;-7.08;42.84
5763;3;-6.62;42.84
5764;9;-6.37;42.84
5765;4;-6.34;42.84
5767;4;-6.18;42.84
5768;10;-6.16;42.84
5769;7;-5.93;42.84
5770;3;-5.92;42.84
5771;4;-5.90;42.84
5772;4;-5.86;42.84
5774;4;-5.83;42.84
5777;3;-5.30;42.84
5779;3;-5.19;42.84
5780;7;-5.12;42.84
5781;4;-5.05;42.84
5782;4;-4.85;42.84
5783;7;-4.83;42.84
5784;5;-4.76;42.84
5785;14;-4.75;42.84
5786;10;-4.62;42.84
5787;21;-4.54;42.84
5788;14;-4.51;42.84
5789;17;-4.47;42.84
5790;15;-4.45;42.84
5791;4;-4.08;42.84
5792;8;-4.05;42.84
5793;4;-3.97;42.84
5794;8;-3.92;42.84
5796;3;-3.87;42.84
5797;10;-3.75;42.84
5798;16;-3.74;42.84
5799;3;-3.60;42.84
5800;5;-3.54;42.84
5801;7;-3.52;42.84
5802;18;-3.48;42.84
5803;5;-3.47;42.84
5804;8;-3.46;42.84
5805;5;-3.42;42.84
5806;3;-3.36;42.84
5808;12;-3.26;42.84
5809;8;-3.24;42.84
5810;12;-3.22;42.84
5811;5;-3.18;42.84
5812;7;-3.16;42.84
5813;7;-3.08;42.84
5814;8;-3.06;42.84
5815;8;-3.02;42.84
5816;7;-2.90;42.84
5817;7;-2.88;42.84
5818;8;-2.79;42.84
5820;5;-2.65;42.84
5821;5;-2.58;42.84
5822;5;-2.51;42.84
5823;13;-2.41;42.84
5824;5;-2.39;42.85
5825;23;-2.28;42.84
5827;12;-1.81;42.84
5828;17;-1.71;42.84
5829;14;-1.68;42.84
5831;2;-1.57;42.84
5832;17;-1.52;42.84
5833;8;-1.48;42.84
5834;3;-1.39;42.84
5835;3;-1.34;42.84
5836;13;-1.25;42.84
5838;13;-1.18;42.84
5839;7;-1.11;42.84
5840;7;-1.02;42.84
5841;3;-0.99;42.84
5842;3;-0.91;42.84
5843;2;-0.85;42.84
5844;11;-0.83;42.84
5845;6;-0.79;42.84
5846;11;-0.68;42.84
5847;3;-0.67;42.84
5848;11;0.74;42.84
5849;6;0.76;42.84
5850;6;-4.63;42.86
5851;14;-5.37;42.86
5852;2;-1.54;42.86
5853;10;-3.20;42.85
5855;8;-4.02;42.85
5856;4;-8.86;42.84
5857;4;-8.19;42.84
5858;10;-6.07;42.84
5859;4;-5.65;42.84
5860;2;-5.55;42.85
5861;7;-5.09;42.84
5862;4;-5.07;42.84
5863;6;-4.99;42.84
5864;7;-3.30;42.85
5865;10;-3.03;42.84
5866;16;-3.00;42.84
5867;11;-2.97;42.84
5868;8;-2.77;42.84
5869;13;-2.72;42.84
5870;9;-1.84;42.84
5872;3;-0.86;42.84
5873;4;-0.33;42.84
5874;11;0.79;42.84
5875;4;-8.80;42.83
5876;4;-8.21;42.83
5877;4;-7.71;42.83
5878;4;-7.16;42.83
5879;4;-7.14;42.83
5882;4;-6.50;42.83
5883;9;-6.35;42.83
5884;9;-6.33;42.83
5885;10;-6.15;42.83
5886;10;-6.11;42.83
5887;6;-6.02;42.83
5888;6;-5.99;42.83
5889;4;-5.84;42.83
5891;4;-5.82;42.83
5892;4;-5.63;42.83
5893;4;-5.61;42.83
5895;14;-5.37;42.83
5896;5;-5.36;42.83
5898;4;-5.02;42.83
5899;4;-4.89;42.83
5900;7;-4.85;42.83
5902;11;-4.78;42.83
5903;12;-4.72;42.83
5904;2;-4.69;42.83
5905;8;-4.63;42.83
5906;19;-4.47;42.83
5907;10;-4.45;42.83
5908;5;-4.44;42.83
5909;5;-4.39;42.83
5910;8;-4.35;42.83
5911;5;-4.21;42.83
5912;13;-4.14;42.84
5913;16;-3.85;42.83
5914;10;-3.74;42.83
5915;12;-3.70;42.83
5916;12;-3.67;42.83
5917;18;-3.47;42.83
5918;5;-3.46;42.83
5919;7;-3.26;42.83
5920;12;-3.24;42.83
5921;9;-3.22;42.83
5922;7;-3.20;42.83
5924;5;-3.07;42.83
5925;10;-3.05;42.83
5926;5;-2.99;42.83
5927;8;-2.98;42.83
5929;2;-1.95;42.83
5930;2;-1.92;42.83
5931;12;-1.60;42.86
5932;3;-1.59;42.83
5933;7;-1.52;42.83
5934;17;-1.51;42.83
5935;14;-1.47;42.83
5936;3;-1.36;42.83
5937;11;-1.34;42.83
5938;8;-1.30;42.83
5939;13;-1.24;42.83
5941;2;-1.15;42.83
5942;3;-1.13;42.83
5944;7;-0.98;42.84
5945;3;-0.95;42.83
5946;11;-0.88;42.83
5947;8;-0.87;42.83
5948;8;-0.83;42.83
5949;8;-0.35;42.83
5950;6;0.69;42.83
5951;11;0.76;42.83
5953;16;-3.44;42.86
5954;16;-4.57;42.84
5955;3;-2.92;42.84
5956;3;-3.50;42.84
5957;5;-1.21;42.88
5958;3;-4.88;42.84
5959;9;-4.80;42.83
5960;5;-2.68;42.83
5961;7;-1.47;42.86
5962;8;-0.76;42.85
5963;4;-8.14;42.83
5964;4;-7.07;42.83
5965;4;-5.88;42.83
5966;4;-5.26;42.86
5967;7;-5.17;42.84
5968;11;-4.74;42.84
5969;5;-4.55;42.83
5970;8;-4.51;42.84
5972;7;-3.87;42.84
5973;8;-3.64;42.84
5974;10;-3.61;42.83
5975;5;-3.51;42.83
5977;5;-2.74;42.83
5978;3;-1.82;42.84
5979;8;-1.40;42.83
5980;11;-0.80;42.83
5981;4;-8.87;42.82
5982;4;-8.84;42.82
5983;4;-8.78;42.82
5984;8;-6.45;42.82
5985;4;-5.93;42.82
5987;4;-5.83;42.82
5988;4;-5.64;42.82
5989;2;-5.61;42.84
5990;14;-5.36;42.82
5991;8;-5.35;42.82
5992;4;-5.18;42.82
5993;6;-5.06;42.82
5994;4;-5.04;42.82
5995;4;-4.94;42.82
5996;7;-4.89;42.82
5998;7;-4.83;42.82
5999;12;-4.77;42.83
6000;13;-4.60;42.82
6001;21;-4.51;42.82
6002;21;-4.49;42.82
6003;17;-4.48;42.82
6004;14;-4.47;42.82
6005;2;-4.45;42.82
6006;5;-4.43;42.82
6008;2;-4.36;42.82
6010;5;-4.13;42.85
6011;2;-4.08;42.82
6012;4;-3.97;42.82
6013;3;-3.86;42.82
6014;11;-3.84;42.82
6015;12;-3.68;42.82
6016;12;-3.65;42.82
6017;5;-3.59;42.82
6018;3;-3.32;42.82
6019;3;-3.22;42.82
6020;2;-3.21;42.82
6021;8;-3.09;42.82
6022;5;-3.01;42.82
6023;8;-2.99;42.82
6024;3;-2.98;42.82
6025;11;-2.93;42.82
6026;7;-2.91;42.82
6027;8;-2.86;42.82
6028;3;-2.80;42.82
6029;5;-2.79;42.82
6030;9;-2.73;42.82
6031;7;-2.71;42.82
6032;9;-2.05;42.82
6033;2;-1.94;42.82
6034;3;-1.84;42.82
6036;14;-1.70;42.82
6038;5;-1.46;42.82
6039;3;-1.33;42.83
6040;3;-1.26;42.82
6041;13;-1.21;42.82
6042;16;-1.19;42.82
6043;4;-1.15;42.82
6044;3;-1.14;42.82
6047;3;-0.82;42.82
6048;6;-0.79;42.82
6049;3;-0.70;42.82
6050;4;-0.67;42.82
6051;8;-0.31;42.82
6052;14;0.70;42.82
6054;10;-3.72;42.86
6055;18;-2.35;42.86
6056;10;-6.01;42.84
6057;10;-3.81;42.86
6058;9;-2.54;42.86
6059;10;-2.29;42.84
6060;7;-5.29;42.83
6061;16;-3.77;42.83
6062;12;-3.72;42.83
6063;2;-2.08;42.85
6064;14;-1.79;42.84
6065;7;-1.44;42.83
6067;7;-4.70;42.82
6069;4;-3.92;42.85
6070;8;-3.47;42.82
6071;7;-3.36;42.82
6072;9;-2.13;42.82
6073;12;-1.88;42.83
6074;6;-0.75;42.82
6075;4;-7.63;42.84
6076;3;-6.59;42.83
6077;6;-6.01;42.82
6078;10;-5.99;42.82
6079;10;-5.94;42.82
6080;3;-5.25;42.82
6081;4;-5.15;42.82
6082;7;-5.13;42.82
6084;12;-4.82;42.82
6085;11;-4.78;42.82
6086;10;-4.73;42.82
6087;8;-4.58;42.82
6088;8;-4.39;42.82
6089;13;-4.17;42.82
6090;7;-4.16;42.82
6091;10;-3.66;42.82
6092;18;-3.45;42.82
6093;8;-3.43;42.82
6094;5;-2.84;42.82
6095;13;-2.77;42.82
6096;7;-2.58;42.82
6097;9;-2.19;42.82
6098;5;-1.88;42.82
6099;9;-1.86;42.82
6100;3;-0.98;42.82
6101;11;-0.68;42.82
6102;4;-0.30;42.82
6104;6;0.87;42.82
6105;4;-8.82;42.81
6106;4;-8.79;42.81
6107;4;-7.10;42.81
6108;8;-6.50;42.81
6109;3;-6.39;42.81
6110;4;-5.95;42.81
6112;4;-5.89;42.81
6115;4;-5.49;42.81
6116;3;-5.17;42.81
6117;7;-5.16;42.81
6118;6;-5.00;42.81
6119;4;-4.91;42.81
6120;4;-4.86;42.81
6122;18;-4.54;42.82
6123;5;-4.51;42.81
6125;3;-4.35;42.81
6126;7;-4.32;42.82
6127;7;-4.19;42.81
6128;9;-4.15;42.81
6129;2;-4.06;42.81
6130;5;-4.04;42.81
6132;2;-3.92;42.81
6133;7;-3.89;42.81
6134;18;-3.84;42.81
6135;16;-3.80;42.81
6136;5;-3.74;42.81
6137;14;-3.71;42.81
6138;12;-3.67;42.81
6139;12;-3.62;42.82
6140;7;-3.56;42.83
6141;5;-3.55;42.81
6142;2;-3.49;42.81
6143;13;-3.40;42.84
6144;11;-3.33;42.81
6145;5;-3.32;42.81
6146;16;-3.30;42.81
6147;8;-3.29;42.81
6148;16;-3.28;42.81
6149;3;-3.21;42.81
6150;7;-3.20;42.81
6151;9;-3.10;42.81
6152;3;-2.91;42.81
6153;11;-2.89;42.81
6154;16;-2.83;42.81
6155;11;-2.82;42.81
6156;5;-2.78;42.81
6157;9;-2.75;42.81
6158;9;-2.70;42.82
6159;13;-2.59;42.83
6160;5;-2.63;42.81
6161;13;-2.40;42.82
6162;5;-2.33;42.81
6163;21;-2.27;42.81
6164;12;-2.21;42.81
6165;9;-2.09;42.81
6166;9;-1.99;42.84
6167;2;-1.96;42.81
6168;12;-1.84;42.81
6169;12;-1.82;42.81
6171;12;-1.63;42.81
6172;14;-1.59;42.81
6173;14;-1.55;42.83
6174;9;-1.53;42.81
6175;3;-1.25;42.81
6176;3;-1.18;42.81
6177;13;-1.17;42.81
6178;4;-1.14;42.81
6180;4;-1.12;42.81
6181;4;-1.06;42.81
6184;3;-0.80;42.81
6185;3;-0.78;42.81
6186;4;-0.37;42.82
6187;4;-0.25;42.81
6188;6;0.67;42.81
6191;4;-8.07;42.82
6192;4;-8.01;42.83
6193;7;-5.19;42.81
6195;4;-4.67;42.83
6196;2;-3.98;42.82
6197;5;-3.15;42.82
6198;19;-1.51;42.81
6199;5;-8.44;42.81
6201;4;-5.61;42.81
6202;17;-5.33;42.82
6203;3;-5.12;42.83
6204;3;-4.87;42.81
6205;12;-4.73;42.81
6206;7;-4.64;42.81
6207;21;-4.58;42.81
6208;20;-3.09;42.81
6209;16;-2.86;42.81
6210;5;-2.80;42.81
6211;9;-1.92;42.82
6212;14;-1.47;42.81
6213;14;-1.43;42.81
6214;9;-1.10;42.81
6216;8;-0.85;42.81
6217;4;-8.25;42.81
6218;4;-8.18;42.81
6219;5;-7.71;42.81
6220;4;-7.64;42.81
6221;4;-7.14;42.81
6222;4;-7.05;42.81
6223;3;-6.66;42.83
6224;7;-6.58;42.81
6225;3;-6.44;42.81
6226;7;-6.41;42.81
6227;9;-6.37;42.81
6228;9;-6.33;42.81
6229;6;-5.99;42.81
6230;4;-5.97;42.81
6232;4;-5.64;42.81
6234;4;-5.26;42.81
6236;7;-4.85;42.81
6237;3;-4.83;42.81
6238;5;-4.81;42.81
6239;8;-4.77;42.81
6240;3;-4.70;42.81
6241;18;-4.50;42.81
6242;13;-4.45;42.81
6243;4;-4.35;42.81
6244;3;-4.34;42.81
6245;7;-4.17;42.81
6246;2;-4.08;42.81
6247;3;-4.06;42.81
6248;5;-4.01;42.81
6249;4;-3.99;42.81
6250;5;-3.97;42.81
6251;7;-3.96;42.81
6252;5;-3.94;42.81
6253;14;-3.86;42.81
6254;2;-3.71;42.81
6255;8;-3.70;42.81
6256;2;-3.68;42.81
6257;2;-3.65;42.81
6258;7;-3.55;42.81
6259;5;-3.53;42.81
6260;7;-3.49;42.81
6261;9;-3.43;42.81
6262;4;-3.36;42.81
6263;8;-3.34;42.81
6264;3;-3.20;42.81
6265;4;-3.17;42.81
6266;8;-2.91;42.81
6267;10;-2.89;42.81
6268;8;-2.88;42.81
6269;18;-2.75;42.81
6270;18;-2.66;42.81
6271;8;-2.60;42.81
6272;16;-2.59;42.81
6273;16;-2.54;42.81
6274;22;-2.45;42.81
6275;18;-2.31;42.81
6276;7;-2.21;42.81
6277;12;-2.10;42.81
6278;16;-1.94;42.81
6279;5;-1.89;42.81
6280;5;-1.86;42.81
6281;9;-1.84;42.81
6282;14;-1.72;42.81
6283;12;-1.61;42.81
6285;14;-1.58;42.81
6286;9;-1.56;42.81
6288;16;-1.49;42.81
6289;16;-1.46;42.81
6290;6;-1.40;42.81
6291;7;-1.37;42.81
6292;3;-1.33;42.81
6293;13;-1.24;42.81
6294;3;-1.23;42.81
6297;6;-1.02;42.81
6298;8;-0.88;42.81
6300;11;-0.79;42.81
6301;13;-0.73;42.81
6302;8;-0.43;42.81
6303;3;0.66;42.81
6304;11;0.67;42.81
6305;9;0.74;42.81
6308;3;0.93;42.81
6309;3;0.98;42.81
6310;4;-5.75;42.86
6311;8;-0.63;42.83
6312;6;-5.96;42.82
6313;14;-5.42;42.81
6314;8;-4.42;42.81
6315;2;-1.36;42.83
6316;4;-8.00;42.81
6317;4;-7.57;42.81
6318;4;-5.80;42.81
6319;5;-4.46;42.81
6320;16;-2.78;42.81
6321;12;-2.16;42.82
6322;5;-1.67;42.83
6323;5;-0.49;42.81
6324;11;-0.32;42.81
6325;5;-8.47;42.80
6327;4;-6.45;42.80
6328;7;-6.39;42.80
6330;10;-6.01;42.80
6331;4;-5.92;42.80
6332;4;-5.86;42.81
6333;3;-5.14;42.80
6334;7;-5.09;42.80
6336;11;-4.37;42.80
6337;2;-4.32;42.80
6338;3;-4.31;42.80
6339;2;-4.30;42.80
6340;3;-4.28;42.80
6341;7;-4.21;42.80
6342;5;-3.90;42.80
6343;11;-3.73;42.80
6344;3;-3.54;42.80
6345;7;-3.39;42.80
6346;5;-2.90;42.80
6347;5;-2.83;42.80
6348;16;-2.81;42.80
6349;14;-2.71;42.80
6350;8;-2.63;42.80
6351;16;-2.61;42.80
6352;5;-1.82;42.80
6353;12;-1.79;42.81
6354;16;-1.68;42.80
6356;5;-0.71;42.80
6357;4;-0.28;42.80
6358;4;-8.23;42.80
6359;4;-8.16;42.80
6360;4;-8.12;42.80
6361;4;-7.12;42.80
6362;4;-7.08;42.80
6363;3;-6.85;42.80
6365;3;-6.59;42.80
6366;7;-6.44;42.80
6367;12;-6.37;42.80
6368;9;-6.35;42.80
6369;5;-6.36;42.84
6372;6;-6.00;42.80
6373;10;-5.94;42.80
6374;4;-5.89;42.80
6376;4;-5.71;42.80
6377;4;-5.63;42.80
6378;4;-5.54;42.80
6379;8;-5.34;42.80
6380;7;-5.13;42.80
6381;3;-5.11;42.80
6382;3;-4.78;42.80
6383;8;-4.56;42.80
6384;9;-4.44;42.80
6385;4;-4.43;42.80
6386;4;-4.34;42.80
6387;5;-4.19;42.80
6388;5;-4.12;42.80
6389;13;-4.11;42.80
6390;4;-4.02;42.80
6391;7;-4.00;42.80
6392;2;-3.99;42.80
6393;4;-3.98;42.80
6395;8;-3.71;42.80
6396;7;-3.52;42.80
6397;3;-3.49;42.80
6399;7;-3.47;42.80
6400;2;-3.46;42.80
6403;11;-3.35;42.80
6404;7;-3.16;42.80
6405;8;-2.79;42.80
6406;5;-2.78;42.80
6407;14;-2.66;42.80
6408;5;-2.64;42.80
6409;9;-2.50;42.80
6410;14;-2.37;42.80
6411;14;-2.34;42.80
6412;18;-2.27;42.80
6413;11;-2.25;42.80
6414;4;-2.22;42.80
6415;7;-2.18;42.80
6416;12;-2.08;42.80
6417;9;-2.05;42.80
6418;3;-2.01;42.80
6419;11;-1.97;42.80
6421;14;-1.77;42.80
6422;5;-1.59;42.80
6423;21;-1.56;42.80
6424;5;-1.53;42.80
6426;16;-1.26;42.80
6427;16;-1.23;42.80
6428;9;-1.21;42.80
6429;3;-1.19;42.80
6430;3;-1.15;42.80
6431;3;-1.12;42.80
6432;3;-1.07;42.80
6433;5;-1.03;42.80
6434;11;-0.69;42.80
6435;12;-0.43;42.80
6436;4;-0.36;42.80
6437;8;-0.35;42.80
6438;11;0.74;42.80
6439;3;0.95;42.80
6440;4;-6.43;42.80
6441;4;-5.50;42.80
6442;4;-4.95;42.80
6443;5;-4.54;42.80
6444;5;-3.42;42.80
6445;5;-1.91;42.80
6446;4;-0.65;42.80
6447;11;-0.38;42.80
6448;7;-0.30;42.80
6449;5;-7.78;42.79
6450;5;-7.75;42.79
6451;3;-6.62;42.79
6452;3;-6.41;42.79
6453;10;-5.97;42.79
6455;8;-5.82;42.79
6456;4;-5.55;42.82
6457;3;-4.64;42.79
6459;8;-4.09;42.79
6460;5;-4.04;42.79
6461;7;-3.97;42.79
6462;9;-3.94;42.80
6463;8;-2.56;42.79
6464;22;-2.39;42.79
6465;16;-1.92;42.79
6466;12;-1.88;42.80
6467;23;-1.50;42.79
6469;8;-0.44;42.79
6470;8;-0.42;42.79
6471;11;0.78;42.80
6472;4;-7.58;42.79
6473;8;-6.84;42.79
6474;12;-6.81;42.79
6475;4;-6.60;42.79
6477;7;-6.56;42.79
6478;3;-6.44;42.79
6479;3;-6.38;42.79
6480;5;-6.34;42.79
6483;10;-6.00;42.79
6484;4;-5.97;42.79
6485;4;-5.95;42.79
6486;6;-5.94;42.79
6488;7;-5.30;42.79
6490;3;-5.26;42.79
6493;3;-4.70;42.79
6494;9;-4.45;42.79
6495;8;-4.43;42.79
6496;8;-4.34;42.79
6497;11;-4.32;42.79
6498;8;-4.31;42.79
6499;8;-4.27;42.79
6500;7;-4.12;42.80
6501;4;-4.05;42.79
6502;5;-4.01;42.79
6504;5;-3.96;42.79
6505;10;-3.84;42.79
6507;5;-3.48;42.79
6510;3;-3.42;42.79
6511;7;-3.36;42.79
6513;5;-3.33;42.79
6514;12;-3.01;42.79
6515;16;-2.95;42.79
6516;14;-2.73;42.79
6517;5;-2.71;42.79
6518;18;-2.64;42.79
6519;8;-2.59;42.79
6520;9;-2.45;42.79
6521;22;-2.41;42.79
6522;14;-2.33;42.79
6523;10;-2.26;42.79
6524;3;-1.80;42.79
6526;5;-1.75;42.79
6527;20;-1.64;42.79
6528;18;-1.63;42.79
6529;8;-1.55;42.79
6530;5;-1.51;42.79
6532;9;-1.34;42.79
6533;2;-1.33;42.79
6534;2;-1.26;42.82
6535;9;-0.97;42.79
6536;13;-0.93;42.79
6537;3;-0.92;42.79
6538;3;-0.83;42.79
6539;9;-0.78;42.79
6540;8;-0.61;42.79
6541;8;-0.56;42.79
6542;9;-0.52;42.80
6543;2;-0.49;42.79
6544;9;-0.46;42.79
6545;9;-0.43;42.79
6546;4;-0.35;42.79
6549;9;0.90;42.79
6550;4;1.08;42.79
6551;16;-3.04;42.82
6553;4;-7.73;42.80
6554;13;-3.28;42.80
6555;2;-1.10;42.79
6556;4;-8.04;42.79
6557;11;-4.74;42.79
6558;16;-4.58;42.79
6559;3;-3.17;42.79
6560;2;-3.15;42.79
6561;10;-2.81;42.79
6562;7;-2.73;42.80
6563;9;-1.39;42.79
6564;2;-0.73;42.79
6565;5;-8.43;42.78
6566;4;-7.61;42.79
6567;8;-5.90;42.79
6568;9;-5.42;42.78
6569;13;-4.51;42.79
6570;5;-4.49;42.78
6572;3;-3.45;42.80
6573;3;-3.38;42.79
6574;18;-2.66;42.78
6575;22;-2.50;42.78
6576;16;-2.00;42.79
6577;12;-1.10;42.78
6578;3;-0.79;42.78
6579;12;-0.69;42.78
6580;9;0.64;42.78
6582;5;-7.80;42.78
6584;5;-7.71;42.78
6585;9;-7.66;42.78
6586;8;-6.81;42.78
6587;4;-6.58;42.78
6590;7;-6.43;42.78
6591;7;-6.39;42.78
6592;10;-5.97;42.78
6593;6;-5.96;42.78
6594;10;-5.95;42.78
6595;14;-5.94;42.78
6596;9;-5.87;42.78
6597;8;-5.84;42.78
6598;5;-5.83;42.78
6599;13;-5.82;42.78
6600;4;-5.71;42.78
6601;4;-5.54;42.78
6604;4;-4.88;42.78
6606;3;-4.73;42.78
6607;3;-4.63;42.78
6608;3;-4.60;42.78
6609;5;-4.41;42.78
6610;8;-4.32;42.78
6611;9;-4.31;42.78
6612;2;-4.09;42.78
6613;7;-4.00;42.78
6614;4;-3.98;42.78
6615;7;-3.93;42.78
6616;13;-3.83;42.79
6617;4;-3.52;42.78
6619;5;-3.30;42.78
6620;3;-3.20;42.78
6621;12;-3.07;42.78
6622;5;-2.91;42.78
6623;8;-2.76;42.78
6624;14;-2.71;42.78
6625;9;-2.59;42.78
6626;16;-2.51;42.78
6627;5;-2.46;42.78
6628;14;-2.45;42.78
6629;14;-2.40;42.78
6630;14;-2.35;42.78
6631;18;-2.27;42.78
6632;11;-2.25;42.78
6633;11;-2.22;42.78
6634;7;-2.15;42.78
6635;4;-1.96;42.78
6636;11;-1.93;42.78
6637;14;-1.89;42.78
6638;14;-1.79;42.78
6639;10;-1.57;42.78
6640;8;-1.50;42.78
6641;5;-1.49;42.78
6642;9;-1.37;42.78
6643;7;-1.34;42.78
6644;14;-1.33;42.78
6645;2;-1.32;42.78
6647;16;-1.23;42.78
6648;16;-1.20;42.78
6651;2;-0.81;42.78
6652;14;-0.43;42.78
6653;12;-0.32;42.78
6655;8;-0.28;42.78
6656;9;0.92;42.78
6658;4;1.05;42.78
6659;11;-4.62;42.80
6660;8;-3.25;42.79
6661;9;-7.70;42.79
6662;4;-5.18;42.79
6663;11;-4.06;42.80
6664;12;-2.02;42.79
6665;20;-1.59;42.78
6666;23;-1.56;42.78
6667;4;-8.07;42.78
6669;6;-3.14;42.78
6670;8;-2.95;42.80
6671;18;-2.37;42.78
6672;5;-7.67;42.79
6673;15;-6.29;42.77
6674;4;-5.76;42.79
6677;9;-4.47;42.77
6678;9;-4.34;42.77
6679;11;-4.24;42.79
6680;5;-4.06;42.77
6681;5;-3.86;42.77
6683;11;-3.75;42.77
6684;3;-3.49;42.78
6685;5;-3.45;42.77
6686;11;-3.34;42.77
6687;8;-2.99;42.77
6688;18;-2.29;42.77
6689;16;-2.26;42.77
6690;12;-2.12;42.78
6691;5;-1.55;42.77
6692;14;-1.35;42.77
6693;9;-1.25;42.78
6694;5;-0.97;42.78
6695;14;-0.53;42.78
6696;4;-0.45;42.77
6697;9;-0.35;42.77
6699;6;0.90;42.77
6700;5;-8.44;42.77
6701;5;-7.77;42.77
6702;4;-7.72;42.77
6703;4;-7.66;42.77
6704;8;-6.85;42.77
6705;12;-6.83;42.77
6706;12;-6.81;42.77
6707;3;-6.43;42.77
6708;5;-5.81;42.77
6709;4;-5.52;42.77
6712;8;-4.70;42.77
6713;3;-4.61;42.77
6714;11;-4.60;42.77
6715;8;-4.59;42.77
6716;13;-4.49;42.77
6718;5;-4.43;42.77
6719;3;-4.25;42.77
6721;5;-4.13;42.77
6722;5;-4.01;42.77
6723;2;-3.98;42.77
6724;11;-3.84;42.77
6725;8;-3.68;42.77
6726;8;-3.66;42.77
6727;4;-3.53;42.77
6729;2;-3.48;42.77
6730;3;-3.47;42.77
6731;7;-3.36;42.77
6733;5;-3.32;42.77
6734;10;-3.30;42.77
6735;13;-3.26;42.77
6737;12;-3.01;42.77
6738;5;-2.95;42.77
6739;16;-2.91;42.77
6740;18;-2.67;42.77
6741;16;-2.59;42.77
6742;9;-2.45;42.77
6743;5;-2.44;42.77
6744;7;-2.38;42.77
6745;11;-2.24;42.77
6746;13;-2.00;42.77
6747;11;-1.95;42.77
6750;12;-1.78;42.77
6751;14;-1.74;42.77
6752;16;-1.67;42.77
6753;18;-1.58;42.77
6754;5;-1.52;42.77
6755;18;-1.46;42.77
6756;18;-1.44;42.77
6757;9;-1.38;42.77
6758;2;-1.23;42.77
6759;9;-1.10;42.77
6760;3;-1.05;42.77
6761;7;-0.98;42.77
6762;3;-0.81;42.77
6763;4;-0.66;42.77
6764;17;-0.55;42.77
6765;8;-0.52;42.77
6766;4;-0.48;42.77
6767;8;-0.30;42.77
6768;8;-0.19;42.77
6769;6;0.70;42.77
6770;6;0.92;42.77
6771;10;1.08;42.77
6772;3;-6.80;42.81
6773;4;-6.51;42.80
6774;16;-4.37;42.78
6776;9;-7.77;42.78
6777;2;-1.18;42.78
6778;4;-6.54;42.77
6779;14;-2.43;42.77
6780;7;-2.20;42.77
6781;12;-1.68;42.78
6782;14;-0.48;42.77
6783;9;0.77;42.77
6784;4;-6.60;42.76
6785;4;-6.45;42.77
6786;5;-5.86;42.77
6787;4;-4.91;42.77
6788;4;-4.85;42.77
6789;13;-4.57;42.77
6790;8;-4.31;42.76
6791;5;-4.16;42.76
6792;4;-3.99;42.76
6793;3;-3.15;42.76
6794;7;-2.67;42.78
6795;7;-1.33;42.77
6796;9;-1.30;42.77
6797;13;-0.99;42.76
6798;13;-0.95;42.76
6800;4;-0.27;42.77
6802;4;-8.09;42.76
6803;4;-8.05;42.76
6804;4;-7.74;42.76
6805;12;-6.84;42.76
6806;4;-6.57;42.76
6807;4;-6.52;42.76
6808;3;-6.44;42.76
6809;7;-6.43;42.76
6810;9;-5.89;42.76
6811;5;-5.77;42.76
6812;5;-5.75;42.76
6813;9;-5.41;42.76
6814;3;-5.35;42.76
6817;8;-4.34;42.76
6818;16;-4.32;42.76
6819;18;-4.26;42.76
6820;16;-4.24;42.76
6821;3;-4.23;42.76
6823;7;-4.00;42.76
6824;11;-3.85;42.76
6825;3;-3.81;42.76
6826;11;-3.80;42.76
6827;2;-3.68;42.78
6828;3;-3.45;42.76
6829;3;-3.37;42.76
6830;5;-3.34;42.76
6831;3;-3.31;42.76
6832;10;-3.27;42.76
6833;16;-3.25;42.76
6834;5;-2.83;42.76
6835;7;-2.72;42.76
6836;9;-2.60;42.76
6837;9;-2.51;42.76
6838;22;-2.41;42.76
6839;14;-2.38;42.76
6840;12;-2.07;42.76
6841;12;-2.05;42.76
6842;10;-1.96;42.76
6843;12;-1.88;42.76
6845;12;-1.80;42.76
6846;14;-1.78;42.76
6847;5;-1.68;42.76
6848;14;-1.67;42.76
6849;18;-1.60;42.76
6850;23;-1.53;42.77
6851;21;-1.52;42.76
6852;8;-1.51;42.76
6853;18;-1.50;42.76
6854;5;-1.43;42.76
6855;3;-1.18;42.76
6856;3;-1.12;42.76
6857;4;-1.06;42.76
6859;7;-1.00;42.78
6860;5;-0.93;42.76
6861;12;-0.88;42.76
6862;3;-0.83;42.76
6863;12;-0.69;42.76
6864;8;-0.63;42.76
6865;8;-0.54;42.76
6866;14;-0.52;42.76
6867;6;-0.50;42.76
6868;17;-0.44;42.76
6870;3;-0.35;42.76
6871;9;-0.31;42.76
6873;8;-0.24;42.77
6875;6;0.79;42.76
6876;11;-3.25;42.80
6877;20;-3.03;42.78
6878;11;-0.62;42.77
6879;4;-6.40;42.77
6880;7;-5.33;42.77
6881;3;-5.31;42.78
6882;2;-3.63;42.76
6884;11;-2.46;42.78
6885;5;-1.87;42.77
6886;11;-1.39;42.77
6887;4;-7.69;42.75
6888;3;-6.41;42.76
6889;7;-6.40;42.76
6890;5;-5.39;42.76
6891;11;-4.04;42.77
6892;3;-3.83;42.75
6893;3;-3.51;42.76
6894;7;-3.49;42.76
6895;2;-3.42;42.76
6896;5;-3.23;42.76
6897;7;-3.20;42.79
6898;9;-3.12;42.78
6899;8;-2.89;42.76
6900;14;-2.65;42.75
6901;18;-2.32;42.76
6902;11;-1.91;42.76
6903;20;-1.57;42.76
6904;14;-1.31;42.76
6905;16;-1.20;42.76
6906;4;-1.10;42.76
6907;12;-0.82;42.76
6908;6;0.65;42.76
6909;4;-6.43;42.75
6910;5;-5.93;42.75
6911;9;-5.91;42.75
6912;13;-5.77;42.75
6913;5;-5.76;42.75
6914;9;-5.75;42.77
6915;4;-5.58;42.75
6917;5;-4.39;42.75
6918;13;-4.37;42.75
6919;5;-4.36;42.75
6920;13;-4.35;42.75
6921;18;-4.32;42.75
6922;11;-4.23;42.75
6923;3;-4.02;42.75
6925;7;-3.98;42.75
6926;5;-3.85;42.75
6927;5;-3.79;42.78
6928;7;-3.54;42.75
6930;3;-3.39;42.75
6931;10;-3.25;42.75
6932;4;-3.16;42.75
6933;5;-3.14;42.75
6934;9;-3.10;42.75
6935;9;-2.63;42.75
6936;9;-2.53;42.75
6937;22;-2.40;42.75
6938;22;-2.37;42.75
6939;18;-2.35;42.75
6940;21;-2.34;42.75
6941;16;-1.99;42.75
6943;12;-1.78;42.75
6944;5;-1.67;42.75
6945;18;-1.53;42.75
6946;18;-1.49;42.75
6947;18;-1.43;42.75
6948;5;-1.42;42.75
6949;7;-1.33;42.75
6950;16;-1.32;42.75
6952;3;-1.11;42.75
6954;7;-1.06;42.75
6955;4;-1.05;42.75
6957;2;-0.76;42.75
6958;17;-0.47;42.75
6959;5;-0.31;42.75
6960;4;-0.25;42.75
6961;4;-0.23;42.75
6962;8;-0.21;42.75
6964;6;0.91;42.75
6965;10;1.08;42.75
6966;4;1.14;42.75
6967;5;-5.72;42.76
6968;5;-5.41;42.81
6969;4;-5.55;42.76
6970;8;-4.08;42.75
6971;4;-5.95;42.76
6972;8;-5.94;42.75
6973;7;-2.32;42.79
6974;4;-7.73;42.75
6975;4;-6.51;42.75
6976;15;-6.20;42.75
6978;8;-4.45;42.75
6979;16;-4.34;42.75
6980;8;-4.24;42.75
6981;4;-4.00;42.75
6982;3;-3.73;42.75
6983;2;-3.53;42.75
6984;3;-3.42;42.75
6985;5;-3.31;42.75
6986;9;-2.57;42.75
6987;5;-1.59;42.75
6988;5;-1.53;42.75
6992;14;-0.45;42.75
6993;8;-0.28;42.75
6994;10;1.11;42.75
6996;9;-6.88;42.74
6997;5;-5.89;42.74
6998;13;-5.75;42.74
6999;8;-5.68;42.74
7000;4;-5.35;42.74
7001;4;-5.11;42.74
7003;13;-4.36;42.74
7004;15;-4.35;42.74
7005;11;-4.32;42.74
7006;8;-4.30;42.74
7007;5;-4.10;42.74
7008;8;-4.05;42.74
7011;3;-3.99;42.74
7012;3;-3.76;42.74
7013;11;-3.74;42.74
7014;7;-3.52;42.74
7015;2;-3.51;42.74
7016;3;-3.48;42.74
7017;3;-3.45;42.74
7018;5;-3.43;42.74
7019;3;-3.37;42.74
7020;3;-3.35;42.74
7021;7;-3.33;42.74
7022;9;-3.24;42.74
7023;11;-3.23;42.74
7024;5;-3.21;42.74
7025;12;-3.11;42.74
7026;5;-2.85;42.74
7027;7;-2.64;42.74
7028;16;-2.54;42.74
7029;10;-2.33;42.74
7030;10;-2.27;42.75
7031;9;-2.12;42.74
7032;3;-1.81;42.75
7033;14;-1.76;42.74
7034;18;-1.56;42.74
7035;18;-1.51;42.74
7036;11;-1.40;42.74
7037;14;-1.32;42.74
7038;9;-1.30;42.74
7042;16;-1.17;42.74
7043;7;-1.15;42.74
7044;9;-1.10;42.74
7045;5;-0.93;42.74
7046;9;-0.69;42.74
7047;8;-0.61;42.74
7048;17;-0.54;42.74
7049;17;-0.45;42.74
7050;9;-0.33;42.74
7051;3;-0.31;42.74
7052;8;-0.23;42.74
7053;16;-3.29;42.77
7054;5;-1.63;42.77
7055;16;-1.35;42.75
7056;16;-1.26;42.75
7058;9;-1.21;42.75
7059;7;-0.94;42.76
7060;9;-6.81;42.74
7062;5;-6.23;42.74
7063;9;-5.93;42.74
7064;5;-5.84;42.75
7065;8;-4.39;42.74
7066;8;-3.96;42.74
7069;3;-3.54;42.74
7070;4;-3.14;42.74
7071;5;-3.13;42.74
7072;10;-2.52;42.74
7073;13;-2.01;42.74
7074;3;-1.78;42.74
7075;4;-1.06;42.74
7077;12;-0.68;42.74
7078;4;-0.21;42.76
7079;13;1.06;42.74
7080;4;-7.72;42.73
7082;5;-5.81;42.73
7083;9;-5.75;42.73
7084;5;-5.74;42.73
7085;13;-5.73;42.73
7087;4;-5.57;42.73
7088;5;-5.45;42.73
7089;8;-4.79;42.73
7092;13;-4.32;42.74
7093;16;-4.30;42.73
7094;10;-4.29;42.73
7095;10;-4.22;42.73
7096;8;-4.21;42.73
7097;5;-4.04;42.73
7098;2;-3.85;42.73
7099;3;-3.84;42.73
7100;3;-3.74;42.73
7101;2;-3.52;42.73
7102;7;-3.51;42.73
7103;7;-3.46;42.73
7104;7;-3.42;42.73
7106;4;-3.33;42.73
7108;2;-3.30;42.73
7109;12;-3.02;42.73
7110;8;-2.93;42.73
7111;5;-2.91;42.73
7112;16;-2.53;42.73
7113;5;-2.45;42.73
7114;22;-2.39;42.73
7115;21;-2.32;42.73
7116;14;-2.29;42.73
7117;8;-2.27;42.73
7118;3;-2.26;42.73
7119;4;-2.22;42.73
7120;9;-2.13;42.73
7122;12;-1.83;42.73
7123;12;-1.81;42.73
7124;14;-1.77;42.73
7125;5;-1.74;42.73
7126;14;-1.72;42.73
7127;5;-1.61;42.73
7128;5;-1.46;42.73
7129;18;-1.45;42.73
7130;2;-1.40;42.73
7131;9;-1.38;42.73
7132;14;-1.34;42.73
7133;11;-1.30;42.73
7134;16;-1.29;42.73
7136;3;-1.23;42.73
7138;4;-1.15;42.73
7139;9;-1.00;42.73
7140;3;-0.91;42.73
7141;11;-0.86;42.73
7144;9;-0.75;42.75
7145;8;-0.62;42.73
7146;5;-0.59;42.73
7147;8;-0.55;42.73
7148;14;-0.54;42.73
7149;3;-0.32;42.73
7150;8;-0.24;42.73
7151;4;-0.23;42.73
7152;11;-0.22;42.73
7153;3;0.15;42.73
7154;3;0.18;42.74
7155;6;0.80;42.73
7156;6;0.90;42.73
7157;4;-3.58;42.77
7158;16;-1.73;42.78
7159;8;-5.79;42.75
7160;9;-3.90;42.76
7162;14;-2.73;42.74
7163;4;-5.66;42.75
7164;4;-4.81;42.74
7165;16;-4.19;42.74
7166;13;-1.92;42.75
7167;2;-3.36;42.75
7168;22;-2.46;42.74
7169;4;-5.61;42.74
7170;8;-4.03;42.73
7171;11;-3.80;42.74
7172;7;-3.55;42.73
7173;5;-3.39;42.73
7175;10;-2.57;42.77
7176;14;-2.50;42.73
7177;11;-2.41;42.75
7178;18;-1.97;42.74
7179;12;-1.84;42.76
7180;7;-1.84;42.73
7181;5;-1.70;42.73
7182;9;-1.18;42.73
7183;4;-0.57;42.76
7184;9;0.20;42.73
7185;9;-5.84;42.73
7186;4;-5.77;42.73
7187;4;-5.68;42.73
7188;8;-5.67;42.73
7189;5;-5.38;42.73
7190;4;-4.84;42.73
7194;2;-4.37;42.73
7195;8;-4.36;42.73
7196;11;-4.34;42.73
7197;2;-4.01;42.73
7198;12;-3.94;42.74
7199;4;-3.20;42.73
7200;14;-3.10;42.77
7201;12;-2.97;42.74
7202;5;-2.86;42.73
7203;8;-2.56;42.73
7204;11;-2.48;42.73
7205;5;-2.13;42.79
7206;14;-1.89;42.73
7207;16;-1.75;42.73
7208;11;-1.39;42.73
7210;9;-1.24;42.73
7212;3;-1.08;42.73
7213;9;-0.49;42.73
7214;9;-8.35;42.72
7215;4;-8.04;42.72
7216;4;-7.70;42.72
7217;15;-6.25;42.72
7218;9;-5.92;42.72
7219;5;-5.90;42.72
7221;8;-5.75;42.72
7222;4;-5.70;42.72
7223;4;-5.50;42.72
7224;4;-5.46;42.72
7225;8;-5.37;42.72
7227;4;-5.05;42.77
7228;8;-4.40;42.72
7230;11;-4.31;42.72
7231;3;-4.30;42.72
7232;18;-4.22;42.72
7233;16;-4.21;42.72
7234;8;-4.19;42.72
7235;8;-4.16;42.72
7236;5;-4.09;42.72
7237;12;-3.97;42.72
7238;5;-3.96;42.72
7239;10;-3.89;42.72
7240;7;-3.86;42.72
7241;3;-3.81;42.72
7242;3;-3.78;42.72
7244;11;-3.72;42.73
7245;8;-3.66;42.76
7246;7;-3.52;42.72
7247;11;-3.46;42.72
7249;3;-3.40;42.72
7251;4;-3.35;42.72
7252;2;-3.32;42.72
7253;4;-3.30;42.72
7254;11;-3.29;42.72
7255;5;-3.24;42.72
7256;11;-3.23;42.72
7257;3;-3.20;42.72
7258;5;-3.14;42.72
7259;3;-3.13;42.72
7260;16;-3.05;42.74
7261;20;-3.05;42.72
7262;13;-2.99;42.72
7263;9;-2.98;42.72
7264;16;-2.91;42.72
7265;8;-2.89;42.72
7266;8;-2.82;42.73
7267;11;-2.77;42.72
7268;18;-2.68;42.74
7269;5;-2.66;42.72
7270;21;-2.64;42.72
7271;16;-2.54;42.72
7272;11;-2.45;42.72
7273;22;-2.44;42.72
7274;7;-2.25;42.72
7275;5;-2.22;42.72
7276;4;-2.21;42.72
7278;4;-2.17;42.72
7279;9;-2.14;42.72
7280;5;-2.13;42.72
7281;10;-2.11;42.72
7282;17;-2.09;42.72
7283;12;-2.07;42.73
7284;14;-2.02;42.72
7285;11;-2.01;42.72
7286;5;-1.94;42.72
7288;5;-1.77;42.72
7289;5;-1.72;42.72
7290;14;-1.70;42.72
7291;14;-1.68;42.72
7292;5;-1.52;42.72
7293;14;-1.45;42.72
7294;9;-1.30;42.72
7297;5;-1.20;42.72
7299;9;-1.15;42.72
7300;9;-1.13;42.72
7301;9;-1.10;42.72
7302;12;-1.07;42.72
7303;13;-0.99;42.72
7305;9;-0.80;42.72
7306;11;-0.60;42.72
7307;17;-0.47;42.72
7308;9;-0.32;42.72
7309;8;-0.25;42.72
7310;3;-0.24;42.72
7314;6;0.71;42.72
7315;10;1.06;42.72
7316;4;1.08;42.72
7317;10;1.12;42.72
7318;20;-1.51;42.75
7319;13;1.10;42.76
7320;4;-5.15;42.74
7321;8;-4.65;42.75
7322;5;-4.53;42.75
7323;8;-4.76;42.75
7324;25;-2.36;42.73
7325;7;-3.99;42.73
7326;10;-3.27;42.73
7327;18;-1.42;42.72
7328;12;-1.12;42.72
7330;9;-5.43;42.73
7331;13;-5.40;42.73
7332;9;-4.79;42.72
7333;13;-4.53;42.73
7334;16;-4.27;42.75
7335;9;-2.52;42.72
7336;21;-2.28;42.72
7337;18;-1.44;42.72
7338;7;-1.43;42.72
7339;9;-1.40;42.72
7340;15;-1.32;42.72
7341;9;-1.06;42.72
7342;4;-1.05;42.72
7343;13;-1.01;42.72
7344;2;-0.43;42.72
7345;8;-0.23;42.72
7346;4;-0.15;42.72
7347;9;-8.38;42.71
7348;5;-8.30;42.71
7350;4;-7.72;42.71
7352;9;-6.91;42.71
7353;4;-6.51;42.71
7354;15;-6.26;42.71
7355;4;-5.95;42.71
7356;9;-5.94;42.71
7357;4;-5.80;42.71
7358;9;-5.75;42.71
7359;4;-5.67;42.71
7360;5;-5.44;42.71
7361;5;-5.40;42.71
7362;8;-5.38;42.71
7363;3;-5.08;42.71
7364;4;-5.07;42.71
7365;3;-5.04;42.71
7367;8;-4.68;42.71
7368;4;-4.66;42.71
7370;5;-4.54;42.71
7371;5;-4.50;42.71
7372;5;-4.48;42.71
7373;18;-4.40;42.71
7374;7;-4.36;42.71
7375;10;-4.35;42.71
7376;10;-4.27;42.71
7377;8;-4.05;42.71
7378;11;-3.51;42.71
7379;11;-3.47;42.71
7380;3;-3.38;42.71
7381;7;-3.35;42.71
7382;13;-3.33;42.71
7383;7;-3.32;42.71
7384;16;-3.28;42.71
7385;10;-3.23;42.71
7386;16;-3.17;42.71
7387;9;-3.16;42.71
7388;16;-2.85;42.75
7389;25;-2.44;42.71
7390;21;-2.31;42.71
7391;12;-2.24;42.71
7393;14;-2.13;42.71
7394;7;-2.12;42.71
7395;7;-2.09;42.71
7396;5;-1.89;42.71
7397;23;-1.88;42.71
7398;21;-1.87;42.71
7399;21;-1.82;42.71
7400;5;-1.81;42.71
7401;21;-1.80;42.71
7402;5;-1.78;42.71
7403;8;-1.72;42.71
7404;5;-1.70;42.71
7405;19;-1.61;42.71
7406;14;-1.58;42.71
7407;5;-1.56;42.71
7408;5;-1.53;42.71
7409;20;-1.52;42.71
7410;18;-1.51;42.71
7411;5;-1.50;42.71
7412;18;-1.46;42.71
7413;7;-1.45;42.71
7415;15;-1.37;42.71
7416;13;-1.35;42.71
7417;16;-1.24;42.72
7419;12;-1.14;42.71
7420;3;-1.13;42.71
7421;9;-1.11;42.71
7422;9;-1.08;42.71
7423;3;-1.07;42.71
7427;12;-0.82;42.71
7428;9;-0.75;42.71
7429;11;-0.56;42.71
7430;9;-0.34;42.71
7431;9;0.77;42.71
7432;3;0.79;42.71
7433;10;1.14;42.71
7434;4;1.16;42.71
7435;13;-5.88;42.75
7436;9;-6.18;42.72
7437;8;-4.26;42.72
7438;2;-3.49;42.72
7439;6;-0.55;42.71
7440;8;-0.52;42.73
7441;4;-0.12;42.71
7442;9;0.22;42.71
7443;6;0.84;42.71
7444;4;1.05;42.71
7446;15;-6.28;42.71
7447;9;-5.90;42.71
7448;5;-5.88;42.71
7449;13;-5.82;42.73
7450;7;-4.85;42.71
7451;13;-4.44;42.75
7452;5;-4.40;42.71
7453;11;-4.30;42.71
7454;7;-3.94;42.71
7455;7;-3.88;42.71
7456;5;-3.85;42.72
7457;6;-3.39;42.71
7458;5;-3.35;42.71
7459;9;-3.19;42.71
7460;8;-3.13;42.71
7461;13;-2.96;42.71
7462;9;-2.74;42.71
7463;9;-2.54;42.71
7464;9;-2.16;42.71
7465;9;-1.92;42.71
7466;14;-1.63;42.71
7467;5;-1.15;42.71
7468;7;-0.94;42.71
7469;19;-0.50;42.71
7470;3;-0.32;42.71
7471;12;-0.31;42.71
7472;5;-0.30;42.71
7473;8;-0.27;42.71
7474;11;-0.20;42.72
7475;4;-7.71;42.71
7476;4;-7.63;42.71
7478;9;-6.92;42.71
7479;5;-6.91;42.71
7480;9;-6.88;42.71
7481;5;-6.88;42.71
7482;9;-6.16;42.71
7483;5;-5.78;42.71
7484;9;-5.77;42.71
7485;13;-5.75;42.71
7486;4;-5.74;42.71
7487;4;-5.70;42.71
7488;4;-5.63;42.71
7489;8;-5.45;42.71
7491;13;-5.43;42.71
7492;5;-5.42;42.71
7493;13;-5.40;42.71
7495;4;-5.09;42.71
7496;8;-4.82;42.71
7497;4;-4.73;42.71
7499;21;-4.35;42.71
7501;7;-4.27;42.71
7503;8;-4.10;42.71
7504;8;-4.06;42.71
7505;16;-4.05;42.71
7506;2;-3.97;42.71
7508;5;-3.83;42.71
7509;3;-3.55;42.71
7510;11;-3.54;42.71
7511;11;-3.52;42.71
7512;11;-3.46;42.71
7514;9;-3.33;42.71
7515;13;-3.30;42.71
7516;8;-3.28;42.71
7517;16;-3.22;42.71
7518;9;-2.98;42.71
7519;12;-2.84;42.71
7520;12;-2.79;42.71
7521;12;-2.76;42.71
7522;5;-2.75;42.71
7523;21;-2.44;42.71
7524;25;-2.43;42.71
7525;7;-2.13;42.71
7526;23;-1.80;42.71
7527;16;-1.71;42.71
7528;12;-1.65;42.71
7529;10;-1.59;42.71
7530;12;-1.46;42.71
7531;9;-1.43;42.71
7533;5;-1.39;42.71
7534;18;-1.34;42.71
7535;4;-1.22;42.71
7536;9;-1.18;42.71
7537;20;-1.17;42.71
7538;2;-1.11;42.71
7539;13;-1.07;42.71
7540;8;-1.06;42.71
7543;8;-0.98;42.71
7544;13;-0.95;42.71
7545;9;-0.78;42.71
7547;2;-0.77;42.74
7548;9;-0.72;42.71
7549;9;-0.69;42.71
7550;11;-0.67;42.71
7551;8;-0.66;42.71
7552;8;-0.58;42.71
7553;9;-0.54;42.71
7554;17;-0.49;42.71
7555;19;-0.48;42.71
7556;12;-0.43;42.71
7558;13;-0.29;42.71
7559;4;-0.22;42.71
7560;4;-0.07;42.71
7561;9;0.75;42.71
7562;6;0.77;42.71
7563;9;0.78;42.71
7565;13;0.80;42.71
7566;9;0.85;42.71
7567;3;0.89;42.71
7569;6;1.14;42.71
7570;9;1.33;42.71
7571;6;1.34;42.71
7572;12;-0.38;42.74
7573;14;-6.20;42.71
7574;4;-8.19;42.71
7575;11;-6.22;42.72
7576;5;-5.92;42.71
7579;4;-7.80;42.75
7580;4;-6.41;42.71
7581;14;-6.23;42.71
7582;9;-5.84;42.70
7583;13;-4.22;42.80
7584;16;-4.08;42.71
7586;3;-3.43;42.71
7587;7;-3.11;42.71
7588;9;-2.00;42.71
7589;7;-0.16;42.71
7590;3;0.16;42.71
7592;4;-6.47;42.72
7593;18;-6.24;42.70
7594;5;-5.82;42.70
7595;4;-5.61;42.70
7596;4;-5.54;42.72
7598;4;-4.55;42.70
7599;9;-3.25;42.70
7600;10;-3.18;42.70
7601;9;-3.17;42.70
7602;10;-3.15;42.70
7603;5;-2.24;42.70
7604;9;-1.95;42.70
7605;7;-1.93;42.70
7606;21;-1.89;42.70
7607;5;-1.82;42.70
7608;9;-1.55;42.70
7609;20;-1.26;42.70
7611;13;-1.12;42.70
7612;11;-0.84;42.70
7613;7;-0.10;42.70
7614;3;0.34;42.70
7615;9;0.61;42.70
7616;9;0.71;42.77
7617;9;-6.70;42.70
7618;15;-6.31;42.70
7619;9;-5.87;42.70
7620;5;-5.86;42.70
7621;13;-5.78;42.70
7622;8;-5.73;42.70
7623;8;-5.68;42.71
7626;9;-4.78;42.70
7627;4;-4.74;42.70
7629;18;-4.35;42.70
7630;11;-4.34;42.70
7631;5;-4.31;42.71
7632;2;-4.25;42.70
7634;3;-4.19;42.70
7635;13;-4.18;42.70
7637;5;-4.05;42.70
7638;5;-4.02;42.70
7639;7;-3.97;42.70
7640;3;-3.86;42.70
7641;3;-3.46;42.70
7642;4;-3.43;42.70
7643;3;-3.39;42.70
7644;11;-3.35;42.70
7645;9;-3.30;42.70
7646;7;-3.28;42.70
7647;8;-3.22;42.70
7648;9;-3.21;42.70
7649;9;-2.97;42.70
7650;12;-2.82;42.70
7651;8;-2.49;42.70
7652;14;-2.43;42.70
7653;25;-2.41;42.70
7655;12;-1.96;42.70
7656;3;-1.94;42.70
7657;21;-1.79;42.70
7658;14;-1.65;42.70
7659;5;-1.62;42.70
7660;9;-1.61;42.70
7661;11;-1.53;42.70
7662;5;-1.52;42.70
7664;18;-1.38;42.70
7665;18;-1.30;42.70
7666;7;-1.24;42.70
7667;4;-1.18;42.70
7670;2;-1.01;42.70
7671;12;-0.89;42.70
7672;3;-0.86;42.70
7673;3;-0.83;42.70
7674;13;-0.78;42.70
7675;2;-0.72;42.70
7676;13;-0.68;42.70
7678;19;-0.49;42.70
7679;6;-0.46;42.72
7680;2;-0.40;42.70
7682;16;-0.29;42.70
7683;11;-0.25;42.70
7685;7;-0.07;42.70
7687;9;0.80;42.70
7688;10;0.82;42.70
7689;13;0.83;42.70
7690;3;0.84;42.70
7692;13;1.08;42.71
7693;9;1.08;42.70
7694;13;1.14;42.70
7695;13;1.16;42.70
7696;9;1.29;42.70
7697;9;1.34;42.70
7698;11;-6.26;42.74
7699;9;0.87;42.74
7700;5;-4.37;42.70
7701;16;-3.71;42.70
7702;16;-2.60;42.71
7703;11;-2.03;42.70
7704;5;-8.38;42.70
7705;9;-8.35;42.70
7706;8;-4.50;42.70
7707;8;-4.03;42.70
7708;5;-1.86;42.70
7709;4;-8.03;42.70
7710;4;-6.51;42.69
7711;14;-6.25;42.69
7712;6;-6.16;42.79
7713;18;-4.09;42.69
7714;2;-2.06;42.70
7716;16;-1.15;42.69
7717;2;-0.97;42.86
7718;16;-0.62;42.69
7719;3;-0.54;42.69
7720;5;-0.31;42.69
7722;9;0.26;42.69
7723;4;0.49;42.69
7724;6;0.78;42.69
7725;6;0.94;42.69
7726;9;1.11;42.70
7727;9;-8.38;42.69
7729;5;-8.09;42.69
7730;5;-8.06;42.69
7732;4;-8.00;42.69
7733;11;-6.24;42.69
7734;4;-5.93;42.69
7735;9;-5.91;42.69
7737;5;-5.74;42.69
7738;5;-5.69;42.69
7739;4;-5.46;42.69
7742;3;-5.12;42.69
7743;4;-4.72;42.69
7744;11;-4.32;42.69
7745;3;-4.31;42.69
7746;11;-4.29;42.69
7747;5;-4.19;42.69
7748;7;-4.10;42.69
7749;7;-4.08;42.69
7750;8;-4.06;42.69
7751;16;-4.05;42.69
7752;11;-3.96;42.69
7753;5;-3.62;42.69
7754;8;-3.21;42.69
7755;9;-3.18;42.69
7756;5;-3.17;42.69
7757;16;-3.13;42.69
7758;3;-3.10;42.69
7759;4;-3.09;42.69
7760;5;-2.85;42.69
7763;14;-2.38;42.71
7764;10;-2.37;42.69
7765;9;-2.21;42.69
7766;7;-2.08;42.69
7767;9;-1.92;42.69
7768;5;-1.89;42.69
7769;12;-1.83;42.69
7770;21;-1.82;42.69
7771;5;-1.65;42.69
7773;11;-1.52;42.69
7774;5;-1.44;42.69
7776;14;-1.42;42.69
7777;18;-1.34;42.69
7778;13;-1.15;42.69
7779;11;-1.12;42.69
7780;2;-1.09;42.69
7781;5;-1.07;42.69
7782;8;-0.95;42.69
7783;2;-0.89;42.69
7784;9;-0.88;42.69
7785;3;-0.85;42.69
7786;9;-0.81;42.69
7787;13;-0.67;42.69
7788;12;-0.53;42.69
7789;2;-0.44;42.69
7790;6;-0.43;42.69
7791;2;-0.36;42.69
7792;13;-0.35;42.69
7793;16;-0.33;42.69
7794;13;-0.15;42.69
7795;3;-0.10;42.69
7796;7;-0.09;42.69
7797;4;0.19;42.69
7798;10;0.28;42.69
7799;10;0.31;42.69
7800;13;0.33;42.69
7801;13;0.37;42.69
7802;4;0.39;42.69
7803;6;0.78;42.78
7804;9;0.79;42.69
7806;10;1.05;42.69
7807;6;1.06;42.69
7808;10;1.09;42.70
7809;4;1.16;42.69
7811;9;1.38;42.69
7812;4;-6.56;42.72
7813;3;-5.20;42.70
7814;4;-7.58;42.72
7815;12;-4.80;42.69
7817;5;-3.90;42.69
7818;14;-2.10;42.70
7819;7;-1.90;42.69
7820;5;-1.58;42.69
7821;20;-1.32;42.69
7822;10;0.47;42.68
7823;6;0.89;42.69
7824;4;-5.66;42.69
7825;8;-4.57;42.68
7826;4;-4.47;42.68
7827;3;-3.53;42.69
7828;5;-2.92;42.70
7829;5;-2.69;42.68
7830;9;-1.62;42.68
7831;20;-1.21;42.69
7832;11;-1.05;42.68
7833;11;-0.99;42.68
7834;13;-0.80;42.68
7835;16;-0.42;42.68
7836;6;-0.40;42.68
7837;2;-0.29;42.68
7838;4;0.10;42.69
7839;14;0.14;42.68
7840;4;0.55;42.68
7841;9;0.64;42.69
7842;9;0.94;42.68
7843;9;1.18;42.68
7844;5;-8.38;42.68
7846;4;-8.02;42.68
7847;4;-7.77;42.69
7848;9;-6.77;42.68
7849;4;-6.58;42.68
7850;4;-6.43;42.68
7851;5;-5.80;42.68
7852;9;-5.74;42.68
7855;4;-4.67;42.68
7857;3;-4.17;42.68
7858;8;-4.08;42.68
7859;7;-4.06;42.68
7860;13;-3.94;42.68
7861;16;-3.93;42.68
7862;10;-3.91;42.68
7863;3;-3.45;42.68
7864;7;-3.10;42.68
7865;11;-3.09;42.68
7866;4;-3.08;42.68
7867;14;-2.82;42.68
7868;22;-2.80;42.68
7869;2;-2.73;42.68
7870;9;-2.58;42.69
7871;5;-2.53;42.68
7872;5;-2.41;42.68
7873;18;-1.95;42.68
7876;5;-1.80;42.68
7878;5;-1.64;42.68
7879;3;-1.58;42.68
7880;5;-1.52;42.68
7881;12;-1.51;42.68
7882;5;-1.43;42.68
7884;5;-1.38;42.68
7885;18;-1.33;42.68
7886;8;-1.14;42.68
7887;7;-1.12;42.68
7888;7;-1.07;42.68
7890;7;-1.01;42.68
7891;7;-0.95;42.68
7892;11;-0.94;42.68
7894;16;-0.88;42.68
7895;9;-0.87;42.68
7896;3;-0.81;42.68
7897;13;-0.74;42.68
7898;5;-0.71;42.68
7899;16;-0.69;42.68
7900;16;-0.63;42.68
7901;12;-0.54;42.68
7902;13;-0.43;42.68
7903;4;-0.15;42.68
7904;3;-0.12;42.68
7905;16;-0.07;42.68
7906;17;0.17;42.68
7907;13;0.20;42.68
7908;10;0.25;42.68
7909;4;0.32;42.68
7910;13;0.34;42.68
7911;4;0.38;42.68
7913;9;0.71;42.68
7914;9;0.78;42.68
7915;13;0.89;42.68
7916;13;0.91;42.68
7917;9;1.05;42.68
7918;10;1.06;42.68
7919;9;1.08;42.68
7920;13;1.09;42.68
7921;13;1.16;42.68
7922;9;1.35;42.68
7923;6;1.37;42.68
7924;17;-2.99;42.69
7925;5;-1.36;42.69
7926;5;-3.83;42.68
7927;20;-1.39;42.69
7928;4;-5.82;42.68
7929;14;-1.98;42.69
7930;5;-1.55;42.68
7931;2;-0.77;42.68
7932;4;-0.22;42.68
7933;6;0.83;42.68
7934;9;0.87;42.68
7935;3;-6.24;42.68
7936;5;-4.45;42.67
7937;18;-4.03;42.67
7938;11;-3.86;42.67
7939;10;-3.13;42.67
7940;5;-2.88;42.67
7941;8;-2.71;42.69
7942;7;-2.25;42.67
7943;9;-2.13;42.68
7944;12;-2.01;42.67
7946;12;-1.44;42.67
7947;8;-1.09;42.68
7949;3;-0.32;42.68
7950;16;-0.26;42.67
7951;2;-0.11;42.67
7952;4;-0.08;42.67
7953;14;0.07;42.67
7954;13;0.27;42.67
7955;10;0.81;42.67
7956;6;1.17;42.67
7957;9;1.31;42.68
7958;9;-8.38;42.67
7959;9;-8.34;42.67
7960;9;-8.30;42.69
7961;5;-8.03;42.67
7962;4;-6.57;42.67
7963;3;-6.20;42.67
7965;3;-4.82;42.67
7966;4;-4.72;42.67
7967;4;-4.57;42.67
7969;3;-4.24;42.67
7972;8;-4.05;42.67
7973;5;-3.92;42.67
7974;18;-3.87;42.67
7975;11;-3.08;42.67
7976;22;-2.84;42.67
7977;12;-2.80;42.67
7978;5;-2.58;42.67
7979;14;-2.43;42.67
7980;8;-2.33;42.67
7981;5;-2.27;42.67
7982;10;-2.26;42.67
7985;8;-2.00;42.67
7986;5;-1.95;42.67
7987;5;-1.85;42.67
7988;21;-1.81;42.67
7989;18;-1.77;42.67
7990;5;-1.66;42.67
7992;5;-1.63;42.67
7993;12;-1.55;42.67
7994;5;-1.51;42.67
7995;5;-1.30;42.67
7996;8;-1.06;42.67
7998;7;-0.98;42.67
8000;11;-0.93;42.67
8001;3;-0.80;42.67
8002;5;-0.76;42.67
8004;9;-0.45;42.67
8006;16;-0.35;42.67
8007;2;-0.31;42.67
8008;13;-0.28;42.67
8009;16;-0.23;42.67
8010;8;0.00;42.67
8011;6;0.08;42.67
8012;14;0.09;42.67
8013;17;0.15;42.67
8014;10;0.30;42.67
8015;13;0.33;42.67
8016;4;0.34;42.67
8017;9;0.52;42.67
8019;9;0.63;42.67
8020;4;0.68;42.67
8021;9;0.76;42.67
8022;6;0.78;42.67
8023;13;0.90;42.67
8024;9;0.91;42.67
8025;9;0.96;42.67
8026;13;1.05;42.67
8027;9;1.06;42.67
8028;10;1.08;42.67
8029;6;1.10;42.67
8030;9;1.11;42.67
8032;13;-2.67;42.69
8033;22;-1.27;42.68
8034;16;-1.76;42.68
8035;5;-4.63;42.69
8036;8;-3.98;42.67
8037;7;-3.78;42.69
8038;2;-2.19;42.69
8039;10;0.41;42.68
8040;5;-5.74;42.67
8041;7;-4.84;42.67
8042;8;-4.26;42.68
8043;14;-2.77;42.68
8044;5;-1.15;42.67
8046;11;-0.04;42.67
8048;4;-6.53;42.66
8049;4;-6.47;42.67
8050;4;-5.67;42.67
8051;4;-5.33;42.66
8052;8;-4.80;42.67
8053;5;-4.76;42.68
8054;5;-3.94;42.66
8055;16;-3.89;42.66
8056;4;-3.07;42.66
8057;16;-1.70;42.67
8058;14;-1.57;42.67
8059;18;-1.38;42.67
8061;9;-0.91;42.67
8063;5;-0.67;42.67
8064;13;-0.59;42.67
8065;2;-0.54;42.66
8067;12;-0.47;42.67
8068;16;-0.41;42.66
8069;8;-0.03;42.66
8070;13;0.39;42.67
8071;4;0.40;42.66
8072;9;0.57;42.68
8074;9;-8.35;42.66
8075;4;-8.00;42.67
8076;9;-6.77;42.66
8077;4;-6.56;42.66
8078;12;-4.82;42.66
8079;9;-4.77;42.66
8081;5;-4.61;42.66
8082;5;-4.59;42.66
8083;5;-4.43;42.66
8085;8;-4.30;42.66
8086;5;-4.17;42.66
8087;2;-4.15;42.66
8088;7;-4.08;42.66
8089;8;-4.03;42.66
8090;5;-4.02;42.66
8091;18;-4.00;42.66
8093;4;-3.48;42.66
8094;3;-3.42;42.66
8096;8;-2.72;42.66
8097;13;-2.58;42.66
8098;5;-2.56;42.66
8099;13;-2.54;42.66
8100;5;-2.52;42.66
8101;21;-2.26;42.66
8102;18;-2.24;42.66
8104;9;-2.16;42.66
8105;14;-2.00;42.66
8106;5;-1.99;42.66
8107;12;-1.84;42.66
8108;16;-1.77;42.66
8109;18;-1.76;42.66
8110;5;-1.72;42.66
8112;12;-1.61;42.67
8113;12;-1.56;42.66
8114;3;-1.55;42.66
8116;12;-1.49;42.66
8118;18;-1.40;42.66
8119;5;-1.32;42.66
8120;20;-1.30;42.66
8121;20;-1.27;42.66
8122;20;-1.23;42.66
8123;4;-1.17;42.66
8124;8;-1.12;42.66
8125;3;-1.06;42.66
8127;8;-0.93;42.66
8128;9;-0.88;42.66
8129;9;-0.83;42.66
8130;5;-0.78;42.66
8131;13;-0.76;42.66
8132;16;-0.73;42.66
8133;16;-0.64;42.66
8134;12;-0.51;42.66
8135;16;-0.25;42.66
8136;16;-0.07;42.66
8137;11;-0.06;42.66
8138;4;-0.05;42.66
8139;4;0.07;42.66
8140;14;0.08;42.66
8141;6;0.09;42.66
8142;9;0.10;42.66
8144;17;0.35;42.66
8145;13;0.50;42.66
8146;9;0.65;42.66
8147;9;1.33;42.66
8148;9;1.37;42.66
8149;11;-3.04;42.70
8150;14;-1.47;42.68
8151;5;-3.11;42.67
8152;13;0.53;42.67
8153;9;-8.06;42.67
8155;4;-4.48;42.66
8156;6;0.51;42.66
8157;8;-4.55;42.66
8158;4;-4.52;42.67
8159;11;-3.82;42.66
8160;17;-2.90;42.67
8161;2;-2.70;42.66
8162;21;-2.44;42.66
8164;5;-8.33;42.68
8165;9;-4.73;42.66
8166;4;-4.67;42.66
8167;10;-3.85;42.66
8168;3;-3.80;42.66
8169;7;-3.09;42.66
8170;11;-2.72;42.65
8171;5;-2.65;42.66
8173;7;-2.01;42.66
8174;5;-1.64;42.66
8175;11;-0.94;42.66
8177;13;-0.22;42.66
8178;10;0.78;42.66
8179;10;0.85;42.66
8180;9;1.08;42.66
8181;9;-8.37;42.65
8182;5;-8.06;42.65
8183;5;-8.04;42.65
8186;4;-4.85;42.65
8187;8;-4.83;42.65
8188;12;-4.80;42.65
8189;9;-4.79;42.65
8190;8;-4.75;42.65
8191;12;-4.74;42.65
8192;4;-4.72;42.65
8193;5;-4.62;42.65
8196;3;-4.23;42.65
8197;5;-3.98;42.65
8198;10;-3.97;42.65
8199;7;-3.86;42.65
8200;3;-3.60;42.65
8201;11;-2.96;42.65
8202;11;-2.89;42.65
8203;14;-2.81;42.65
8204;12;-2.76;42.65
8205;8;-2.70;42.65
8206;8;-2.67;42.65
8207;21;-2.48;42.65
8208;16;-2.31;42.65
8209;21;-2.28;42.65
8210;5;-2.15;42.65
8211;9;-2.12;42.65
8212;9;-2.09;42.65
8213;11;-2.06;42.65
8214;9;-2.00;42.65
8215;16;-1.95;42.65
8216;13;-1.94;42.65
8217;5;-1.84;42.65
8218;21;-1.81;42.65
8219;16;-1.76;42.65
8220;8;-1.70;42.65
8221;8;-1.68;42.65
8222;5;-1.62;42.65
8223;3;-1.59;42.65
8224;12;-1.57;42.65
8227;12;-1.43;42.65
8228;20;-1.34;42.66
8229;5;-1.31;42.65
8230;22;-1.30;42.65
8231;22;-1.27;42.65
8232;20;-1.26;42.65
8233;4;-1.25;42.65
8234;9;-1.23;42.65
8235;22;-1.21;42.65
8238;8;-1.05;42.65
8241;16;-0.83;42.65
8242;16;-0.78;42.65
8243;3;-0.76;42.65
8244;13;-0.74;42.65
8245;16;-0.66;42.65
8246;16;-0.63;42.65
8247;13;-0.60;42.65
8248;9;-0.49;42.65
8249;3;-0.28;42.65
8250;13;-0.16;42.65
8252;14;0.10;42.65
8253;4;0.31;42.65
8254;10;0.45;42.65
8255;9;0.53;42.65
8256;6;0.55;42.65
8257;9;0.57;42.65
8258;9;0.61;42.65
8259;9;1.03;42.65
8260;10;1.06;42.65
8261;9;1.14;42.65
8262;9;1.34;42.65
8263;9;1.40;42.65
8264;20;-2.83;42.68
8265;13;0.73;42.67
8266;16;-3.19;42.66
8267;9;-3.14;42.67
8268;9;-2.05;42.66
8269;16;-0.17;42.66
8270;6;0.67;42.70
8271;5;-8.37;42.65
8272;9;-5.73;42.65
8273;3;-3.74;42.66
8274;15;-3.02;42.66
8275;11;-1.92;42.66
8277;13;-0.69;42.65
8278;9;-6.71;42.65
8280;5;-4.64;42.65
8281;7;-3.75;42.65
8282;5;-3.70;42.65
8284;3;-3.52;42.65
8285;3;-3.45;42.65
8286;4;-3.11;42.65
8287;5;-3.06;42.65
8288;13;-2.98;42.67
8289;5;-2.24;42.65
8292;12;-1.55;42.65
8293;5;-1.47;42.65
8294;5;-1.39;42.65
8296;3;-0.64;42.65
8297;4;0.00;42.66
8298;9;-8.35;42.64
8299;9;-8.06;42.64
8300;9;-6.79;42.64
8301;9;-6.69;42.64
8302;9;-5.80;42.64
8303;3;-5.08;42.67
8305;8;-4.79;42.64
8306;5;-4.76;42.64
8307;12;-4.73;42.64
8308;5;-4.72;42.64
8309;9;-4.66;42.64
8310;5;-4.59;42.64
8311;4;-4.56;42.64
8314;7;-4.05;42.64
8315;8;-4.03;42.64
8316;5;-3.96;42.64
8317;13;-3.86;42.64
8318;10;-3.81;42.64
8319;5;-3.79;42.64
8320;5;-3.61;42.64
8321;5;-3.20;42.64
8322;9;-3.04;42.64
8323;11;-3.00;42.64
8324;18;-2.97;42.64
8325;14;-2.92;42.65
8326;11;-2.88;42.64
8327;22;-2.83;42.64
8328;20;-2.81;42.64
8329;16;-2.72;42.64
8330;16;-2.70;42.64
8331;7;-2.69;42.64
8332;13;-2.67;42.64
8333;2;-2.66;42.64
8335;2;-2.64;42.64
8336;7;-2.57;42.67
8337;13;-2.58;42.64
8338;10;-2.57;42.64
8339;16;-2.56;42.64
8340;5;-2.54;42.64
8341;13;-2.52;42.64
8342;16;-2.33;42.64
8343;11;-2.09;42.64
8344;11;-2.07;42.64
8345;12;-2.00;42.64
8346;5;-1.74;42.64
8347;5;-1.59;42.64
8349;3;-1.56;42.64
8351;18;-1.37;42.64
8352;5;-1.35;42.64
8353;11;-1.30;42.64
8354;22;-1.24;42.64
8355;11;-1.04;42.64
8357;3;-0.99;42.64
8358;16;-0.93;42.64
8360;3;-0.74;42.64
8361;16;-0.71;42.64
8363;13;-0.59;42.64
8364;3;-0.48;42.64
8365;3;-0.16;42.64
8366;3;-0.06;42.64
8367;8;-0.02;42.64
8368;17;0.14;42.64
8369;9;0.18;42.64
8370;14;0.21;42.64
8371;17;0.27;42.64
8372;4;0.29;42.64
8373;10;0.41;42.64
8374;14;0.44;42.64
8375;14;0.50;42.64
8376;4;0.51;42.64
8377;6;0.53;42.64
8378;9;0.55;42.64
8379;6;0.60;42.64
8380;4;0.73;42.64
8383;10;0.83;42.64
8384;13;0.87;42.64
8385;10;0.89;42.64
8386;9;1.04;42.64
8387;9;1.15;42.64
8389;9;1.36;42.64
8391;4;-8.14;42.72
8392;5;-1.00;42.71
8393;8;-4.32;42.66
8394;21;-1.86;42.66
8395;13;-3.92;42.65
8397;18;-4.41;42.67
8398;12;-1.51;42.65
8399;9;-8.30;42.64
8400;4;-8.10;42.64
8401;9;-4.63;42.64
8402;11;-3.76;42.64
8403;14;-2.16;42.64
8404;18;-1.96;42.65
8405;18;-1.76;42.64
8406;18;-1.71;42.68
8407;14;-1.63;42.64
8408;5;-0.80;42.64
8409;14;0.46;42.64
8410;5;-8.34;42.64
8411;4;-8.04;42.64
8412;5;-4.61;42.64
8413;9;-4.51;42.64
8414;8;-4.24;42.64
8415;5;-3.87;42.64
8416;16;-3.82;42.64
8417;5;-3.66;42.64
8418;11;-3.49;42.67
8419;6;-3.08;42.64
8420;5;-2.85;42.64
8421;14;-2.77;42.64
8422;18;-2.24;42.64
8423;18;-2.19;42.64
8425;9;-2.10;42.64
8426;13;-1.91;42.64
8427;23;-1.80;42.66
8428;12;-1.61;42.64
8429;24;-1.32;42.64
8430;2;-1.14;42.64
8431;5;-1.07;42.64
8433;13;-0.75;42.64
8434;12;-0.45;42.64
8435;3;-0.31;42.64
8436;13;1.11;42.64
8437;9;1.26;42.64
8438;4;-8.38;42.63
8439;5;-8.31;42.63
8440;5;-8.27;42.63
8441;5;-4.85;42.63
8442;5;-4.80;42.63
8443;3;-4.68;42.63
8444;7;-4.67;42.63
8445;12;-4.66;42.63
8446;8;-4.64;42.63
8447;5;-4.63;42.63
8448;14;-4.39;42.64
8451;8;-4.09;42.63
8452;5;-4.04;42.63
8453;5;-4.00;42.63
8455;10;-3.94;42.63
8456;5;-3.90;42.63
8457;7;-3.73;42.63
8458;5;-3.72;42.63
8459;13;-3.66;42.67
8460;3;-3.57;42.64
8461;3;-3.53;42.63
8463;5;-3.04;42.63
8464;15;-3.01;42.63
8465;9;-2.97;42.63
8466;9;-2.95;42.63
8467;3;-2.92;42.63
8468;5;-2.90;42.63
8469;9;-2.89;42.63
8470;12;-2.86;42.63
8471;16;-2.77;42.63
8472;9;-2.70;42.63
8473;3;-2.66;42.63
8474;10;-2.62;42.63
8475;8;-2.57;42.63
8476;21;-2.52;42.64
8477;21;-2.37;42.63
8478;8;-2.31;42.63
8479;21;-2.28;42.63
8480;13;-2.20;42.65
8481;5;-2.13;42.63
8482;11;-2.08;42.63
8483;13;-2.03;42.63
8484;11;-2.01;42.63
8485;18;-2.00;42.63
8486;16;-1.96;42.63
8487;23;-1.83;42.63
8488;8;-1.81;42.63
8489;16;-1.77;42.63
8490;17;-1.74;42.63
8491;3;-1.65;42.63
8494;12;-1.56;42.63
8495;3;-1.53;42.63
8496;12;-1.42;42.63
8497;5;-1.37;42.63
8498;9;-1.33;42.63
8499;9;-1.31;42.63
8500;9;-1.20;42.66
8501;7;-1.19;42.63
8503;7;-1.02;42.63
8504;16;-0.83;42.63
8506;13;-0.65;42.63
8507;13;-0.60;42.63
8509;13;-0.37;42.63
8510;16;-0.32;42.63
8511;13;-0.26;42.64
8512;13;-0.09;42.63
8513;3;-0.02;42.63
8515;17;0.15;42.63
8516;4;0.38;42.63
8517;17;0.48;42.63
8518;4;0.50;42.63
8519;9;0.53;42.63
8520;17;0.54;42.63
8521;17;0.73;42.63
8522;9;0.76;42.63
8524;9;1.10;42.64
8525;13;1.16;42.63
8526;9;1.34;42.63
8527;5;-2.74;42.65
8529;10;1.14;42.66
8530;20;-1.28;42.64
8531;4;0.12;42.64
8532;8;-4.74;42.63
8533;8;-3.97;42.63
8535;11;-0.99;42.63
8536;13;-0.78;42.63
8537;13;-0.19;42.63
8538;13;-0.13;42.64
8539;9;1.40;42.63
8540;9;-5.77;42.67
8541;5;-5.73;42.64
8542;4;-2.96;42.63
8543;14;-2.82;42.63
8544;12;-2.79;42.63
8545;21;-1.72;42.63
8546;18;-1.39;42.63
8547;11;-1.09;42.63
8548;3;-1.07;42.63
8549;9;-0.92;42.63
8550;16;-0.75;42.63
8551;12;-0.73;42.63
8552;3;-0.70;42.63
8553;13;-0.38;42.66
8554;11;-0.06;42.63
8555;6;0.47;42.63
8556;17;0.51;42.63
8557;14;0.79;42.63
8558;4;0.82;42.63
8559;4;0.88;42.63
8560;4;-8.31;42.62
8561;4;-8.06;42.62
8562;4;-5.60;42.62
8564;8;-4.79;42.62
8565;7;-4.68;42.62
8566;3;-4.67;42.62
8567;7;-4.66;42.62
8568;5;-4.62;42.62
8569;8;-4.08;42.62
8570;5;-4.06;42.62
8571;8;-4.03;42.62
8572;5;-3.98;42.62
8573;5;-3.91;42.62
8574;5;-3.84;42.62
8575;4;-3.73;42.62
8577;8;-3.42;42.62
8578;11;-3.07;42.62
8579;9;-3.03;42.63
8580;15;-3.02;42.62
8581;4;-3.01;42.62
8582;15;-2.97;42.62
8583;11;-2.95;42.62
8584;3;-2.90;42.62
8585;4;-2.88;42.63
8586;9;-2.86;42.62
8587;12;-2.85;42.62
8588;16;-2.84;42.62
8589;18;-2.80;42.62
8590;18;-2.77;42.62
8591;11;-2.76;42.62
8592;7;-2.73;42.62
8593;9;-2.69;42.62
8594;21;-2.60;42.63
8595;8;-2.48;42.62
8596;10;-2.32;42.67
8597;3;-2.31;42.62
8598;16;-2.27;42.62
8599;8;-2.08;42.62
8600;13;-2.00;42.62
8601;22;-1.85;42.62
8602;21;-1.65;42.62
8603;4;-1.50;42.62
8604;12;-1.43;42.62
8605;3;-1.42;42.62
8606;5;-1.40;42.62
8607;5;-1.38;42.62
8608;18;-1.36;42.63
8609;5;-1.34;42.62
8610;24;-1.33;42.62
8611;9;-1.32;42.62
8612;22;-1.30;42.63
8614;20;-1.25;42.62
8616;20;-1.21;42.62
8617;7;-1.18;42.62
8618;4;-1.17;42.62
8619;8;-1.14;42.62
8620;3;-1.10;42.62
8621;4;-1.05;42.62
8622;7;-1.04;42.62
8623;11;-1.02;42.62
8624;7;-1.01;42.62
8626;3;-0.97;42.63
8627;16;-0.95;42.62
8628;12;-0.93;42.62
8630;5;-0.82;42.62
8631;2;-0.79;42.62
8633;3;-0.64;42.62
8634;13;-0.63;42.62
8635;12;-0.49;42.62
8636;9;-0.42;42.62
8637;8;-0.05;42.62
8638;4;0.00;42.62
8639;14;0.09;42.62
8640;14;0.48;42.62
8641;6;0.50;42.62
8642;6;0.52;42.62
8643;14;0.53;42.62
8644;9;0.54;42.62
8645;17;0.70;42.62
8646;14;0.74;42.62
8647;17;0.76;42.62
8648;13;1.06;42.62
8649;13;1.09;42.62
8650;10;1.10;42.62
8651;3;1.12;42.62
8652;9;1.16;42.62
8653;9;1.35;42.62
8654;9;-0.55;42.64
8655;4;0.72;42.63
8656;13;0.83;42.64
8657;9;-6.74;42.65
8658;11;-4.17;42.66
8659;13;-0.87;42.63
8660;4;0.44;42.65
8661;6;0.98;42.71
8662;5;-6.83;42.72
8663;5;-6.70;42.65
8664;12;-4.76;42.63
8665;9;1.03;42.63
8666;4;-8.28;42.62
8667;9;-6.73;42.62
8668;9;-5.80;42.62
8669;5;-5.70;42.62
8670;5;-4.83;42.62
8671;12;-4.80;42.62
8672;12;-4.64;42.62
8673;4;-4.35;42.62
8674;5;-4.02;42.62
8675;3;-4.00;42.62
8676;11;-3.99;42.62
8677;5;-2.34;42.62
8678;13;-2.24;42.62
8679;13;-2.19;42.62
8681;10;-2.09;42.62
8682;8;-1.74;42.62
8683;5;-1.64;42.62
8684;16;-0.81;42.62
8685;11;0.25;42.62
8686;13;0.91;42.62
8687;4;-7.00;42.61
8688;5;-6.73;42.61
8689;5;-5.73;42.61
8690;4;-5.58;42.61
8691;5;-4.88;42.61
8692;3;-4.68;42.61
8693;3;-4.66;42.61
8694;8;-4.63;42.61
8695;3;-4.08;42.61
8696;16;-4.03;42.66
8697;8;-3.90;42.61
8698;16;-3.05;42.62
8699;20;-3.02;42.61
8701;15;-2.96;42.61
8702;16;-2.86;42.61
8703;11;-2.85;42.61
8704;14;-2.77;42.61
8705;16;-2.76;42.61
8706;5;-2.73;42.61
8707;5;-2.65;42.62
8708;14;-2.54;42.61
8709;16;-2.48;42.61
8710;3;-2.28;42.61
8711;20;-1.98;42.61
8712;22;-1.88;42.61
8713;5;-1.81;42.61
8714;19;-1.72;42.61
8715;21;-1.61;42.61
8716;4;-1.43;42.61
8718;8;-1.36;42.61
8719;21;-1.34;42.61
8720;25;-1.33;42.61
8721;12;-1.32;42.61
8722;7;-1.29;42.61
8725;7;-1.20;42.61
8726;7;-1.05;42.61
8727;4;-1.04;42.61
8728;7;-1.02;42.61
8729;7;-0.99;42.61
8730;12;-0.98;42.61
8732;14;-0.91;42.61
8733;5;-0.89;42.61
8734;20;-0.80;42.61
8735;16;-0.73;42.61
8736;13;-0.69;42.62
8737;16;-0.66;42.61
8739;13;-0.59;42.61
8740;3;-0.53;42.61
8742;9;-0.41;42.61
8743;2;-0.11;42.61
8744;13;-0.09;42.61
8745;6;0.09;42.61
8746;17;0.15;42.61
8747;4;0.17;42.61
8748;4;0.29;42.61
8749;17;0.50;42.61
8750;14;0.51;42.61
8751;17;0.53;42.61
8752;6;0.54;42.61
8753;17;0.55;42.61
8754;9;0.57;42.61
8755;6;0.65;42.61
8756;17;0.80;42.61
8757;4;0.85;42.61
8758;4;0.90;42.61
8759;6;1.02;42.61
8760;10;1.05;42.61
8761;9;1.10;42.61
8762;10;1.11;42.61
8763;13;1.12;42.61
8764;6;1.17;42.61
8765;9;1.26;42.61
8766;9;1.31;42.61
8767;13;1.41;42.61
8768;2;-0.08;42.64
8769;14;0.30;42.63
8770;9;-4.82;42.63
8771;4;-8.35;42.62
8772;6;0.59;42.64
8773;4;-8.46;42.62
8774;8;-3.10;42.62
8775;18;-2.83;42.61
8776;9;-2.16;42.62
8777;13;-2.14;42.62
8778;8;-1.61;42.62
8779;21;-1.57;42.62
8780;13;-0.32;42.61
8781;11;-0.01;42.62
8782;14;0.40;42.61
8783;14;0.72;42.61
8784;6;0.79;42.61
8785;4;-8.49;42.61
8786;4;-8.40;42.61
8787;4;-5.81;42.61
8788;5;-5.67;42.61
8789;3;-4.71;42.62
8790;5;-4.23;42.61
8792;12;-2.99;42.62
8793;16;-2.79;42.61
8794;8;-2.43;42.61
8795;13;-2.33;42.61
8797;10;-2.01;42.61
8798;25;-1.30;42.61
8799;7;-1.23;42.61
8800;3;-0.76;42.61
8801;13;-0.40;42.61
8802;6;0.48;42.61
8803;4;-8.31;42.60
8804;4;-6.86;42.60
8805;4;-6.82;42.60
8806;4;-5.59;42.60
8811;7;-4.76;42.60
8812;3;-4.75;42.60
8813;7;-4.74;42.60
8814;9;-4.56;42.60
8815;5;-4.25;42.60
8817;5;-3.93;42.60
8818;5;-3.91;42.60
8819;5;-3.77;42.60
8820;8;-3.66;42.60
8822;11;-2.97;42.60
8823;12;-2.72;42.60
8824;12;-2.66;42.60
8825;11;-2.64;42.60
8826;16;-2.63;42.60
8827;21;-2.60;42.60
8828;13;-2.35;42.60
8830;11;-2.16;42.60
8831;8;-2.13;42.60
8832;8;-2.09;42.60
8833;17;-1.73;42.60
8834;21;-1.64;42.60
8835;4;-1.52;42.60
8836;4;-1.42;42.60
8837;8;-1.39;42.60
8838;23;-1.34;42.60
8839;18;-1.29;42.60
8840;3;-1.21;42.60
8841;4;-1.06;42.60
8842;5;-0.91;42.60
8843;12;-0.77;42.60
8844;3;-0.64;42.60
8845;2;-0.61;42.61
8848;13;-0.20;42.60
8849;13;-0.13;42.61
8850;2;-0.09;42.60
8851;13;-0.07;42.60
8852;11;-0.03;42.60
8853;4;0.06;42.60
8854;14;0.14;42.60
8855;14;0.16;42.60
8856;17;0.19;42.61
8857;4;0.28;42.60
8858;9;0.50;42.60
8859;19;0.51;42.60
8861;22;0.53;42.60
8862;19;0.54;42.60
8863;6;0.55;42.60
8864;9;0.58;42.60
8865;4;0.66;42.60
8866;6;0.76;42.60
8867;6;0.87;42.60
8868;6;0.92;42.60
8870;9;1.14;42.61
8871;10;1.16;42.61
8872;9;1.22;42.60
8873;10;1.30;42.60
8874;10;1.34;42.60
8875;13;1.35;42.60
8876;10;1.40;42.60
8877;17;0.09;42.62
8878;23;-1.76;42.61
8879;10;-2.49;42.65
8880;16;-2.37;42.61
8881;8;-2.21;42.61
8882;2;-0.45;42.62
8883;11;0.12;42.61
8885;4;-7.02;42.60
8886;5;-5.29;42.60
8887;3;-4.78;42.60
8888;12;-4.63;42.60
8891;10;-2.65;42.60
8892;3;-1.18;42.60
8894;9;-0.95;42.60
8896;12;-0.66;42.60
8897;2;-0.52;42.64
8898;11;-0.05;42.60
8899;7;0.57;42.60
8900;4;0.70;42.60
8901;6;0.90;42.60
8902;9;0.97;42.60
8903;10;1.26;42.60
8904;4;1.37;42.60
8905;4;-8.51;42.60
8906;4;-8.47;42.60
8907;4;-8.44;42.60
8908;4;-8.32;42.60
8909;4;-6.83;42.60
8910;3;-6.27;42.60
8911;5;-5.26;42.60
8912;5;-5.21;42.60
8913;4;-4.81;42.60
8914;5;-4.34;42.60
8915;3;-4.05;42.60
8916;3;-4.01;42.60
8917;5;-3.78;42.60
8918;11;-2.95;42.60
8920;5;-2.71;42.60
8921;14;-2.66;42.60
8922;8;-2.63;42.60
8923;11;-2.35;42.60
8924;11;-2.32;42.60
8925;13;-2.29;42.60
8926;10;-2.24;42.60
8927;10;-2.20;42.60
8928;6;-2.17;42.60
8929;10;-2.09;42.60
8930;10;-2.03;42.60
8931;13;-1.99;42.60
8932;8;-1.55;42.61
8933;23;-1.55;42.60
8934;21;-1.53;42.60
8935;5;-1.37;42.60
8936;8;-1.36;42.60
8937;21;-1.34;42.60
8938;25;-1.33;42.60
8939;3;-1.25;42.60
8940;4;-1.13;42.60
8941;3;-1.08;42.60
8942;7;-1.07;42.60
8943;3;-1.05;42.60
8944;4;-1.04;42.60
8945;14;-0.91;42.60
8946;5;-0.89;42.60
8948;9;-0.59;42.60
8950;3;-0.49;42.60
8952;9;-0.35;42.60
8953;13;-0.29;42.60
8954;16;-0.24;42.60
8955;3;-0.23;42.60
8956;4;-0.12;42.60
8957;8;-0.06;42.60
8958;9;0.09;42.60
8959;5;0.12;42.60
8960;14;0.25;42.60
8961;9;0.32;42.60
8962;4;0.44;42.60
8963;19;0.52;42.60
8965;17;0.68;42.60
8966;6;0.74;42.60
8967;17;0.79;42.60
8968;6;0.86;42.60
8969;10;1.05;42.60
8970;10;1.12;42.60
8971;9;1.23;42.60
8972;13;1.27;42.60
8973;9;1.28;42.60
8974;13;1.33;42.60
8975;9;1.34;42.60
8976;10;1.35;42.60
8977;13;1.39;42.60
8978;4;1.40;42.60
8979;10;-2.69;42.61
8980;13;-3.81;42.61
8981;7;0.04;42.62
8982;7;-2.74;42.60
8983;10;-1.92;42.61
8985;5;-3.83;42.59
8986;4;-3.64;42.60
8987;8;-1.71;42.60
8988;27;-1.32;42.60
8989;8;0.16;42.59
8990;13;1.24;42.60
8991;4;-6.92;42.60
8993;3;-4.82;42.59
8994;8;-4.78;42.59
8995;5;-3.89;42.59
8996;8;-3.75;42.60
8997;8;-2.05;42.60
8998;13;-2.02;42.59
8999;11;-1.27;42.60
9000;4;-1.00;42.60
9001;9;-0.39;42.59
9002;4;-0.09;42.59
9003;3;0.06;42.59
9004;6;0.29;42.60
9005;17;0.31;42.59
9006;22;0.45;42.59
9007;22;0.50;42.59
9009;6;1.17;42.60
9010;4;-8.49;42.59
9011;4;-8.43;42.59
9012;4;-8.30;42.59
9014;4;-5.59;42.59
9018;5;-5.19;42.59
9019;5;-4.94;42.59
9020;12;-4.79;42.59
9021;9;-4.72;42.59
9022;3;-4.67;42.59
9023;8;-4.63;42.59
9024;9;-4.53;42.59
9025;5;-4.25;42.59
9026;3;-3.85;42.59
9027;11;-2.92;42.60
9028;12;-2.66;42.59
9029;8;-2.65;42.59
9030;13;-2.27;42.59
9031;8;-2.24;42.59
9032;10;-2.21;42.59
9033;4;-2.19;42.59
9034;4;-2.15;42.59
9035;6;-1.93;42.59
9036;5;-1.76;42.59
9037;17;-1.72;42.59
9038;21;-1.69;42.59
9039;21;-1.55;42.59
9040;5;-1.40;42.59
9041;23;-1.34;42.59
9042;8;-1.33;42.59
9043;25;-1.30;42.59
9044;7;-1.26;42.59
9045;3;-1.23;42.59
9046;7;-1.09;42.59
9047;4;-1.02;42.59
9048;12;-0.93;42.59
9049;5;-0.67;42.59
9051;16;-0.54;42.59
9052;3;-0.53;42.59
9053;16;-0.25;42.59
9054;11;-0.02;42.59
9055;8;0.08;42.59
9056;4;0.12;42.59
9057;17;0.26;42.59
9058;11;0.27;42.59
9059;22;0.32;42.59
9060;6;0.42;42.59
9061;19;0.44;42.59
9062;19;0.47;42.59
9063;22;0.55;42.59
9065;4;0.80;42.59
9066;6;0.87;42.59
9067;10;1.06;42.59
9068;10;1.09;42.59
9069;3;1.12;42.59
9070;10;1.14;42.59
9071;10;1.28;42.59
9072;6;1.39;42.59
9073;13;1.40;42.59
9075;5;-5.78;42.62
9076;9;-5.72;42.63
9077;19;0.34;42.59
9078;5;-5.70;42.59
9079;9;-5.66;42.59
9080;5;-2.38;42.59
9081;10;-2.12;42.60
9082;15;-1.97;42.60
9083;6;0.35;42.63
9085;5;-5.65;42.58
9086;7;-4.80;42.58
9087;14;-4.33;42.58
9089;4;-3.74;42.59
9090;16;-2.76;42.58
9094;5;-1.86;42.58
9096;17;-0.91;42.58
9097;9;-0.65;42.58
9098;9;-0.50;42.58
9099;13;-0.24;42.58
9100;16;-0.22;42.59
9101;6;0.21;42.65
9102;10;1.20;42.59
9103;4;-6.82;42.58
9107;4;-5.57;42.58
9108;5;-5.29;42.58
9109;5;-5.26;42.58
9110;8;-4.85;42.58
9111;4;-4.82;42.58
9112;8;-4.79;42.58
9113;8;-4.73;42.58
9114;12;-4.63;42.58
9115;9;-4.54;42.58
9116;14;-4.24;42.58
9117;8;-3.95;42.58
9118;11;-3.85;42.58
9122;8;-2.96;42.58
9124;16;-2.80;42.58
9125;12;-2.64;42.58
9126;3;-2.34;42.58
9127;6;-2.23;42.58
9128;4;-2.21;42.58
9129;6;-2.19;42.58
9130;8;-2.11;42.58
9132;13;-2.00;42.58
9133;22;-1.84;42.58
9134;22;-1.80;42.58
9135;8;-1.72;42.58
9136;19;-1.70;42.58
9137;8;-1.67;42.58
9138;21;-1.61;42.58
9139;17;-1.55;42.58
9142;8;-1.30;42.58
9144;3;-1.03;42.58
9145;3;-0.94;42.58
9146;12;-0.69;42.58
9148;5;-0.66;42.58
9150;9;-0.34;42.58
9151;13;-0.30;42.58
9152;3;-0.25;42.58
9153;4;-0.11;42.58
9154;3;-0.04;42.58
9155;11;0.00;42.58
9156;11;0.10;42.58
9157;11;0.15;42.58
9158;6;0.20;42.58
9159;17;0.27;42.58
9160;9;0.33;42.58
9161;6;0.55;42.58
9162;17;0.80;42.58
9163;6;0.85;42.58
9164;9;0.96;42.58
9165;10;1.05;42.58
9166;13;1.09;42.58
9167;10;1.11;42.58
9169;9;1.15;42.58
9170;9;1.24;42.58
9171;10;1.31;42.58
9172;6;1.40;42.58
9173;10;1.41;42.58
9174;3;-4.90;42.65
9175;8;-4.15;42.59
9176;13;-0.79;42.59
9177;4;-6.85;42.58
9179;7;-2.71;42.58
9180;9;-1.42;42.58
9181;5;-1.36;42.58
9182;3;-1.11;42.58
9184;4;-8.33;42.57
9185;4;-4.70;42.57
9186;3;-4.65;42.58
9187;8;-3.79;42.58
9188;8;-3.41;42.58
9189;4;-2.25;42.57
9190;5;-1.38;42.57
9191;7;-1.27;42.57
9192;4;-1.14;42.57
9194;3;-0.21;42.57
9195;4;0.03;42.57
9196;11;0.08;42.57
9197;8;0.12;42.57
9198;5;0.18;42.58
9199;6;0.44;42.57
9200;10;0.82;42.58
9201;10;1.37;42.58
9202;4;-8.36;42.57
9204;4;-8.30;42.57
9205;4;-8.28;42.57
9207;5;-5.74;42.57
9208;5;-5.67;42.57
9214;5;-5.30;42.57
9215;5;-5.27;42.57
9216;5;-5.21;42.57
9217;7;-4.63;42.57
9218;8;-3.89;42.57
9219;5;-3.87;42.57
9221;8;-3.83;42.57
9222;4;-3.76;42.57
9223;16;-2.82;42.57
9224;5;-2.76;42.57
9225;5;-2.43;42.57
9227;3;-2.33;42.57
9228;4;-2.24;42.57
9230;4;-2.19;42.57
9232;8;-2.03;42.57
9233;15;-2.01;42.57
9234;17;-1.65;42.57
9235;19;-1.61;42.57
9236;5;-1.33;42.57
9237;5;-1.29;42.57
9238;5;-0.83;42.57
9240;12;-0.65;42.57
9241;9;-0.63;42.57
9243;3;-0.31;42.57
9244;13;-0.23;42.57
9247;8;0.16;42.57
9249;9;0.25;42.57
9250;6;0.28;42.57
9251;17;0.30;42.57
9252;6;0.52;42.57
9253;9;0.72;42.57
9254;6;0.74;42.57
9255;4;0.79;42.57
9256;6;0.83;42.57
9257;6;0.86;42.57
9258;6;0.95;42.57
9259;9;0.98;42.57
9260;9;1.18;42.57
9261;13;1.22;42.57
9262;10;1.40;42.57
9263;16;-0.62;42.58
9264;12;-4.84;42.58
9266;2;0.14;42.58
9267;12;-0.50;42.57
9268;9;-0.37;42.57
9269;19;0.40;42.58
9271;8;-4.74;42.56
9272;12;-4.72;42.57
9273;16;-2.84;42.56
9274;16;-2.77;42.56
9275;11;-1.94;42.57
9276;8;-1.56;42.56
9277;3;-1.12;42.56
9278;8;-0.91;42.56
9279;11;0.12;42.56
9280;19;0.20;42.56
9281;17;0.26;42.56
9282;14;0.71;42.56
9284;9;1.34;42.56
9285;4;-8.42;42.56
9286;4;-8.31;42.56
9287;4;-6.83;42.56
9288;4;-6.72;42.56
9289;3;-6.37;42.56
9290;3;-6.34;42.56
9293;5;-5.24;42.56
9295;7;-4.62;42.56
9296;8;-3.91;42.56
9297;8;-3.72;42.56
9300;8;-3.42;42.56
9301;5;-3.32;42.56
9303;16;-2.80;42.56
9304;7;-2.72;42.56
9305;10;-2.58;42.56
9306;3;-2.34;42.56
9308;3;-2.31;42.56
9309;13;-2.27;42.56
9311;4;-2.16;42.56
9312;18;-1.99;42.56
9313;14;-1.96;42.56
9314;16;-1.95;42.56
9315;5;-1.84;42.56
9316;22;-1.83;42.56
9317;8;-1.72;42.56
9318;21;-1.70;42.56
9319;17;-1.55;42.56
9321;3;-1.08;42.56
9322;3;-1.02;42.56
9323;4;-1.01;42.56
9324;3;-0.95;42.56
9325;5;-0.86;42.56
9326;9;-0.76;42.56
9330;3;-0.61;42.56
9333;9;-0.32;42.56
9334;16;-0.22;42.56
9335;3;0.13;42.56
9336;8;0.14;42.56
9337;11;0.17;42.56
9338;6;0.21;42.56
9339;22;0.52;42.56
9340;17;0.73;42.56
9341;16;0.79;42.56
9342;6;0.81;42.56
9343;13;0.83;42.56
9344;13;0.86;42.56
9345;6;0.92;42.56
9346;10;1.32;42.56
9347;9;1.36;42.56
9348;13;-3.23;42.61
9351;4;-6.98;42.58
9352;11;-3.49;42.57
9353;6;1.02;42.58
9354;4;-8.38;42.56
9355;8;-4.90;42.59
9356;16;-2.86;42.56
9357;11;-1.22;42.57
9359;3;-1.06;42.56
9360;12;-0.94;42.56
9361;8;-0.67;42.56
9362;6;1.27;42.64
9363;4;-6.91;42.55
9364;9;-4.50;42.55
9365;8;-3.60;42.59
9366;16;-3.42;42.59
9367;8;-3.02;42.57
9368;21;-2.63;42.55
9369;21;-2.52;42.55
9370;21;-2.44;42.61
9371;11;-2.36;42.57
9372;6;-2.23;42.56
9373;17;-1.77;42.55
9374;23;-1.65;42.60
9375;8;-1.62;42.56
9377;3;-0.65;42.56
9378;13;-0.57;42.57
9379;3;-0.25;42.56
9381;4;-0.18;42.57
9382;4;-0.15;42.55
9383;17;0.22;42.55
9384;8;0.37;42.56
9385;19;0.50;42.56
9386;19;0.53;42.55
9387;9;0.99;42.55
9388;9;1.16;42.56
9389;10;1.29;42.56
9390;4;-8.45;42.55
9391;4;-8.29;42.55
9392;4;-6.84;42.55
9393;4;-6.77;42.55
9396;3;-6.27;42.57
9404;3;-5.05;42.55
9405;8;-4.73;42.55
9406;4;-4.72;42.55
9408;4;-4.60;42.55
9409;8;-3.87;42.55
9410;3;-3.78;42.55
9411;11;-3.72;42.55
9412;3;-3.71;42.55
9413;11;-3.69;42.55
9415;8;-3.45;42.55
9416;8;-3.41;42.55
9417;8;-3.38;42.55
9420;16;-2.82;42.55
9421;5;-2.81;42.58
9422;7;-2.75;42.55
9423;3;-2.73;42.55
9424;21;-2.47;42.55
9425;11;-2.29;42.58
9426;13;-2.28;42.55
9427;11;-2.27;42.55
9429;4;-2.19;42.55
9431;14;-2.06;42.55
9432;13;-2.02;42.55
9433;22;-2.01;42.55
9434;14;-2.00;42.55
9435;5;-1.98;42.55
9436;10;-1.93;42.55
9437;17;-1.67;42.55
9438;17;-1.59;42.56
9441;7;-1.21;42.55
9442;11;-1.12;42.55
9443;7;-1.04;42.56
9445;4;-0.98;42.55
9446;9;-0.95;42.55
9447;21;-0.89;42.56
9448;5;-0.83;42.55
9449;5;-0.81;42.55
9450;12;-0.54;42.55
9451;13;-0.31;42.55
9452;16;-0.29;42.55
9453;13;-0.26;42.55
9455;13;0.10;42.55
9456;3;0.12;42.55
9457;11;0.13;42.55
9458;3;0.14;42.55
9459;8;0.15;42.55
9460;14;0.20;42.55
9461;19;0.21;42.55
9462;8;0.23;42.55
9463;17;0.28;42.55
9464;6;0.39;42.55
9465;19;0.45;42.55
9466;9;0.48;42.55
9467;9;0.52;42.55
9469;4;0.65;42.55
9470;6;0.71;42.55
9471;4;0.79;42.55
9472;13;0.80;42.55
9473;9;1.03;42.55
9474;13;1.04;42.55
9475;9;1.08;42.55
9476;14;1.18;42.55
9477;10;1.21;42.55
9478;10;1.25;42.55
9479;9;1.31;42.55
9480;7;1.33;42.55
9481;11;-4.04;42.58
9482;24;-1.84;42.58
9483;7;-4.67;42.58
9484;11;0.26;42.57
9485;19;-1.75;42.57
9486;6;-1.91;42.56
9487;8;-1.16;42.56
9488;18;-4.28;42.58
9489;4;-4.15;42.55
9490;16;-3.92;42.58
9491;6;-2.13;42.56
9492;19;-1.67;42.56
9494;4;-7.02;42.55
9495;8;-4.20;42.55
9496;4;-3.82;42.55
9499;22;0.48;42.55
9500;4;-8.48;42.54
9501;4;-8.33;42.54
9502;4;-6.87;42.55
9503;7;-4.08;42.55
9504;23;-1.70;42.55
9505;3;-1.11;42.55
9506;11;-1.08;42.54
9508;9;-0.73;42.58
9509;19;0.73;42.55
9510;14;1.13;42.55
9511;4;-8.30;42.54
9512;4;-6.80;42.54
9517;5;-5.25;42.54
9518;7;-3.77;42.54
9519;4;-3.60;42.54
9520;3;-3.48;42.54
9521;3;-3.38;42.54
9523;8;-2.91;42.56
9525;4;-2.78;42.54
9526;13;-2.56;42.54
9527;9;-2.51;42.54
9528;9;-2.43;42.54
9529;2;-2.19;42.54
9530;11;-2.13;42.54
9531;10;-2.06;42.56
9532;8;-1.98;42.54
9533;13;-1.93;42.54
9534;22;-1.82;42.54
9535;5;-1.80;42.54
9536;22;-1.78;42.54
9537;8;-1.77;42.54
9538;8;-1.75;42.54
9539;17;-1.74;42.54
9540;19;-1.72;42.54
9541;17;-1.65;42.54
9542;21;-1.63;42.54
9543;8;-1.61;42.54
9544;5;-1.57;42.54
9545;8;-1.55;42.54
9546;4;-1.46;42.56
9547;5;-1.38;42.54
9548;10;-1.34;42.54
9549;10;-1.31;42.54
9551;7;-1.06;42.54
9553;4;-0.95;42.54
9554;8;-0.90;42.54
9555;12;-0.62;42.54
9557;3;-0.32;42.54
9558;13;-0.25;42.54
9560;11;0.12;42.54
9561;3;0.13;42.54
9562;8;0.17;42.54
9563;11;0.20;42.54
9564;16;0.22;42.54
9565;14;0.23;42.54
9566;6;0.40;42.54
9567;9;0.48;42.58
9568;12;0.51;42.54
9570;9;0.72;42.54
9571;14;0.78;42.54
9572;15;0.81;42.54
9573;6;0.89;42.54
9574;9;0.97;42.54
9575;13;1.23;42.54
9576;13;1.30;42.54
9577;13;1.40;42.54
9578;21;-1.36;42.56
9579;17;0.71;42.57
9580;12;-4.77;42.56
9581;3;-5.10;42.55
9582;9;-0.45;42.56
9583;3;-6.37;42.54
9585;4;-6.94;42.54
9586;3;-5.16;42.54
9587;3;-4.74;42.54
9588;7;-4.72;42.54
9589;4;-4.61;42.54
9590;4;-4.59;42.54
9591;3;-3.74;42.54
9592;8;-3.71;42.54
9593;5;-3.61;42.54
9594;4;-3.51;42.54
9595;4;-2.83;42.54
9596;4;-2.70;42.54
9597;2;-2.27;42.54
9598;7;-1.26;42.54
9600;3;-0.22;42.54
9601;3;0.01;42.54
9602;7;0.05;42.54
9603;2;0.18;42.53
9604;8;0.25;42.54
9605;17;1.07;42.54
9606;9;1.12;42.54
9607;10;1.41;42.53
9608;3;-7.23;42.53
9609;4;-6.97;42.53
9610;4;-6.91;42.53
9611;4;-6.85;42.53
9613;7;-6.37;42.53
9615;5;-5.28;42.53
9617;13;-3.96;42.53
9619;3;-3.81;42.53
9620;3;-3.77;42.53
9624;13;-2.52;42.53
9625;9;-2.48;42.53
9626;6;-2.23;42.53
9627;4;-2.20;42.53
9628;6;-2.17;42.53
9629;11;-2.15;42.53
9630;20;-2.12;42.53
9631;8;-2.10;42.53
9632;20;-2.03;42.53
9633;16;-1.97;42.53
9634;5;-1.90;42.53
9635;5;-1.87;42.53
9636;5;-1.82;42.53
9637;13;-1.78;42.53
9638;5;-1.74;42.53
9639;5;-1.68;42.53
9640;15;-1.67;42.53
9642;14;-1.63;42.53
9643;3;-1.61;42.53
9644;3;-1.49;42.53
9646;11;-1.40;42.53
9647;16;-1.39;42.53
9648;13;-1.38;42.53
9649;13;-1.17;42.53
9650;8;-1.13;42.53
9652;4;-1.02;42.54
9653;4;-0.97;42.53
9654;7;-0.95;42.53
9655;14;-0.91;42.53
9656;5;-0.89;42.53
9657;21;-0.88;42.53
9658;12;-0.74;42.53
9659;3;-0.66;42.53
9660;8;-0.63;42.53
9661;5;-0.61;42.53
9662;3;-0.60;42.53
9663;9;-0.53;42.53
9664;13;-0.29;42.53
9665;4;-0.19;42.53
9666;4;-0.13;42.53
9667;8;-0.06;42.53
9668;8;-0.02;42.53
9669;3;0.03;42.53
9671;3;0.10;42.53
9672;16;0.23;42.53
9673;12;0.46;42.53
9674;19;0.47;42.53
9675;12;0.48;42.53
9676;19;0.50;42.53
9677;9;0.52;42.53
9679;14;0.70;42.53
9680;10;0.82;42.53
9681;13;0.84;42.53
9682;10;0.85;42.53
9683;9;0.99;42.53
9684;4;1.06;42.53
9685;14;1.10;42.53
9686;17;1.14;42.53
9687;14;1.16;42.53
9688;10;1.39;42.53
9689;4;1.40;42.53
9690;5;-4.51;42.59
9691;8;-5.49;42.56
9692;7;-5.15;42.54
9693;7;-5.06;42.54
9694;9;0.89;42.54
9697;3;-0.93;42.54
9698;18;-0.84;42.57
9699;22;0.55;42.54
9700;6;1.11;42.58
9702;12;-5.19;42.53
9703;7;-4.74;42.53
9704;9;-0.78;42.53
9705;3;-0.55;42.53
9706;3;-0.51;42.53
9707;9;-0.32;42.53
9708;16;-0.27;42.53
9709;3;-0.25;42.53
9710;7;0.02;42.53
9711;8;0.12;42.53
9712;9;0.39;42.53
9713;19;0.45;42.53
9714;9;0.76;42.57
9715;19;0.78;42.53
9717;3;-7.16;42.52
9718;3;-7.13;42.52
9719;4;-6.89;42.52
9720;7;-6.40;42.52
9721;4;-6.13;42.53
9724;8;-5.07;42.52
9726;11;-4.81;42.52
9728;3;-3.83;42.52
9729;8;-3.61;42.52
9730;4;-2.66;42.52
9731;9;-2.56;42.53
9732;10;-2.20;42.52
9734;8;-2.09;42.52
9735;8;-2.01;42.52
9736;8;-1.93;42.52
9737;5;-1.76;42.52
9738;13;-1.74;42.52
9739;20;-1.67;42.52
9740;14;-1.62;42.52
9743;9;-1.39;42.52
9744;5;-1.36;42.52
9746;13;-1.33;42.52
9747;20;-1.30;42.52
9748;16;-1.06;42.52
9749;8;-0.91;42.52
9750;3;-0.89;42.52
9751;14;-0.81;42.52
9753;12;-0.71;42.52
9756;3;-0.62;42.52
9757;8;-0.60;42.52
9758;12;-0.53;42.52
9759;3;-0.41;42.52
9760;13;-0.23;42.53
9761;16;-0.21;42.52
9762;3;0.00;42.52
9764;3;0.08;42.55
9766;8;0.10;42.52
9768;4;0.15;42.52
9769;8;0.17;42.52
9770;17;0.31;42.52
9771;22;0.35;42.52
9772;24;0.36;42.52
9773;11;0.41;42.53
9774;8;0.46;42.52
9775;22;0.51;42.53
9776;7;0.65;42.55
9777;4;0.67;42.52
9778;9;0.70;42.52
9779;11;0.73;42.52
9780;14;0.76;42.52
9781;14;0.78;42.52
9783;3;0.80;42.52
9784;19;0.82;42.52
9785;17;0.84;42.52
9786;7;0.85;42.52
9788;9;0.96;42.52
9790;4;1.05;42.52
9791;22;1.06;42.52
9792;19;1.08;42.52
9793;9;1.17;42.52
9794;14;1.20;42.52
9795;13;1.23;42.52
9797;9;-5.25;42.56
9798;16;-1.28;42.54
9799;9;-4.83;42.54
9800;3;-4.67;42.54
9802;4;0.61;42.56
9804;5;-0.30;42.53
9806;4;0.32;42.54
9807;9;-5.86;42.56
9809;12;-1.24;42.53
9810;6;0.24;42.53
9811;11;0.38;42.53
9812;3;-7.26;42.52
9813;3;-7.05;42.52
9814;5;-6.36;42.52
9816;5;-4.71;42.52
9818;8;-3.94;42.52
9821;10;-2.22;42.52
9822;8;-2.20;42.52
9823;18;-1.64;42.52
9824;16;-1.37;42.52
9825;21;-1.17;42.52
9826;8;-1.08;42.52
9827;9;-1.01;42.52
9828;12;-0.87;42.52
9829;8;-0.83;42.52
9831;4;-0.10;42.53
9832;3;0.09;42.52
9833;9;0.21;42.52
9834;12;0.47;42.52
9835;9;0.48;42.52
9836;3;0.65;42.52
9837;4;0.98;42.52
9838;10;0.99;42.52
9839;22;1.10;42.52
9840;19;1.14;42.52
9841;3;-7.09;42.51
9843;4;-6.44;42.51
9844;3;-6.40;42.51
9845;3;-6.33;42.51
9846;4;-6.31;42.51
9849;7;-5.19;42.51
9850;8;-5.18;42.51
9851;8;-5.14;42.51
9852;3;-4.73;42.51
9855;8;-3.67;42.51
9856;5;-2.15;42.51
9857;16;-1.99;42.51
9858;8;-1.97;42.51
9859;16;-1.93;42.51
9860;5;-1.81;42.51
9861;13;-1.75;42.51
9862;5;-1.73;42.51
9864;9;-1.40;42.51
9865;13;-1.35;42.51
9866;15;-1.30;42.51
9867;7;-0.82;42.51
9868;3;-0.73;42.51
9869;13;-0.72;42.51
9870;13;-0.56;42.51
9871;18;-0.55;42.51
9872;16;-0.50;42.51
9873;13;-0.31;42.51
9874;16;-0.29;42.51
9875;13;-0.27;42.52
9876;5;-0.24;42.51
9877;3;-0.22;42.51
9878;4;-0.19;42.51
9879;4;-0.16;42.51
9880;4;0.08;42.51
9882;8;0.12;42.51
9883;4;0.13;42.51
9884;8;0.15;42.51
9885;11;0.17;42.51
9886;11;0.20;42.51
9887;14;0.23;42.51
9888;14;0.27;42.52
9889;10;0.28;42.51
9890;9;0.35;42.51
9891;6;0.36;42.51
9893;11;0.68;42.51
9894;13;0.70;42.51
9895;5;0.73;42.51
9896;15;0.78;42.51
9897;13;0.79;42.51
9899;22;0.82;42.51
9900;13;0.85;42.51
9901;10;0.97;42.51
9902;4;1.06;42.51
9903;9;1.09;42.51
9904;9;1.15;42.51
9905;19;1.16;42.51
9906;11;1.20;42.51
9907;6;1.21;42.51
9908;10;1.25;42.51
9910;4;-2.25;42.52
9912;17;-5.13;42.52
9913;9;0.83;42.51
9914;4;-7.67;42.51
9915;3;-6.92;42.51
9916;7;-6.90;42.51
9917;8;-6.37;42.51
9919;18;-1.67;42.51
9920;16;-1.65;42.51
9921;7;-1.38;42.51
9922;11;-1.33;42.51
9923;8;-1.06;42.51
9924;11;-0.85;42.51
9925;4;-0.80;42.51
9926;5;-0.67;42.53
9927;12;-0.41;42.51
9928;3;-0.39;42.51
9929;5;0.05;42.51
9930;7;0.07;42.51
9932;22;0.34;42.51
9933;6;0.40;42.51
9934;22;0.43;42.53
9935;13;0.76;42.51
9936;13;1.24;42.51
9937;3;-7.10;42.50
9938;3;-7.07;42.50
9939;4;-6.91;42.50
9940;11;-6.83;42.50
9942;4;-6.41;42.50
9943;4;-6.25;42.50
9944;4;-6.07;42.50
9946;7;-4.75;42.50
9949;8;-3.72;42.50
9950;18;-3.66;42.50
9951;5;-3.65;42.50
9952;4;-3.49;42.50
9953;9;-2.60;42.50
9955;10;-2.18;42.50
9956;20;-2.07;42.50
9957;22;-1.97;42.50
9960;4;-1.37;42.50
9961;7;-1.36;42.50
9962;4;-1.34;42.50
9963;3;-1.28;42.50
9964;3;-1.18;42.50
9965;8;-1.12;42.50
9966;9;-0.95;42.50
9967;8;-0.88;42.50
9968;3;-0.82;42.50
9969;8;-0.81;42.50
9970;3;-0.76;42.50
9971;11;-0.70;42.50
9974;16;-0.31;42.50
9975;5;-0.29;42.50
9976;18;-0.27;42.50
9978;2;-0.19;42.50
9979;8;-0.18;42.50
9980;5;-0.17;42.50
9981;3;-0.16;42.50
9982;11;-0.15;42.50
9983;3;-0.13;42.50
9984;8;-0.12;42.50
9986;3;0.08;42.50
9988;8;0.10;42.50
9989;16;0.12;42.50
9990;12;0.14;42.50
9992;12;0.16;42.50
9993;13;0.21;42.50
9994;6;0.22;42.50
9995;9;0.23;42.50
9996;6;0.28;42.50
9997;22;0.39;42.50
9998;9;0.41;42.50
9999;11;0.47;42.50
10000;22;0.48;42.50
10001;8;0.65;42.50
10002;11;0.66;42.50
10003;16;0.71;42.51
10004;16;0.76;42.50
10005;13;0.80;42.50
10006;11;0.82;42.50
10007;19;0.83;42.50
10008;10;0.94;42.50
10010;19;1.10;42.50
10011;19;1.15;42.50
10012;9;1.25;42.50
10013;8;1.31;42.50
10014;12;-4.00;42.52
10015;4;-6.18;42.51
10016;4;-2.32;42.51
10017;15;-2.16;42.51
10018;10;0.87;42.51
10019;12;-5.25;42.51
10020;5;-4.48;42.50
10021;21;-3.61;42.50
10022;13;-1.69;42.51
10023;13;0.89;42.50
10024;4;0.93;42.51
10025;4;1.03;42.50
10026;5;-5.10;42.50
10027;3;-4.71;42.50
10028;5;-3.06;42.50
10029;17;-1.24;42.50
10030;8;-0.09;42.50
10031;10;0.26;42.50
10032;21;0.42;42.50
10033;9;0.46;42.50
10035;2;0.80;42.50
10036;10;0.85;42.50
10037;13;0.86;42.50
10038;22;1.08;42.50
10039;9;1.24;42.53
10040;10;1.28;42.50
10043;3;-7.17;42.50
10044;3;-7.11;42.50
10045;3;-7.04;42.50
10046;7;-6.91;42.50
10047;7;-6.81;42.50
10048;4;-6.32;42.50
10049;4;-6.26;42.50
10050;4;-6.24;42.50
10054;6;-5.46;42.50
10059;9;-4.57;42.50
10061;3;-3.59;42.50
10062;4;-3.51;42.50
10064;8;-3.11;42.50
10066;9;-2.57;42.50
10067;9;-2.53;42.50
10069;10;-2.16;42.50
10070;8;-2.03;42.50
10071;16;-1.91;42.50
10072;5;-1.72;42.50
10073;3;-1.46;42.50
10075;3;-1.43;42.50
10076;7;-1.37;42.50
10077;11;-1.36;42.50
10078;7;-1.33;42.50
10079;4;-1.32;42.50
10080;8;-1.17;42.50
10081;9;-0.93;42.50
10082;11;-0.86;42.50
10083;8;-0.76;42.50
10084;11;-0.73;42.50
10085;3;-0.41;42.50
10086;9;-0.34;42.50
10087;18;-0.29;42.50
10088;13;-0.28;42.50
10090;2;-0.25;42.50
10091;2;-0.21;42.50
10095;5;0.03;42.50
10096;7;0.08;42.50
10097;16;0.10;42.50
10098;16;0.15;42.50
10099;13;0.16;42.50
10100;18;0.20;42.50
10101;6;0.23;42.50
10102;9;0.25;42.50
10103;6;0.26;42.50
10104;19;0.40;42.50
10105;9;0.44;42.50
10106;19;0.52;42.51
10107;22;0.82;42.50
10108;13;0.84;42.50
10109;4;0.89;42.50
10110;13;0.92;42.50
10111;9;1.10;42.50
10112;14;1.18;42.50
10113;9;1.27;42.50
10114;18;-1.96;42.52
10115;16;-1.19;42.52
10116;4;-6.78;42.50
10117;4;-3.90;42.51
10118;12;-2.22;42.50
10119;21;-1.22;42.50
10120;3;-0.55;42.50
10121;9;-0.44;42.50
10122;5;0.19;42.51
10123;4;0.34;42.50
10124;4;-7.58;42.50
10125;21;-3.69;42.52
10126;5;-3.66;42.49
10127;9;-2.59;42.49
10128;5;-1.97;42.49
10129;7;-1.42;42.49
10130;8;-0.70;42.49
10131;5;-0.34;42.49
10132;8;-0.11;42.49
10133;3;0.06;42.49
10134;11;0.22;42.49
10135;6;0.30;42.49
10136;21;0.45;42.49
10137;8;0.67;42.50
10138;4;0.94;42.49
10139;10;0.98;42.50
10140;4;-7.61;42.49
10144;3;-7.19;42.49
10145;3;-7.15;42.49
10148;3;-6.85;42.49
10149;11;-6.84;42.49
10150;4;-6.76;42.49
10151;9;-6.39;42.49
10152;9;-6.34;42.49
10156;4;-5.46;42.49
10157;5;-5.08;42.49
10159;5;-4.73;42.49
10160;2;-4.70;42.49
10161;5;-4.57;42.50
10163;3;-3.55;42.49
10164;7;-3.54;42.49
10166;9;-2.62;42.49
10167;5;-2.60;42.49
10168;5;-2.58;42.49
10169;5;-2.56;42.49
10170;5;-2.53;42.49
10173;20;-2.10;42.49
10174;8;-2.07;42.49
10175;20;-2.06;42.49
10176;5;-2.05;42.49
10177;5;-1.81;42.49
10179;3;-1.48;42.49
10182;5;-1.15;42.49
10183;5;-1.13;42.49
10184;8;-1.12;42.49
10185;12;-1.07;42.49
10186;17;-1.06;42.49
10187;8;-0.92;42.49
10188;11;-0.80;42.49
10189;11;-0.75;42.49
10190;11;-0.69;42.49
10191;16;-0.54;42.49
10192;9;-0.32;42.49
10193;16;-0.31;42.49
10194;13;-0.30;42.49
10196;12;-0.26;42.49
10197;15;0.20;42.49
10198;9;0.23;42.49
10199;6;0.25;42.49
10200;9;0.26;42.49
10201;10;0.32;42.49
10202;22;0.34;42.49
10203;4;0.36;42.49
10204;6;0.57;42.49
10205;4;0.59;42.49
10207;19;0.82;42.49
10208;18;0.83;42.49
10209;10;0.84;42.49
10210;13;0.85;42.49
10211;13;0.88;42.49
10212;10;0.93;42.49
10213;6;0.96;42.49
10214;6;0.99;42.49
10215;9;1.06;42.49
10216;6;1.10;42.49
10217;9;1.22;42.49
10218;10;1.29;42.49
10219;7;-3.57;42.51
10220;3;-1.53;42.51
10221;9;-4.90;42.50
10223;14;-4.80;42.50
10224;6;-5.72;42.49
10225;16;-1.62;42.49
10226;12;-1.20;42.49
10227;9;0.38;42.49
10228;8;-4.16;42.49
10229;20;-1.99;42.49
10232;3;-0.66;42.49
10233;13;-0.48;42.49
10234;12;-0.36;42.52
10235;8;-0.02;42.49
10237;6;1.67;42.49
10238;3;-7.21;42.50
10239;11;-6.86;42.48
10240;5;-5.12;42.48
10241;5;-3.16;42.48
10242;9;-2.52;42.48
10243;8;-2.09;42.48
10245;7;-1.45;42.48
10246;4;-1.33;42.48
10247;7;-1.32;42.48
10248;12;-0.94;42.48
10249;3;-0.60;42.48
10251;12;-0.29;42.48
10252;13;-0.23;42.49
10254;7;0.04;42.49
10255;8;0.29;42.48
10256;10;0.63;42.49
10257;13;0.91;42.48
10258;9;1.11;42.48
10259;9;1.79;42.49
10260;4;-7.60;42.48
10262;3;-7.16;42.48
10263;3;-6.91;42.48
10264;11;-6.90;42.48
10265;4;-6.67;42.48
10266;4;-6.42;42.48
10269;3;-5.31;42.48
10272;6;-4.75;42.48
10273;5;-3.61;42.48
10275;9;-2.63;42.48
10276;9;-2.58;42.48
10277;9;-2.55;42.48
10278;12;-2.19;42.48
10279;5;-2.12;42.48
10280;8;-1.97;42.48
10281;5;-1.88;42.48
10282;13;-1.87;42.48
10283;15;-1.69;42.48
10285;3;-1.46;42.48
10287;17;-1.25;42.48
10288;3;-1.18;42.48
10289;5;-1.12;42.48
10290;3;-0.96;42.48
10291;8;-0.88;42.48
10292;11;-0.85;42.48
10293;8;-0.79;42.48
10294;8;-0.75;42.48
10295;3;-0.70;42.48
10296;8;-0.69;42.48
10297;13;-0.56;42.48
10298;5;-0.36;42.48
10299;9;-0.34;42.48
10301;5;-0.30;42.48
10302;9;-0.27;42.48
10305;8;-0.06;42.48
10306;7;-0.04;42.48
10307;13;0.14;42.48
10308;3;0.19;42.48
10309;12;0.22;42.48
10310;11;0.25;42.48
10311;6;0.32;42.48
10312;19;0.33;42.48
10313;6;0.34;42.48
10314;19;0.42;42.48
10315;19;0.45;42.48
10316;4;0.61;42.48
10318;13;0.80;42.48
10319;9;0.82;42.48
10320;10;0.83;42.48
10321;13;0.84;42.48
10322;17;0.85;42.48
10323;4;0.89;42.48
10324;10;0.95;42.48
10325;6;0.97;42.48
10326;10;0.98;42.48
10327;19;1.06;42.48
10328;9;1.08;42.48
10329;6;1.30;42.48
10331;9;1.85;42.48
10332;9;-1.30;42.49
10333;16;-1.11;42.50
10334;6;1.15;42.49
10335;22;-1.93;42.48
10336;5;-1.28;42.48
10337;3;0.14;42.49
10338;13;0.76;42.48
10339;5;0.78;42.49
10340;6;1.37;42.52
10341;11;-4.17;42.48
10342;5;-1.68;42.48
10343;10;-1.26;42.49
10344;8;-1.23;42.48
10345;17;-1.21;42.48
10347;4;0.93;42.48
10348;19;1.09;42.48
10349;3;-6.83;42.50
10350;4;-6.21;42.48
10352;9;-0.24;42.47
10353;3;-0.14;42.47
10354;13;0.17;42.47
10355;2;0.80;42.47
10356;19;1.17;42.47
10357;9;1.20;42.47
10358;4;-7.67;42.47
10361;11;-6.91;42.47
10362;3;-6.88;42.47
10364;11;-6.82;42.47
10366;3;-6.79;42.47
10367;4;-6.78;42.47
10368;4;-6.32;42.47
10369;4;-6.24;42.47
10370;4;-6.14;42.47
10372;6;-5.68;42.47
10374;9;-4.91;42.47
10375;8;-4.82;42.47
10376;14;-4.76;42.47
10378;3;-4.24;42.47
10380;3;-3.46;42.50
10381;8;-3.10;42.47
10382;20;-2.07;42.47
10383;5;-1.99;42.47
10384;20;-1.96;42.47
10385;13;-1.83;42.50
10386;5;-1.80;42.47
10388;8;-1.27;42.47
10389;12;-0.98;42.47
10390;9;-0.94;42.47
10391;8;-0.74;42.47
10392;13;-0.55;42.47
10393;12;-0.35;42.47
10395;8;-0.16;42.47
10396;13;-0.15;42.47
10397;11;-0.12;42.47
10398;7;0.00;42.47
10399;5;0.19;42.47
10400;7;0.22;42.47
10401;9;0.23;42.47
10402;12;0.25;42.47
10403;6;0.26;42.47
10404;12;0.28;42.47
10405;10;0.31;42.47
10406;8;0.32;42.47
10407;6;0.33;42.47
10408;19;0.34;42.47
10409;24;0.41;42.47
10410;8;0.46;42.47
10411;6;0.57;42.47
10413;8;0.61;42.47
10414;7;0.63;42.47
10415;8;0.66;42.47
10416;3;0.68;42.47
10417;16;0.72;42.47
10418;10;0.82;42.47
10419;10;0.93;42.47
10420;9;1.10;42.47
10421;22;1.11;42.47
10422;14;1.18;42.47
10423;6;1.43;42.47
10424;6;1.69;42.47
10426;3;1.87;42.47
10427;2;2.89;42.47
10428;3;3.03;42.47
10429;15;-1.87;42.50
10430;5;-2.50;42.52
10431;14;-2.17;42.48
10432;9;-1.02;42.48
10433;4;-7.62;42.51
10434;8;-2.25;42.48
10435;8;0.60;42.49
10436;18;-3.66;42.49
10437;3;-0.84;42.48
10438;12;-0.41;42.47
10439;9;0.36;42.47
10440;8;0.38;42.47
10441;6;0.51;42.49
10442;5;-4.89;42.52
10443;7;-3.27;42.49
10444;9;-3.20;42.53
10445;12;-1.05;42.48
10447;4;-7.04;42.46
10448;4;-6.27;42.47
10449;9;-4.78;42.49
10450;4;-3.56;42.47
10451;4;-2.28;42.47
10452;12;-1.64;42.48
10453;13;-1.25;42.46
10454;17;-1.24;42.46
10455;11;-0.91;42.47
10456;13;-0.53;42.46
10457;5;-0.38;42.47
10458;5;-0.05;42.46
10459;11;-0.03;42.47
10460;10;1.62;42.46
10461;5;2.88;42.47
10463;3;-7.09;42.46
10465;3;-6.94;42.46
10466;11;-6.88;42.46
10467;3;-6.82;42.46
10468;4;-6.77;42.46
10469;4;-6.44;42.46
10470;9;-6.37;42.46
10471;5;-6.17;42.46
10475;14;-4.78;42.46
10476;7;-4.74;42.46
10478;7;-3.50;42.46
10479;3;-3.40;42.46
10480;12;-3.06;42.50
10481;9;-2.60;42.46
10483;5;-2.10;42.46
10484;8;-2.01;42.46
10485;8;-1.94;42.46
10486;20;-1.92;42.46
10487;8;-1.90;42.46
10488;19;-1.89;42.46
10489;7;-1.44;42.46
10490;4;-1.32;42.46
10491;11;-1.30;42.46
10492;8;-1.29;42.46
10494;8;-1.19;42.46
10495;21;-1.18;42.46
10497;2;-0.36;42.46
10500;9;-0.21;42.46
10501;5;-0.12;42.46
10502;8;-0.10;42.46
10504;8;-0.02;42.46
10505;16;0.09;42.46
10506;4;0.10;42.46
10507;12;0.12;42.46
10508;4;0.13;42.46
10509;3;0.14;42.46
10510;13;0.19;42.46
10511;16;0.20;42.46
10512;13;0.23;42.46
10513;9;0.26;42.46
10514;10;0.28;42.46
10515;10;0.32;42.46
10516;9;0.33;42.46
10517;19;0.35;42.46
10518;19;0.38;42.46
10519;4;0.45;42.46
10520;4;0.48;42.46
10521;13;0.56;42.46
10522;3;0.59;42.46
10523;11;0.60;42.46
10525;16;0.69;42.46
10526;4;0.82;42.46
10527;17;0.83;42.46
10528;4;0.91;42.46
10529;19;1.10;42.46
10530;9;1.21;42.46
10531;14;1.23;42.46
10532;10;1.25;42.46
10533;10;1.42;42.46
10534;8;1.60;42.46
10535;9;1.82;42.46
10536;9;1.88;42.46
10537;2;2.83;42.46
10538;3;2.85;42.46
10540;5;2.90;42.46
10541;3;3.05;42.46
10543;8;-4.04;42.48
10544;15;-1.75;42.50
10545;7;-1.48;42.50
10546;6;1.78;42.47
10547;5;-4.93;42.48
10551;9;-4.55;42.54
10552;14;-2.20;42.47
10553;22;-2.08;42.49
10554;7;-1.53;42.46
10556;12;-1.56;42.50
10557;8;-1.12;42.47
10558;11;0.21;42.46
10559;6;0.30;42.46
10560;6;0.43;42.47
10561;4;0.85;42.46
10562;17;0.90;42.46
10563;9;1.16;42.46
10564;4;-6.89;42.48
10567;5;-5.09;42.45
10568;12;-4.86;42.45
10570;20;-2.04;42.46
10571;17;-1.82;42.46
10572;19;-1.76;42.46
10573;16;-1.60;42.47
10574;8;-1.35;42.46
10575;3;-0.91;42.45
10577;8;-0.13;42.45
10579;11;0.63;42.45
10580;14;0.95;42.46
10581;22;1.07;42.46
10582;19;1.14;42.45
10583;10;1.66;42.46
10584;5;3.01;42.46
10585;4;-8.34;42.45
10586;4;-7.67;42.45
10587;4;-7.58;42.46
10589;9;-6.41;42.45
10590;9;-6.38;42.45
10591;4;-6.21;42.45
10592;5;-6.20;42.45
10593;7;-6.05;42.45
10595;6;-5.68;42.45
10597;5;-4.94;42.45
10598;6;-4.81;42.45
10599;14;-4.80;42.45
10600;5;-4.74;42.45
10602;3;-4.16;42.45
10604;12;-2.28;42.45
10606;4;-2.25;42.45
10607;12;-2.24;42.45
10609;18;-2.15;42.45
10610;14;-2.13;42.45
10611;10;-2.12;42.45
10612;20;-2.08;42.45
10613;8;-2.02;42.45
10614;5;-1.99;42.45
10615;5;-1.88;42.45
10616;13;-1.87;42.45
10617;19;-1.85;42.45
10618;17;-1.76;42.45
10619;5;-1.71;42.45
10620;13;-1.69;42.45
10621;13;-1.67;42.45
10623;21;-1.59;42.45
10624;17;-1.56;42.45
10625;3;-1.51;42.46
10626;11;-1.41;42.47
10627;4;-1.39;42.45
10629;12;-1.24;42.45
10630;5;-1.17;42.45
10631;9;-1.01;42.45
10633;10;-0.92;42.45
10634;4;-0.69;42.45
10635;13;-0.45;42.45
10636;13;-0.30;42.45
10639;16;0.13;42.45
10640;12;0.16;42.45
10641;6;0.22;42.45
10642;7;0.23;42.45
10643;6;0.27;42.45
10644;10;0.29;42.45
10645;8;0.32;42.45
10646;22;0.34;42.45
10647;8;0.36;42.45
10648;22;0.38;42.45
10649;9;0.39;42.45
10650;19;0.46;42.45
10651;6;0.48;42.45
10652;8;0.57;42.45
10653;5;0.61;42.45
10654;8;0.67;42.45
10655;16;0.71;42.45
10656;14;0.82;42.45
10657;16;0.86;42.45
10658;6;0.98;42.46
10659;9;1.23;42.45
10660;10;1.24;42.45
10661;10;1.28;42.46
10662;6;1.36;42.45
10663;6;1.42;42.45
10664;10;1.60;42.45
10665;10;1.63;42.45
10666;9;1.77;42.45
10667;9;1.86;42.45
10668;3;1.88;42.45
10669;14;1.90;42.45
10670;11;2.01;42.45
10671;9;2.25;42.45
10672;5;2.92;42.45
10673;14;-5.13;42.47
10674;3;-6.01;42.47
10675;3;0.73;42.47
10676;2;-4.72;42.46
10677;19;0.54;42.47
10678;14;1.03;42.48
10679;12;-4.83;42.48
10680;5;-0.16;42.47
10681;3;-7.13;42.45
10682;4;-6.97;42.48
10684;12;-4.90;42.46
10685;21;-1.20;42.45
10686;11;-0.89;42.45
10687;5;0.03;42.47
10688;3;-7.07;42.45
10689;7;-6.93;42.45
10691;8;-4.88;42.45
10692;3;-4.24;42.45
10695;5;-3.03;42.45
10696;16;-2.16;42.45
10697;5;-1.79;42.45
10698;8;-1.21;42.45
10699;16;-1.14;42.45
10700;5;-1.09;42.45
10701;8;-0.88;42.44
10702;8;-0.81;42.45
10703;2;-0.09;42.46
10705;3;0.09;42.45
10706;13;0.26;42.45
10707;19;0.33;42.45
10708;8;0.40;42.45
10709;19;0.51;42.45
10710;6;0.53;42.45
10711;6;0.55;42.45
10712;11;0.58;42.45
10713;2;0.77;42.45
10714;17;0.87;42.45
10715;14;0.89;42.45
10716;19;1.04;42.45
10717;9;1.09;42.45
10718;3;1.79;42.45
10719;4;-8.48;42.44
10720;4;-8.32;42.44
10721;4;-7.57;42.44
10723;3;-6.90;42.44
10724;11;-6.86;42.44
10725;11;-6.82;42.44
10726;8;-6.81;42.44
10728;4;-6.46;42.44
10729;4;-6.32;42.44
10730;5;-6.19;42.44
10732;4;-5.68;42.44
10733;4;-5.20;42.47
10735;9;-4.93;42.45
10736;12;-4.87;42.44
10737;8;-4.85;42.45
10738;9;-4.81;42.44
10739;11;-4.77;42.45
10740;7;-4.74;42.44
10741;3;-4.17;42.44
10742;3;-3.77;42.44
10743;3;-3.28;42.44
10744;5;-3.20;42.44
10748;8;-2.43;42.44
10749;8;-2.37;42.44
10751;14;-2.18;42.44
10752;10;-2.13;42.44
10753;20;-2.01;42.45
10754;20;-1.88;42.44
10755;22;-1.83;42.44
10756;20;-1.82;42.44
10757;8;-1.78;42.44
10758;5;-1.65;42.44
10759;9;-1.64;42.44
10760;13;-1.61;42.44
10761;5;-1.48;42.44
10762;9;-1.46;42.44
10763;8;-1.26;42.45
10765;16;-1.17;42.44
10766;5;-1.15;42.44
10767;8;-1.13;42.44
10768;12;-0.98;42.44
10769;15;-0.93;42.44
10770;2;-0.91;42.44
10771;13;-0.54;42.44
10772;13;-0.28;42.44
10774;2;-0.18;42.44
10776;2;-0.14;42.44
10778;2;0.01;42.44
10779;7;0.02;42.44
10780;5;0.03;42.44
10781;3;0.13;42.44
10782;3;0.15;42.44
10784;16;0.17;42.44
10785;10;0.21;42.44
10786;6;0.24;42.45
10787;10;0.27;42.44
10788;9;0.35;42.44
10789;8;0.38;42.44
10790;19;0.39;42.44
10791;22;0.47;42.44
10792;6;0.50;42.44
10793;5;0.59;42.44
10794;8;0.62;42.44
10795;3;0.65;42.44
10796;13;0.73;42.44
10797;9;0.82;42.44
10798;17;0.85;42.44
10799;4;0.86;42.44
10800;9;0.90;42.44
10801;14;0.91;42.44
10802;4;0.94;42.44
10803;14;0.97;42.44
10804;19;1.09;42.44
10805;12;1.12;42.44
10806;15;1.14;42.44
10807;9;1.22;42.44
10808;6;1.41;42.44
10809;10;1.42;42.44
10810;4;1.57;42.44
10811;6;1.75;42.44
10812;14;1.77;42.44
10815;4;-5.38;42.56
10816;9;-6.16;42.45
10817;7;-4.20;42.46
10818;13;0.79;42.45
10819;5;-6.38;42.47
10820;11;-3.40;42.49
10821;8;-0.71;42.45
10824;8;-7.62;42.44
10825;4;-7.05;42.44
10829;11;-2.33;42.44
10830;12;-2.26;42.44
10831;8;-2.13;42.43
10832;20;-1.75;42.44
10833;18;-1.68;42.44
10834;5;-1.51;42.44
10835;18;-1.44;42.44
10836;8;-1.39;42.44
10837;4;-1.35;42.44
10838;4;-0.64;42.44
10840;7;0.22;42.44
10841;6;0.32;42.43
10842;11;1.15;42.44
10843;18;1.71;42.44
10844;6;1.78;42.44
10845;11;1.92;42.44
10846;6;3.02;42.44
10847;4;-8.39;42.43
10848;4;-8.29;42.43
10849;4;-7.55;42.43
10850;4;-6.96;42.44
10851;8;-6.87;42.43
10852;9;-6.19;42.43
10853;5;-6.16;42.43
10854;6;-5.49;42.47
10855;7;-5.27;42.47
10857;4;-4.81;42.43
10859;3;-4.18;42.43
10860;3;-3.79;42.43
10861;7;-3.78;42.43
10862;11;-3.78;42.49
10864;4;-3.24;42.43
10866;4;-2.45;42.43
10867;14;-2.24;42.43
10868;12;-2.10;42.43
10870;12;-2.07;42.43
10871;22;-2.02;42.43
10872;8;-1.83;42.43
10873;22;-1.81;42.43
10874;13;-1.65;42.43
10875;5;-1.64;42.43
10876;5;-1.49;42.43
10877;16;-1.08;42.43
10878;9;-1.07;42.43
10879;13;-0.91;42.43
10880;4;-0.60;42.43
10881;4;-0.57;42.43
10882;13;-0.55;42.43
10883;13;-0.53;42.43
10884;13;-0.48;42.44
10885;13;-0.45;42.43
10887;2;-0.36;42.43
10890;13;-0.29;42.43
10892;13;-0.25;42.43
10893;9;-0.24;42.43
10894;13;-0.23;42.43
10895;2;-0.17;42.43
10896;8;-0.07;42.43
10897;4;0.06;42.43
10898;5;0.08;42.43
10899;16;0.12;42.43
10901;16;0.16;42.43
10902;9;0.23;42.43
10903;6;0.26;42.43
10904;10;0.31;42.43
10905;19;0.34;42.43
10906;6;0.35;42.43
10907;22;0.36;42.43
10908;16;0.46;42.43
10909;22;0.50;42.43
10910;19;0.53;42.43
10911;6;0.54;42.43
10912;9;0.55;42.43
10914;11;0.60;42.43
10915;8;0.65;42.43
10916;8;0.67;42.43
10917;13;0.72;42.43
10918;5;0.73;42.43
10919;16;0.74;42.43
10920;2;0.79;42.43
10922;2;0.89;42.43
10923;17;0.92;42.43
10924;14;0.95;42.43
10925;6;0.99;42.43
10926;4;1.02;42.43
10927;19;1.03;42.43
10928;19;1.06;42.43
10929;11;1.33;42.43
10930;22;1.44;42.43
10931;9;1.46;42.43
10932;22;1.53;42.43
10933;4;1.60;42.43
10934;11;1.73;42.43
10935;11;1.77;42.43
10937;11;1.96;42.43
10938;9;2.18;42.43
10939;9;2.26;42.43
10940;6;2.32;42.43
10941;2;2.75;42.43
10942;4;3.09;42.43
10944;4;3.17;42.43
10945;7;-3.81;42.44
10946;2;2.96;42.46
10947;9;0.43;42.44
10948;3;-3.10;42.44
10949;15;-2.31;42.44
10950;8;-4.35;42.43
10951;9;-3.03;42.44
10952;4;-2.69;42.43
10953;14;-2.07;42.44
10954;8;-1.86;42.43
10955;14;-1.53;42.43
10957;3;0.57;42.43
10958;14;1.74;42.43
10959;4;-7.58;42.43
10960;4;-7.30;42.43
10962;7;-4.82;42.43
10963;9;-4.79;42.43
10965;10;-2.04;42.43
10966;13;-1.20;42.43
10967;21;-1.15;42.43
10968;21;-1.10;42.43
10970;8;-0.12;42.43
10971;4;0.01;42.43
10972;3;0.19;42.44
10973;6;0.22;42.42
10974;10;0.25;42.43
10975;9;0.38;42.43
10976;21;0.40;42.43
10977;22;0.42;42.43
10978;9;0.48;42.43
10979;3;0.66;42.43
10980;4;-7.60;42.42
10981;7;-7.51;42.42
10983;4;-7.38;42.43
10984;8;-6.79;42.42
10986;4;-6.44;42.42
10987;4;-6.27;42.42
10988;9;-6.16;42.42
10992;3;-4.32;42.42
10993;3;-3.78;42.42
10994;7;-3.77;42.42
10996;5;-3.20;42.42
10997;13;-3.01;42.42
11000;12;-2.27;42.42
11002;10;-2.13;42.42
11004;8;-2.09;42.42
11005;20;-2.02;42.42
11006;16;-1.94;42.42
11007;8;-1.81;42.42
11008;20;-1.72;42.42
11009;5;-1.67;42.42
11010;15;-1.64;42.42
11011;13;-1.63;42.42
11013;5;-1.19;42.42
11014;12;-1.08;42.42
11015;2;-0.99;42.42
11016;12;-0.95;42.42
11017;12;-0.80;42.42
11018;4;-0.56;42.42
11019;2;-0.38;42.42
11020;13;-0.31;42.42
11022;8;-0.17;42.42
11023;5;0.12;42.42
11024;12;0.14;42.43
11025;16;0.19;42.42
11026;10;0.28;42.42
11028;8;0.36;42.42
11029;21;0.38;42.42
11030;9;0.41;42.42
11031;22;0.46;42.42
11032;22;0.48;42.42
11033;4;0.51;42.43
11034;22;0.55;42.42
11035;3;0.60;42.42
11036;3;0.64;42.42
11037;5;0.65;42.42
11038;2;0.70;42.42
11039;5;0.76;42.44
11040;12;0.77;42.42
11041;3;0.80;42.42
11042;9;0.85;42.42
11044;22;1.02;42.42
11045;4;1.03;42.42
11046;19;1.09;42.42
11047;19;1.15;42.42
11048;16;1.22;42.42
11049;11;1.23;42.42
11050;19;1.47;42.42
11051;22;1.48;42.42
11052;9;1.71;42.42
11053;6;1.76;42.42
11054;3;1.80;42.42
11055;2;2.79;42.42
11057;3;2.87;42.42
11060;4;-6.24;42.44
11061;8;-3.74;42.43
11062;4;-3.34;42.44
11063;7;-7.54;42.43
11064;16;-3.14;42.43
11065;4;-3.07;42.43
11066;4;-8.43;42.43
11068;9;-1.58;42.43
11069;14;-1.45;42.42
11070;4;-1.40;42.42
11071;5;-1.13;42.42
11072;4;0.04;42.42
11073;11;1.36;42.42
11074;17;1.55;42.43
11076;4;-7.49;42.42
11077;5;-4.76;42.42
11078;11;-4.34;42.42
11079;7;-3.11;42.42
11080;12;-2.20;42.43
11081;10;-1.50;42.43
11082;8;-1.21;42.42
11083;8;-1.10;42.42
11085;12;0.09;42.42
11086;13;0.33;42.42
11087;9;0.35;42.42
11088;6;0.53;42.42
11089;5;0.80;42.42
11090;11;0.84;42.43
11093;12;1.10;42.42
11094;11;1.31;42.42
11097;4;3.02;42.42
11099;4;-7.64;42.41
11100;4;-7.46;42.41
11101;4;-7.41;42.41
11102;7;-6.90;42.41
11103;4;-6.83;42.41
11112;9;-3.21;42.41
11113;13;-3.20;42.43
11114;8;-3.07;42.41
11115;9;-3.01;42.41
11119;4;-2.64;42.41
11121;17;-2.32;42.41
11122;4;-2.13;42.41
11123;14;-2.03;42.41
11124;5;-1.81;42.41
11125;20;-1.70;42.41
11126;17;-1.63;42.41
11127;5;-1.53;42.41
11128;5;-1.48;42.41
11129;13;-1.17;42.41
11130;8;-1.14;42.41
11131;11;-0.98;42.41
11132;16;-0.81;42.42
11138;9;-0.12;42.41
11140;4;0.07;42.41
11141;16;0.08;42.41
11143;2;0.36;42.41
11144;9;0.40;42.41
11145;3;0.41;42.41
11146;12;0.44;42.41
11147;22;0.45;42.41
11148;22;0.50;42.41
11149;19;0.55;42.41
11150;5;0.62;42.42
11151;3;0.63;42.41
11153;13;0.74;42.41
11154;11;0.86;42.41
11155;9;0.90;42.41
11156;2;0.91;42.41
11157;8;0.98;42.43
11158;19;1.11;42.41
11160;10;1.17;42.41
11161;10;1.22;42.41
11162;16;1.23;42.41
11163;9;1.47;42.41
11164;14;1.55;42.41
11165;17;1.60;42.42
11166;14;1.61;42.41
11167;18;1.70;42.41
11169;5;2.68;42.41
11170;5;2.87;42.43
11171;3;-0.90;42.43
11172;4;-6.72;42.47
11173;4;-7.04;42.42
11175;9;-6.67;42.42
11176;16;-3.23;42.41
11177;4;-2.21;42.41
11179;2;-0.79;42.41
11180;9;-0.64;42.41
11182;19;0.95;42.42
11183;25;1.09;42.42
11184;7;-7.47;42.41
11185;8;-6.86;42.41
11186;8;-6.77;42.41
11188;4;-6.26;42.41
11190;7;-4.29;42.41
11191;5;-3.03;42.41
11193;4;-2.48;42.41
11194;14;-2.24;42.41
11195;12;-2.08;42.41
11196;12;-2.05;42.41
11197;22;-2.02;42.41
11198;16;-1.96;42.41
11199;5;-1.58;42.41
11200;21;-1.12;42.41
11201;9;-1.05;42.41
11202;9;-1.02;42.41
11203;3;-0.80;42.41
11206;19;0.51;42.41
11207;13;0.58;42.41
11208;4;-8.43;42.40
11209;4;-8.40;42.40
11210;4;-8.30;42.40
11211;4;-7.59;42.40
11212;4;-7.55;42.40
11213;7;-7.49;42.40
11214;4;-7.48;42.40
11216;4;-7.30;42.40
11217;7;-6.89;42.40
11219;8;-6.82;42.40
11220;8;-6.79;42.40
11221;4;-6.24;42.40
11223;8;-3.22;42.40
11224;13;-3.21;42.40
11225;13;-3.15;42.40
11226;10;-3.14;42.40
11227;9;-3.13;42.40
11228;3;-3.11;42.40
11229;2;-3.10;42.40
11231;8;-2.51;42.40
11232;8;-2.45;42.40
11233;10;-2.44;42.40
11234;14;-2.19;42.41
11235;12;-2.16;42.40
11236;20;-1.72;42.40
11237;17;-1.64;42.40
11238;5;-1.50;42.40
11239;8;-1.20;42.40
11240;18;-1.14;42.40
11241;14;-1.11;42.40
11242;14;-0.97;42.40
11243;16;-0.91;42.40
11244;18;-0.82;42.40
11245;12;-0.75;42.40
11246;9;-0.73;42.40
11247;9;-0.69;42.40
11250;9;-0.29;42.40
11251;5;-0.10;42.40
11252;4;-0.07;42.40
11253;4;-0.02;42.40
11254;9;0.07;42.40
11255;4;0.14;42.40
11256;9;0.32;42.40
11257;13;0.35;42.40
11258;12;0.41;42.40
11259;13;0.45;42.40
11260;22;0.46;42.40
11261;5;0.59;42.40
11264;5;0.73;42.40
11266;13;0.78;42.40
11267;16;0.79;42.40
11268;3;0.81;42.40
11270;11;0.84;42.40
11271;2;0.85;42.40
11273;12;1.09;42.40
11274;15;1.10;42.40
11275;12;1.11;42.40
11276;19;1.12;42.40
11277;19;1.15;42.40
11278;19;1.46;42.40
11279;19;1.54;42.40
11280;17;1.66;42.40
11281;9;1.69;42.40
11282;6;1.79;42.40
11283;3;1.81;42.40
11284;5;1.82;42.40
11285;3;1.84;42.40
11286;11;1.97;42.40
11288;5;2.67;42.40
11289;3;2.88;42.40
11290;4;3.09;42.40
11291;5;1.94;42.44
11292;16;-1.99;42.42
11294;4;-7.65;42.41
11295;4;-6.30;42.41
11296;16;-5.31;42.41
11297;19;-1.65;42.41
11298;4;-1.23;42.41
11299;4;-6.41;42.40
11300;4;-6.38;42.41
11304;16;0.43;42.40
11305;22;1.04;42.41
11306;6;1.68;42.40
11307;11;1.77;42.41
11308;4;-6.84;42.40
11311;10;-2.03;42.40
11312;20;-1.86;42.40
11313;16;-0.86;42.40
11314;4;-0.56;42.40
11318;3;0.71;42.41
11319;3;0.77;42.41
11320;16;1.21;42.40
11321;15;1.38;42.40
11322;15;1.67;42.40
11323;8;1.72;42.42
11324;4;-8.50;42.40
11325;4;-8.48;42.40
11326;4;-8.33;42.40
11327;7;-7.53;42.40
11328;4;-7.52;42.40
11330;3;-7.47;42.40
11331;4;-7.45;42.40
11333;3;-6.96;42.40
11334;7;-6.95;42.40
11335;7;-6.90;42.40
11336;4;-6.88;42.40
11337;8;-6.86;42.40
11338;4;-6.71;42.40
11339;4;-6.25;42.40
11340;4;-6.20;42.40
11346;3;-3.24;42.40
11347;5;-3.17;42.40
11349;18;-2.26;42.40
11350;12;-2.10;42.40
11352;5;-1.96;42.40
11353;8;-1.80;42.40
11354;5;-1.46;42.40
11355;4;-1.19;42.40
11356;8;-1.18;42.40
11357;9;-1.04;42.40
11358;12;-0.99;42.40
11359;3;-0.98;42.40
11360;12;-0.97;42.40
11361;16;-0.81;42.40
11363;12;-0.66;42.40
11366;12;-0.41;42.40
11367;2;-0.32;42.40
11368;5;-0.27;42.40
11372;9;0.33;42.40
11373;13;0.36;42.40
11374;15;0.38;42.40
11375;13;0.44;42.40
11376;12;0.45;42.40
11377;6;0.46;42.40
11378;4;0.53;42.40
11379;13;0.67;42.40
11380;13;0.70;42.40
11381;12;0.76;42.40
11382;2;0.88;42.40
11384;8;0.95;42.40
11385;22;0.98;42.40
11386;9;0.99;42.40
11387;19;1.11;42.40
11388;15;1.12;42.40
11389;19;1.16;42.40
11390;15;1.42;42.40
11391;17;1.55;42.40
11392;14;1.56;42.40
11393;17;1.62;42.40
11394;14;1.66;42.40
11395;3;1.82;42.40
11399;3;2.67;42.40
11400;9;-0.39;42.43
11401;8;1.32;42.44
11402;18;-1.94;42.42
11403;3;-7.50;42.40
11404;15;-2.34;42.40
11405;2;-0.25;42.44
11406;4;-6.11;42.45
11408;13;-1.56;42.40
11409;21;0.50;42.40
11410;11;1.18;42.41
11411;5;1.82;42.42
11412;3;-3.32;42.40
11413;8;-2.12;42.40
11414;14;-1.53;42.40
11415;13;0.64;42.40
11416;12;1.14;42.40
11417;4;-6.75;42.39
11418;8;-6.65;42.40
11419;5;-6.63;42.39
11420;8;-6.61;42.39
11421;9;-3.22;42.39
11422;5;-3.20;42.39
11423;4;-2.75;42.42
11424;14;-2.16;42.39
11425;13;-1.15;42.39
11426;2;-0.87;42.39
11427;12;-0.12;42.40
11428;2;-0.04;42.42
11429;6;0.54;42.39
11431;16;0.72;42.39
11432;9;0.84;42.39
11433;19;1.07;42.40
11434;9;1.54;42.39
11435;4;2.42;42.39
11436;4;-8.49;42.39
11437;4;-8.47;42.39
11438;4;-8.28;42.39
11439;9;-7.57;42.39
11440;4;-7.07;42.39
11441;3;-7.04;42.39
11442;9;-6.92;42.39
11443;5;-6.91;42.39
11444;9;-6.90;42.39
11445;7;-6.89;42.39
11446;3;-6.88;42.39
11448;8;-6.84;42.39
11449;5;-6.66;42.39
11451;4;-3.35;42.39
11452;7;-3.24;42.39
11453;8;-2.99;42.39
11455;4;-2.79;42.39
11456;10;-2.46;42.39
11458;12;-2.37;42.40
11461;15;-2.31;42.39
11462;12;-2.19;42.39
11463;12;-2.09;42.39
11465;4;-2.05;42.39
11466;8;-2.03;42.39
11467;5;-1.97;42.39
11468;16;-1.96;42.39
11469;20;-1.89;42.39
11470;5;-1.76;42.39
11471;5;-1.68;42.39
11472;17;-1.65;42.39
11473;5;-1.63;42.39
11474;17;-1.61;42.39
11475;5;-1.59;42.39
11476;4;-1.18;42.39
11477;9;-1.17;42.39
11478;9;-1.12;42.39
11480;12;-0.98;42.39
11481;3;-0.96;42.39
11482;12;-0.94;42.39
11484;5;-0.74;42.39
11485;3;-0.66;42.39
11486;3;-0.39;42.39
11488;5;-0.29;42.39
11489;9;-0.21;42.39
11490;9;-0.10;42.39
11491;4;-0.05;42.39
11492;9;0.07;42.39
11493;2;0.36;42.39
11494;2;0.42;42.39
11495;5;0.44;42.39
11496;3;0.45;42.39
11497;11;0.47;42.39
11498;6;0.51;42.39
11499;4;0.52;42.39
11500;16;0.61;42.39
11503;3;0.76;42.39
11504;13;0.78;42.39
11506;2;0.85;42.39
11507;5;0.87;42.39
11508;9;1.05;42.39
11509;15;1.11;42.39
11510;15;1.16;42.39
11511;9;1.71;42.39
11512;18;1.75;42.39
11514;4;2.64;42.39
11517;4;3.06;42.39
11518;4;3.08;42.39
11519;8;-3.49;42.42
11520;11;-5.26;42.41
11521;7;-3.29;42.41
11522;2;-0.25;42.40
11523;8;-2.97;42.40
11524;9;0.56;42.40
11525;5;-6.68;42.39
11526;3;-0.76;42.39
11527;9;0.04;42.40
11528;8;1.50;42.40
11530;4;-6.92;42.42
11531;4;-2.91;42.46
11533;12;-0.80;42.39
11534;12;-0.73;42.39
11535;9;-0.70;42.39
11537;4;0.11;42.40
11538;4;0.18;42.40
11539;15;0.81;42.39
11540;9;1.46;42.39
11541;15;1.75;42.39
11542;4;-8.43;42.38
11543;7;-7.46;42.39
11544;4;-7.40;42.38
11545;3;-6.39;42.38
11547;4;-3.45;42.38
11548;8;-3.22;42.38
11549;10;-2.14;42.38
11550;20;-1.72;42.38
11552;16;-0.93;42.38
11553;3;-0.90;42.38
11554;12;-0.62;42.38
11555;9;-0.58;42.38
11556;5;-0.33;42.38
11558;13;0.38;42.38
11559;15;0.41;42.38
11560;9;0.49;42.38
11561;5;0.60;42.38
11562;11;0.96;42.39
11563;12;1.10;42.39
11564;19;1.17;42.38
11565;15;1.18;42.38
11566;9;1.52;42.38
11567;17;1.66;42.38
11568;9;1.67;42.38
11569;9;-7.54;42.38
11570;3;-7.53;42.38
11571;3;-7.51;42.38
11572;7;-7.49;42.38
11573;4;-7.38;42.38
11574;8;-6.92;42.38
11575;12;-6.89;42.38
11577;8;-6.86;42.38
11578;4;-6.82;42.38
11579;5;-6.65;42.38
11580;3;-6.42;42.38
11587;4;-3.53;42.38
11588;8;-3.43;42.38
11589;4;-3.34;42.38
11590;4;-3.27;42.38
11591;16;-3.23;42.38
11592;5;-3.17;42.38
11593;4;-2.99;42.38
11594;8;-2.98;42.38
11595;8;-2.80;42.38
11597;8;-2.75;42.38
11598;4;-2.63;42.38
11599;4;-2.58;42.38
11600;8;-2.10;42.38
11602;10;-2.06;42.38
11603;10;-2.03;42.38
11604;16;-2.00;42.38
11605;5;-1.94;42.38
11606;5;-1.71;42.38
11607;17;-1.58;42.39
11608;5;-1.45;42.38
11609;5;-1.12;42.38
11610;12;-0.92;42.38
11612;5;-0.72;42.38
11613;12;-0.67;42.38
11614;3;-0.60;42.38
11615;12;-0.37;42.38
11617;3;-0.13;42.38
11619;4;-0.06;42.38
11621;3;0.21;42.38
11622;9;0.39;42.38
11623;13;0.40;42.38
11624;2;0.44;42.38
11625;9;0.45;42.38
11626;21;0.47;42.38
11627;22;0.55;42.38
11629;11;0.86;42.38
11630;12;0.87;42.38
11631;9;0.89;42.38
11632;3;0.91;42.38
11633;22;0.96;42.38
11634;19;1.09;42.38
11635;25;1.11;42.38
11636;12;1.16;42.38
11637;15;1.42;42.38
11638;19;1.44;42.38
11639;22;1.47;42.38
11640;22;1.53;42.38
11641;8;1.63;42.38
11642;9;1.65;42.38
11643;12;1.72;42.38
11644;9;1.79;42.38
11645;11;1.97;42.38
11646;4;2.47;42.38
11647;2;2.67;42.38
11650;8;3.06;42.38
11652;7;-4.34;42.39
11653;9;2.21;42.40
11654;3;-4.30;42.38
11655;4;-3.58;42.38
11656;2;-3.11;42.38
11658;8;-2.07;42.39
11659;18;-2.00;42.39
11660;16;-1.93;42.38
11661;3;-1.00;42.38
11662;4;-0.49;42.40
11663;11;0.01;42.38
11664;3;0.58;42.38
11665;5;-3.15;42.38
11666;7;-1.95;42.38
11667;2;-0.30;42.38
11668;9;0.92;42.39
11669;15;1.69;42.38
11670;11;1.93;42.39
11671;4;-7.48;42.37
11672;3;-7.45;42.41
11673;4;-7.31;42.37
11674;11;-7.00;42.37
11679;16;-2.02;42.37
11680;5;-1.96;42.37
11681;3;-0.84;42.38
11682;11;-0.38;42.37
11684;5;0.90;42.37
11685;25;1.14;42.37
11686;8;1.63;42.42
11687;9;1.61;42.38
11689;5;-7.59;42.37
11690;9;-7.53;42.37
11691;3;-7.49;42.37
11692;3;-7.47;42.37
11694;3;-7.03;42.37
11695;8;-6.97;42.37
11696;11;-6.96;42.37
11697;5;-6.89;42.37
11698;4;-6.87;42.37
11699;4;-6.80;42.37
11700;3;-6.38;42.37
11703;8;-5.49;42.37
11706;4;-3.49;42.37
11707;4;-3.36;42.37
11708;4;-3.28;42.37
11709;8;-3.23;42.37
11710;16;-3.22;42.37
11711;7;-3.17;42.37
11712;7;-3.16;42.39
11713;4;-3.10;42.37
11714;8;-2.70;42.37
11715;2;-2.56;42.37
11716;8;-2.54;42.37
11717;8;-2.51;42.37
11720;12;-2.38;42.37
11721;12;-2.32;42.37
11722;8;-2.14;42.37
11723;6;-2.05;42.37
11725;5;-2.00;42.37
11726;16;-1.99;42.37
11727;8;-1.94;42.37
11728;20;-1.80;42.37
11729;5;-1.65;42.37
11730;5;-1.58;42.37
11731;13;-1.56;42.37
11732;14;-1.49;42.37
11733;14;-1.46;42.37
11734;10;-1.48;42.39
11735;5;-1.16;42.37
11736;12;-0.99;42.37
11737;12;-0.94;42.37
11738;3;-0.92;42.37
11739;13;-0.91;42.37
11740;12;-0.89;42.37
11741;2;-0.73;42.37
11742;12;-0.63;42.37
11743;12;-0.60;42.37
11744;4;-0.56;42.37
11747;5;-0.09;42.37
11748;19;0.52;42.37
11749;13;0.53;42.37
11750;22;0.57;42.37
11751;12;0.59;42.37
11752;15;0.60;42.37
11754;3;0.73;42.37
11755;13;0.79;42.37
11756;16;0.81;42.37
11757;5;0.85;42.37
11758;12;0.86;42.37
11759;5;0.87;42.37
11760;12;0.89;42.37
11761;8;0.91;42.37
11762;15;0.92;42.37
11763;22;0.95;42.37
11764;9;1.02;42.37
11765;15;1.10;42.37
11766;10;1.23;42.37
11767;10;1.28;42.37
11768;9;1.34;42.37
11770;22;1.46;42.37
11771;19;1.47;42.37
11772;6;1.48;42.37
11773;11;1.57;42.37
11774;17;1.65;42.37
11775;14;1.66;42.37
11776;18;1.67;42.37
11777;9;1.68;42.37
11778;6;1.72;42.37
11779;15;1.73;42.37
11782;5;1.90;42.37
11783;11;1.99;42.37
11784;10;2.38;42.37
11785;4;2.42;42.37
11786;2;2.57;42.37
11787;2;2.66;42.37
11788;4;2.67;42.37
11789;2;2.70;42.37
11790;2;2.82;42.40
11795;22;-1.88;42.41
11796;8;-4.64;42.40
11797;4;-5.04;42.46
11799;6;1.37;42.39
11800;8;1.34;42.38
11802;4;-2.66;42.38
11803;20;-1.79;42.40
11804;5;-1.43;42.37
11805;19;1.01;42.39
11806;5;-7.56;42.37
11807;7;-7.51;42.36
11808;20;-1.85;42.37
11809;22;-1.72;42.40
11811;9;-0.34;42.37
11812;9;1.50;42.37
11813;7;-7.44;42.36
11814;4;-7.36;42.38
11815;7;-7.02;42.36
11816;7;-4.50;42.38
11817;10;-2.46;42.36
11818;5;-1.72;42.36
11819;20;-1.69;42.37
11820;18;-0.82;42.36
11822;7;-0.49;42.36
11823;3;-0.41;42.36
11824;9;0.08;42.36
11825;2;0.38;42.36
11826;13;0.39;42.36
11827;2;0.40;42.36
11828;13;0.43;42.37
11829;2;0.45;42.36
11830;18;1.42;42.36
11831;22;1.52;42.36
11832;9;1.53;42.36
11833;14;1.55;42.36
11834;12;1.78;42.36
11835;11;1.96;42.36
11838;4;-8.49;42.36
11839;4;-8.44;42.36
11840;12;-7.53;42.36
11841;3;-7.48;42.36
11842;4;-7.47;42.36
11843;4;-7.09;42.36
11844;3;-7.01;42.36
11845;9;-6.88;42.36
11846;5;-6.66;42.36
11847;3;-6.44;42.36
11851;3;-5.11;42.36
11852;11;-4.60;42.36
11853;4;-4.46;42.41
11854;7;-4.39;42.36
11855;3;-4.15;42.36
11856;3;-3.87;42.36
11858;2;-3.14;42.36
11859;9;-2.99;42.36
11860;9;-2.92;42.36
11861;13;-2.88;42.36
11865;8;-2.56;42.36
11868;8;-2.49;42.37
11870;8;-2.25;42.36
11871;8;-2.00;42.36
11872;16;-1.94;42.36
11873;20;-1.88;42.36
11874;22;-1.87;42.36
11875;13;-1.62;42.38
11876;5;-1.56;42.37
11877;14;-1.52;42.36
11878;18;-1.48;42.36
11879;5;-1.45;42.36
11880;14;-1.44;42.36
11881;16;-0.89;42.36
11882;13;-0.86;42.36
11883;12;-0.75;42.36
11885;14;-0.68;42.36
11886;3;-0.60;42.36
11887;4;-0.55;42.36
11889;7;-0.47;42.36
11891;12;-0.38;42.36
11892;11;-0.37;42.36
11894;2;-0.28;42.36
11897;3;-0.07;42.36
11899;9;0.01;42.36
11900;9;0.03;42.36
11902;4;0.13;42.36
11903;7;0.20;42.36
11904;4;0.33;42.36
11905;13;0.34;42.36
11906;4;0.42;42.36
11907;19;0.46;42.36
11908;13;0.55;42.36
11910;13;0.59;42.36
11911;13;0.66;42.36
11912;16;0.70;42.36
11914;5;0.89;42.36
11915;8;0.90;42.36
11916;9;0.91;42.36
11917;5;0.93;42.36
11918;10;1.20;42.37
11919;9;1.24;42.36
11920;10;1.25;42.36
11921;15;1.31;42.36
11922;9;1.40;42.36
11923;9;1.47;42.36
11924;19;1.54;42.36
11925;7;1.63;42.36
11926;15;1.68;42.36
11927;12;1.69;42.36
11928;6;1.71;42.36
11929;12;1.72;42.36
11930;9;1.81;42.36
11931;14;1.82;42.36
11932;6;1.84;42.36
11933;5;1.88;42.36
11934;2;1.90;42.36
11935;3;1.91;42.36
11936;13;2.06;42.36
11937;3;2.12;42.38
11939;4;2.45;42.36
11940;2;2.68;42.36
11942;4;2.87;42.36
11943;6;-5.68;42.39
11945;11;1.28;42.38
11946;8;-2.40;42.38
11947;12;-0.42;42.37
11948;8;0.48;42.36
11949;11;0.85;42.36
11950;12;1.07;42.37
11951;9;1.44;42.36
11952;9;-6.93;42.37
11953;5;-6.60;42.40
11955;6;-3.31;42.36
11957;5;-0.36;42.36
11958;2;2.90;42.38
11959;16;-6.92;42.35
11960;3;-6.27;42.35
11961;4;-3.64;42.35
11962;9;-3.05;42.35
11963;4;-2.70;42.36
11964;8;-2.61;42.35
11965;2;-2.57;42.35
11966;8;-2.52;42.35
11967;8;-1.79;42.36
11969;3;-1.00;42.36
11970;3;-0.97;42.35
11971;3;-0.94;42.35
11974;6;0.57;42.35
11975;2;0.61;42.35
11976;15;0.66;42.37
11977;16;0.73;42.35
11978;3;0.81;42.36
11979;11;0.97;42.36
11980;11;1.04;42.36
11981;11;1.22;42.36
11983;6;1.73;42.35
11984;4;2.40;42.35
11985;6;2.81;42.35
11988;5;-7.59;42.35
11989;8;-7.52;42.35
11992;3;-7.46;42.35
11993;4;-7.42;42.35
11994;4;-7.30;42.35
11995;8;-6.97;42.35
11996;13;-6.94;42.35
11997;5;-6.64;42.35
11998;5;-6.60;42.35
11999;4;-5.99;42.35
12000;6;-5.90;42.35
12003;5;-5.31;42.35
12004;3;-5.10;42.35
12006;7;-4.79;42.35
12007;13;-4.53;42.35
12008;16;-4.49;42.35
12009;3;-3.86;42.35
12011;12;-3.15;42.35
12012;9;-2.98;42.35
12014;2;-2.69;42.35
12015;3;-2.56;42.35
12017;8;-2.46;42.35
12018;10;-2.45;42.35
12020;13;-2.42;42.35
12021;11;-2.40;42.35
12023;10;-2.37;42.35
12024;8;-2.21;42.35
12025;8;-2.16;42.35
12026;18;-1.84;42.35
12027;10;-1.63;42.35
12028;15;-1.49;42.35
12029;3;-1.48;42.35
12030;3;-1.44;42.35
12033;16;-0.92;42.35
12034;9;-0.81;42.35
12035;12;-0.79;42.35
12037;9;-0.60;42.35
12038;4;-0.54;42.35
12039;3;-0.44;42.35
12040;3;-0.42;42.35
12041;12;-0.41;42.35
12042;3;-0.38;42.35
12043;5;-0.32;42.35
12044;5;-0.28;42.35
12045;9;-0.17;42.35
12046;2;-0.16;42.35
12047;3;-0.11;42.35
12049;6;-0.04;42.35
12050;4;-0.03;42.35
12052;4;0.15;42.35
12053;7;0.17;42.35
12054;7;0.22;42.35
12055;2;0.39;42.35
12056;13;0.42;42.35
12057;4;0.44;42.35
12058;9;0.55;42.35
12059;13;0.58;42.35
12060;16;0.71;42.35
12061;3;0.72;42.35
12062;9;0.82;42.35
12063;6;0.89;42.35
12064;11;0.90;42.35
12065;14;0.95;42.35
12066;19;0.98;42.35
12067;11;0.99;42.35
12068;12;1.01;42.35
12069;19;1.02;42.35
12070;12;1.03;42.35
12071;9;1.18;42.35
12072;10;1.21;42.35
12073;10;1.24;42.35
12074;16;1.25;42.35
12075;10;1.27;42.35
12076;9;1.30;42.35
12077;9;1.33;42.35
12078;2;1.37;42.35
12079;9;1.39;42.35
12080;3;1.40;42.35
12081;9;1.52;42.35
12082;7;1.59;42.35
12083;9;1.68;42.35
12084;10;1.72;42.35
12085;7;1.74;42.35
12086;6;1.75;42.35
12087;7;1.78;42.35
12088;7;1.81;42.35
12089;11;1.82;42.35
12090;3;1.85;42.35
12091;10;1.86;42.35
12092;6;1.95;42.35
12093;10;2.04;42.35
12094;6;2.09;42.35
12095;13;2.10;42.35
12096;6;2.12;42.35
12097;10;2.13;42.35
12098;4;2.28;42.35
12100;4;2.43;42.35
12101;8;2.62;42.35
12102;4;2.64;42.35
12103;3;2.73;42.35
12104;4;2.85;42.35
12105;4;2.94;42.35
12106;4;-5.69;42.48
12107;9;-0.15;42.36
12108;8;-6.63;42.36
12110;2;-0.19;42.36
12111;9;-7.56;42.35
12112;5;-6.69;42.35
12113;4;-3.61;42.35
12117;4;0.10;42.35
12118;8;2.37;42.35
12119;9;2.77;42.35
12120;4;-8.42;42.35
12121;3;-6.39;42.35
12122;8;-5.64;42.34
12123;4;-3.25;42.36
12124;3;-3.22;42.34
12125;13;-2.54;42.34
12126;4;-1.92;42.35
12127;12;-1.86;42.35
12128;15;-1.67;42.34
12129;3;-1.51;42.34
12130;4;-1.41;42.34
12131;5;-0.50;42.35
12132;3;-0.47;42.35
12133;7;-0.45;42.34
12134;2;-0.34;42.35
12135;13;0.46;42.35
12136;15;0.60;42.34
12137;3;0.70;42.34
12138;12;1.47;42.35
12139;6;1.56;42.34
12140;10;1.67;42.35
12141;10;1.69;42.34
12142;7;1.71;42.34
12143;4;2.32;42.34
12144;13;-7.54;42.34
12145;8;-7.53;42.34
12147;3;-7.30;42.34
12148;3;-7.26;42.34
12149;3;-7.23;42.34
12150;7;-7.21;42.34
12151;3;-7.20;42.34
12153;3;-7.01;42.34
12154;4;-6.97;42.35
12155;5;-6.94;42.34
12156;9;-6.91;42.34
12157;7;-6.82;42.34
12158;5;-6.58;42.34
12159;3;-6.43;42.34
12160;3;-6.33;42.34
12162;10;-5.49;42.38
12164;4;-5.01;42.34
12165;3;-3.27;42.37
12166;9;-2.97;42.34
12167;4;-2.68;42.34
12168;5;-2.57;42.34
12169;11;-2.56;42.34
12170;10;-2.48;42.34
12172;8;-2.45;42.34
12173;11;-2.43;42.34
12174;8;-2.29;42.34
12176;12;-2.13;42.34
12177;18;-1.81;42.34
12178;8;-1.80;42.34
12180;3;-1.49;42.34
12183;4;-0.85;42.34
12184;12;-0.78;42.34
12185;3;-0.76;42.34
12187;12;-0.66;42.34
12189;6;-0.55;42.34
12190;3;-0.54;42.34
12191;7;-0.52;42.34
12192;6;-0.48;42.34
12193;11;-0.40;42.34
12194;5;-0.34;42.34
12195;5;-0.26;42.34
12196;6;-0.07;42.34
12197;7;-0.05;42.34
12198;2;-0.02;42.34
12199;4;0.14;42.34
12200;4;0.16;42.34
12201;4;0.29;42.34
12202;13;0.35;42.34
12203;2;0.43;42.34
12205;19;0.47;42.34
12206;13;0.48;42.34
12207;6;0.52;42.35
12208;19;0.53;42.34
12209;19;0.55;42.34
12210;9;0.65;42.34
12211;13;0.68;42.34
12212;16;0.72;42.34
12214;13;0.80;42.34
12215;16;0.82;42.34
12216;12;0.83;42.34
12217;15;0.86;42.34
12218;14;0.96;42.34
12219;13;0.97;42.34
12220;13;1.00;42.34
12221;6;1.02;42.34
12222;5;1.05;42.34
12223;9;1.07;42.34
12224;14;1.19;42.34
12225;17;1.22;42.34
12226;9;1.28;42.34
12227;9;1.35;42.34
12230;9;1.49;42.34
12231;10;1.58;42.34
12232;8;1.59;42.34
12233;9;1.60;42.34
12234;9;1.65;42.34
12235;13;1.68;42.34
12236;10;1.75;42.34
12237;14;1.80;42.34
12238;9;2.01;42.35
12239;13;2.12;42.34
12240;8;2.35;42.34
12241;4;2.49;42.34
12244;6;2.86;42.35
12245;4;2.95;42.34
12248;3;-4.84;42.38
12249;4;0.28;42.39
12250;8;2.95;42.38
12251;5;-1.91;42.35
12252;14;-0.75;42.36
12253;6;-0.02;42.37
12254;4;-5.94;42.35
12255;9;-3.50;42.35
12257;12;-2.09;42.35
12258;4;-2.02;42.34
12259;12;-3.23;42.34
12260;12;-3.13;42.34
12262;5;1.34;42.34
12263;9;2.17;42.35
12264;8;-7.49;42.34
12265;8;-7.44;42.34
12266;4;-7.07;42.34
12267;7;-4.81;42.34
12268;4;-3.30;42.34
12269;8;-2.50;42.34
12270;8;-2.22;42.34
12272;16;-1.82;42.34
12273;9;-0.26;42.36
12276;11;-0.10;42.34
12277;6;-0.03;42.34
12278;9;0.03;42.34
12279;3;0.22;42.35
12280;7;0.25;42.35
12281;5;0.77;42.37
12282;8;1.04;42.34
12283;10;1.55;42.34
12284;9;1.91;42.34
12285;6;2.04;42.34
12286;4;2.30;42.34
12287;4;2.42;42.34
12288;4;-8.51;42.33
12289;4;-8.44;42.33
12290;4;-8.28;42.33
12292;4;-7.43;42.33
12293;3;-7.21;42.33
12294;3;-7.05;42.33
12295;7;-7.01;42.33
12296;3;-6.71;42.33
12297;7;-6.56;42.33
12299;6;-5.90;42.33
12301;4;-5.58;42.33
12303;7;-3.29;42.33
12304;4;-3.27;42.33
12305;7;-3.26;42.33
12306;3;-3.24;42.33
12307;3;-3.11;42.33
12308;11;-3.01;42.33
12311;3;-2.58;42.33
12312;11;-2.53;42.34
12315;13;-2.46;42.33
12316;3;-2.41;42.33
12317;2;-2.36;42.33
12318;8;-2.34;42.33
12320;8;-2.28;42.33
12322;8;-2.16;42.33
12323;12;-2.14;42.33
12326;3;-1.70;42.33
12327;15;-1.68;42.33
12328;17;-1.67;42.33
12329;15;-1.48;42.33
12330;15;-1.43;42.34
12331;4;-1.38;42.33
12332;9;-0.98;42.33
12333;3;-0.78;42.33
12334;9;-0.68;42.33
12335;9;-0.63;42.33
12338;11;-0.52;42.33
12339;10;-0.47;42.33
12341;4;-0.44;42.33
12342;7;-0.38;42.33
12343;7;-0.34;42.33
12344;3;-0.31;42.33
12346;3;-0.26;42.33
12347;9;-0.18;42.33
12348;9;-0.12;42.33
12349;3;-0.07;42.33
12350;6;-0.05;42.33
12351;3;-0.04;42.33
12352;11;0.01;42.33
12354;13;0.41;42.33
12355;2;0.45;42.33
12356;9;0.64;42.33
12357;2;0.76;42.33
12359;16;0.83;42.33
12360;12;0.85;42.33
12361;19;0.88;42.33
12362;15;0.95;42.33
12363;19;0.96;42.33
12364;6;1.05;42.33
12365;12;1.06;42.33
12366;12;1.09;42.33
12367;19;1.15;42.33
12368;9;1.16;42.33
12369;9;1.20;42.33
12370;17;1.24;42.33
12371;14;1.29;42.33
12372;9;1.30;42.33
12373;3;1.37;42.33
12374;12;1.40;42.33
12375;12;1.51;42.33
12376;8;1.60;42.33
12377;7;1.61;42.33
12378;14;1.82;42.33
12379;9;1.93;42.33
12380;9;2.04;42.33
12381;9;2.07;42.33
12382;13;2.13;42.33
12383;4;2.35;42.33
12384;4;2.45;42.33
12385;11;2.52;42.33
12387;4;2.96;42.33
12388;12;3.01;42.37
12389;9;-3.10;42.34
12390;4;-2.74;42.34
12392;9;0.07;42.34
12394;8;-2.82;42.35
12395;21;-1.65;42.34
12396;15;-1.53;42.34
12397;10;2.08;42.34
12398;4;-7.51;42.33
12399;3;-6.60;42.33
12401;5;-3.14;42.34
12402;10;-2.32;42.34
12403;8;-1.64;42.33
12404;13;1.89;42.33
12407;5;-6.99;42.33
12408;4;-6.47;42.33
12409;9;-2.91;42.32
12412;3;-2.44;42.33
12413;13;-2.40;42.33
12414;3;-1.01;42.33
12415;4;-0.66;42.33
12416;13;-0.54;42.33
12417;8;-0.48;42.33
12418;4;-0.36;42.33
12420;7;0.21;42.33
12422;9;0.35;42.33
12425;13;0.81;42.33
12426;8;0.98;42.33
12427;11;1.08;42.33
12428;8;1.48;42.33
12429;7;1.59;42.33
12430;13;1.63;42.33
12431;4;1.88;42.33
12432;11;2.55;42.33
12434;4;-8.33;42.34
12435;4;-8.29;42.32
12436;4;-7.48;42.32
12437;4;-7.29;42.32
12438;8;-7.07;42.32
12439;3;-7.02;42.32
12440;5;-6.80;42.32
12441;3;-6.64;42.32
12442;4;-6.53;42.32
12443;4;-6.50;42.32
12444;3;-6.29;42.32
12445;9;-5.99;42.32
12447;9;-5.92;42.32
12451;5;-3.49;42.32
12452;7;-3.27;42.32
12454;11;-2.98;42.32
12455;8;-2.86;42.32
12458;4;-2.72;42.32
12459;11;-2.51;42.32
12460;13;-2.50;42.32
12461;13;-2.45;42.32
12462;3;-2.39;42.32
12464;3;-2.28;42.32
12466;8;-2.13;42.32
12468;5;-1.81;42.33
12469;15;-1.67;42.32
12472;9;-0.95;42.32
12473;13;-0.56;42.32
12474;3;-0.55;42.32
12475;5;-0.46;42.32
12476;6;-0.44;42.32
12477;15;-0.43;42.32
12478;4;-0.42;42.32
12479;4;-0.38;42.32
12480;11;-0.26;42.32
12481;3;-0.25;42.32
12483;3;0.00;42.32
12484;4;0.29;42.32
12486;9;0.44;42.32
12487;9;0.46;42.32
12488;9;0.54;42.33
12490;5;0.85;42.32
12491;6;0.86;42.32
12492;6;0.97;42.32
12493;6;1.02;42.32
12494;15;1.10;42.32
12495;25;1.15;42.32
12496;17;1.18;42.32
12497;9;1.23;42.32
12498;6;1.36;42.32
12499;12;1.39;42.32
12500;3;1.41;42.32
12501;9;1.51;42.32
12502;9;1.60;42.32
12503;10;1.66;42.32
12504;10;1.78;42.32
12505;13;1.87;42.32
12506;9;2.03;42.32
12507;4;2.29;42.32
12508;4;2.39;42.32
12509;4;2.44;42.32
12510;7;2.67;42.32
12511;7;2.79;42.32
12512;4;2.99;42.32
12513;7;-5.12;42.35
12515;7;-3.83;42.35
12516;3;-0.62;42.34
12518;4;-8.47;42.33
12519;8;0.93;42.34
12520;4;-7.46;42.32
12521;7;-7.29;42.33
12523;3;-0.64;42.32
12524;5;-0.01;42.32
12525;9;0.50;42.32
12526;9;0.58;42.32
12527;9;1.46;42.32
12528;8;2.34;42.32
12530;3;-3.29;42.32
12531;9;-3.19;42.34
12532;9;-3.13;42.32
12533;12;-3.11;42.32
12534;8;-2.77;42.32
12535;2;-2.66;42.32
12536;9;-2.48;42.32
12537;2;-2.34;42.32
12539;21;-1.55;42.32
12540;12;-0.70;42.32
12541;3;-0.68;42.32
12542;9;-0.60;42.32
12543;10;-0.32;42.32
12544;8;-0.21;42.32
12545;3;-0.05;42.32
12546;9;0.23;42.32
12547;3;0.25;42.32
12549;15;1.02;42.32
12550;8;1.43;42.32
12551;17;1.80;42.32
12552;6;1.99;42.32
12554;4;-8.46;42.31
12556;7;-7.26;42.31
12557;3;-7.24;42.31
12558;3;-7.22;42.31
12559;4;-7.07;42.31
12560;5;-6.96;42.31
12562;3;-6.84;42.32
12563;8;-6.82;42.31
12564;12;-6.80;42.31
12565;3;-6.77;42.31
12567;3;-6.32;42.31
12569;5;-5.97;42.31
12573;9;-3.26;42.31
12574;3;-3.21;42.31
12575;9;-3.18;42.31
12576;12;-3.15;42.31
12577;9;-3.08;42.31
12578;9;-2.96;42.31
12579;9;-2.94;42.31
12580;9;-2.88;42.31
12582;2;-2.71;42.33
12585;13;-2.51;42.31
12586;3;-2.50;42.31
12587;7;-2.48;42.31
12588;8;-2.36;42.31
12589;10;-2.33;42.31
12590;4;-2.16;42.31
12592;5;-1.80;42.31
12594;15;-1.43;42.31
12595;14;-0.72;42.32
12596;3;-0.48;42.31
12597;11;-0.46;42.31
12598;17;-0.44;42.31
12599;15;-0.42;42.31
12600;13;-0.38;42.31
12601;5;-0.35;42.31
12604;10;-0.13;42.31
12605;11;-0.03;42.31
12606;3;0.22;42.31
12608;4;0.28;42.31
12609;2;0.48;42.31
12610;9;0.68;42.31
12611;19;0.90;42.31
12612;8;0.92;42.31
12613;15;0.94;42.31
12614;6;1.01;42.31
12615;19;1.02;42.31
12616;12;1.06;42.31
12617;19;1.15;42.31
12618;25;1.16;42.31
12619;17;1.27;42.31
12620;6;1.39;42.31
12621;12;1.50;42.31
12622;9;1.53;42.31
12623;6;1.56;42.31
12624;10;1.69;42.31
12625;13;1.72;42.31
12626;14;1.86;42.31
12627;10;1.87;42.31
12628;4;1.90;42.31
12629;9;2.09;42.31
12631;9;2.13;42.31
12632;10;2.15;42.31
12633;9;2.18;42.31
12636;4;2.30;42.31
12639;11;2.63;42.31
12640;5;2.64;42.31
12644;8;3.14;42.31
12645;8;-5.23;42.36
12646;4;-5.16;42.32
12647;3;-4.93;42.34
12648;16;-4.55;42.33
12652;11;0.61;42.33
12653;9;-6.98;42.32
12654;4;-5.59;42.31
12655;2;-2.60;42.31
12656;8;-2.02;42.31
12657;12;-1.79;42.32
12658;10;-1.41;42.31
12659;3;-0.82;42.31
12660;3;-0.52;42.31
12661;7;0.01;42.31
12662;13;0.90;42.32
12663;3;1.32;42.33
12664;15;1.37;42.31
12665;3;-7.27;42.31
12666;4;-6.46;42.31
12667;3;-6.26;42.32
12668;12;-3.22;42.31
12669;4;-2.86;42.31
12670;11;-2.38;42.31
12671;11;-2.28;42.31
12672;8;-2.25;42.31
12674;9;-1.00;42.31
12675;3;-0.78;42.31
12677;8;-0.29;42.31
12678;3;-0.27;42.31
12681;9;0.66;42.31
12682;21;0.86;42.31
12683;13;0.99;42.31
12684;6;1.34;42.31
12685;3;1.36;42.31
12686;8;2.04;42.32
12688;4;-8.42;42.30
12691;4;-7.49;42.30
12692;7;-7.29;42.30
12695;5;-7.01;42.30
12696;5;-6.97;42.30
12697;9;-6.96;42.30
12699;12;-6.82;42.30
12700;5;-6.79;42.31
12703;7;-6.71;42.30
12704;7;-6.57;42.30
12705;4;-6.51;42.30
12706;4;-5.65;42.30
12711;7;-3.29;42.30
12712;3;-3.28;42.30
12713;9;-3.21;42.30
12714;12;-3.17;42.30
12716;9;-3.11;42.30
12717;9;-2.89;42.30
12720;8;-2.84;42.30
12721;5;-2.83;42.30
12722;5;-2.78;42.30
12723;6;-2.73;42.30
12724;4;-2.71;42.30
12726;3;-2.43;42.30
12727;8;-2.13;42.30
12729;3;-1.74;42.30
12730;16;-1.67;42.30
12731;17;-1.65;42.30
12732;17;-1.59;42.33
12733;8;-1.56;42.30
12734;3;-1.08;42.30
12736;9;-0.75;42.30
12737;9;-0.70;42.30
12738;4;-0.44;42.30
12739;15;-0.43;42.30
12740;6;-0.41;42.31
12742;10;-0.24;42.30
12743;8;-0.19;42.30
12744;3;-0.18;42.30
12745;11;-0.17;42.30
12746;3;0.01;42.30
12747;3;0.19;42.30
12749;5;0.22;42.30
12750;9;0.26;42.30
12751;6;0.27;42.30
12752;9;0.46;42.30
12754;2;0.50;42.30
12755;3;0.53;42.30
12756;9;0.60;42.30
12757;21;0.92;42.30
12758;19;0.93;42.30
12759;4;0.95;42.30
12760;19;1.01;42.30
12761;19;1.17;42.32
12762;3;1.39;42.30
12763;17;1.82;42.30
12764;14;1.85;42.30
12765;9;1.86;42.30
12766;6;1.96;42.30
12767;13;2.03;42.30
12768;9;2.11;42.30
12769;17;2.13;42.30
12770;13;2.15;42.30
12773;4;2.44;42.30
12775;7;2.73;42.30
12776;11;2.74;42.30
12778;8;3.15;42.30
12779;16;-4.39;42.32
12780;12;-1.89;42.31
12781;11;0.67;42.32
12782;4;-5.88;42.31
12783;4;0.05;42.31
12784;2;1.40;42.31
12785;4;-8.50;42.30
12788;4;-3.26;42.31
12789;19;-1.64;42.31
12790;3;-0.14;42.31
12791;7;0.18;42.31
12792;12;0.55;42.31
12793;18;0.83;42.31
12794;6;1.04;42.31
12795;19;1.09;42.30
12796;14;1.18;42.30
12797;17;1.20;42.30
12798;9;1.27;42.31
12800;5;-6.83;42.30
12801;12;-6.76;42.30
12802;10;-5.55;42.30
12803;4;-3.48;42.30
12804;2;-2.76;42.30
12805;9;-2.50;42.30
12806;3;-2.47;42.31
12807;3;-2.26;42.30
12808;4;-1.99;42.30
12809;8;-1.59;42.30
12811;10;-0.08;42.31
12814;15;1.02;42.30
12815;11;1.07;42.30
12816;9;1.42;42.30
12817;15;1.47;42.30
12819;4;-8.30;42.29
12820;4;-7.62;42.29
12821;3;-7.21;42.30
12823;4;-7.07;42.29
12824;4;-7.01;42.29
12825;9;-6.97;42.29
12826;4;-6.95;42.29
12828;3;-6.31;42.29
12829;8;-5.29;42.29
12830;4;-5.01;42.29
12833;4;-3.45;42.29
12834;4;-3.30;42.29
12835;7;-3.28;42.29
12836;9;-3.22;42.29
12837;3;-3.17;42.31
12839;9;-2.88;42.29
12840;2;-2.85;42.29
12841;5;-2.80;42.29
12843;8;-2.63;42.29
12844;3;-2.52;42.29
12845;3;-2.50;42.29
12846;7;-2.46;42.29
12847;3;-2.45;42.29
12848;7;-2.41;42.29
12849;11;-2.25;42.29
12850;8;-2.10;42.29
12853;4;-1.96;42.32
12854;3;-1.77;42.29
12856;8;-1.65;42.29
12857;21;-1.61;42.29
12858;15;-1.50;42.29
12859;4;-1.42;42.29
12863;9;-1.01;42.29
12865;4;-0.89;42.29
12866;3;-0.82;42.29
12868;12;-0.74;42.32
12870;22;-0.44;42.29
12871;6;-0.43;42.29
12872;10;-0.32;42.30
12873;10;-0.25;42.29
12875;4;-0.23;42.29
12876;8;-0.21;42.29
12878;13;-0.04;42.29
12879;9;0.01;42.29
12880;3;0.02;42.29
12882;6;0.12;42.29
12883;9;0.19;42.29
12884;3;0.20;42.29
12885;3;0.23;42.30
12886;3;0.26;42.29
12887;9;0.43;42.29
12888;9;0.48;42.30
12889;3;0.54;42.29
12890;11;0.60;42.29
12891;9;0.62;42.29
12892;11;0.65;42.30
12894;9;0.67;42.29
12895;13;0.70;42.29
12896;13;0.73;42.29
12897;9;0.80;42.29
12898;16;0.83;42.29
12899;21;0.86;42.29
12900;13;0.97;42.29
12901;5;1.05;42.29
12902;14;1.12;42.29
12903;14;1.23;42.32
12904;9;1.33;42.29
12905;5;1.39;42.29
12908;10;2.01;42.29
12909;14;2.13;42.29
12910;7;2.15;42.29
12914;14;-1.85;42.32
12915;4;-6.92;42.31
12916;5;-6.89;42.32
12917;4;-3.33;42.30
12918;9;-2.43;42.30
12919;7;-0.60;42.31
12920;15;0.75;42.31
12921;9;-6.89;42.29
12922;14;-5.95;42.30
12923;3;-5.07;42.32
12924;5;-3.50;42.29
12925;3;-3.11;42.30
12926;3;-2.39;42.30
12927;8;-1.79;42.29
12928;11;-0.62;42.29
12929;13;-0.01;42.30
12930;9;0.37;42.31
12931;6;2.10;42.30
12932;6;2.81;42.30
12933;4;-7.50;42.29
12934;8;-7.48;42.31
12935;4;-7.45;42.29
12936;5;-6.99;42.29
12937;8;-6.85;42.29
12938;7;-6.74;42.31
12939;9;-3.14;42.29
12941;13;-2.54;42.30
12942;8;-2.20;42.31
12945;3;-0.57;42.29
12946;11;-0.26;42.29
12947;13;1.01;42.29
12948;15;1.36;42.29
12950;6;1.89;42.30
12951;14;2.03;42.29
12952;17;2.05;42.30
12953;4;2.49;42.29
12955;7;-7.27;42.29
12957;5;-6.84;42.29
12958;8;-6.83;42.29
12959;12;-6.81;42.29
12960;5;-6.76;42.29
12961;4;-6.52;42.29
12963;8;-5.30;42.29
12964;4;-5.02;42.29
12965;5;-4.48;42.29
12969;9;-3.59;42.29
12971;5;-3.26;42.29
12972;9;-3.20;42.29
12973;12;-3.15;42.29
12974;4;-2.85;42.29
12975;6;-2.82;42.29
12977;13;-2.52;42.29
12978;7;-2.50;42.29
12980;3;-2.46;42.29
12981;7;-2.44;42.29
12983;3;-2.25;42.29
12984;4;-2.02;42.29
12986;17;-1.65;42.29
12987;8;-1.64;42.29
12988;10;-1.58;42.29
12989;8;-1.42;42.29
12992;3;-0.98;42.29
12993;12;-0.97;42.29
12994;4;-0.92;42.29
12995;4;-0.88;42.29
12996;7;-0.85;42.29
12997;3;-0.52;42.29
12998;7;-0.44;42.29
12999;22;-0.43;42.29
13000;10;-0.30;42.29
13001;3;-0.25;42.29
13002;11;-0.22;42.29
13004;6;0.02;42.29
13005;4;0.08;42.29
13007;3;0.19;42.29
13008;9;0.22;42.29
13009;9;0.45;42.29
13010;11;0.48;42.29
13011;3;0.57;42.29
13012;11;0.62;42.29
13013;9;0.73;42.29
13014;9;0.78;42.29
13015;13;0.80;42.29
13016;16;0.82;42.29
13017;3;0.83;42.29
13018;21;0.85;42.29
13019;19;0.89;42.29
13020;4;0.92;42.29
13021;21;0.94;42.29
13022;19;0.98;42.29
13023;15;1.04;42.29
13024;19;1.05;42.29
13025;14;1.06;42.29
13026;9;1.09;42.29
13027;14;1.20;42.29
13028;17;1.22;42.29
13029;9;1.24;42.29
13030;3;1.41;42.29
13032;10;1.59;42.29
13034;10;1.62;42.29
13035;10;1.66;42.29
13037;13;1.68;42.29
13040;10;1.77;42.29
13041;14;1.79;42.29
13042;6;1.96;42.29
13043;13;2.01;42.29
13044;6;2.06;42.29
13045;17;2.08;42.29
13046;2;2.30;42.29
13047;4;2.44;42.29
13048;13;2.57;42.29
13049;3;2.69;42.29
13052;12;-4.03;42.32
13053;6;2.25;42.35
13054;4;3.18;42.34
13055;15;-0.37;42.31
13056;4;2.31;42.30
13057;12;0.52;42.29
13060;9;-2.94;42.29
13061;11;-2.79;42.30
13062;2;-2.69;42.29
13063;12;-2.05;42.31
13065;5;-1.87;42.29
13066;19;-0.42;42.29
13067;13;-0.09;42.29
13068;6;0.84;42.29
13069;9;1.84;42.29
13070;8;2.16;42.29
13071;9;2.76;42.29
13072;4;2.82;42.31
13073;4;-8.49;42.28
13075;5;-6.89;42.28
13076;5;-6.78;42.28
13077;12;-6.77;42.28
13078;9;-5.92;42.28
13079;7;-3.63;42.29
13080;12;-3.60;42.28
13082;4;-3.42;42.32
13083;9;-3.02;42.31
13084;12;-2.96;42.28
13086;6;-2.51;42.28
13087;10;-2.35;42.29
13088;15;-2.14;42.28
13089;16;-1.67;42.28
13090;23;-1.62;42.28
13091;21;-1.59;42.28
13092;15;-1.44;42.28
13093;13;-0.45;42.28
13095;11;-0.12;42.28
13096;4;0.14;42.30
13098;19;1.13;42.28
13099;8;2.37;42.28
13100;4;2.73;42.28
13101;4;-8.34;42.28
13102;4;-8.28;42.28
13103;4;-7.52;42.28
13104;7;-7.23;42.28
13106;9;-6.86;42.28
13107;3;-6.84;42.28
13108;8;-6.79;42.29
13109;7;-6.76;42.28
13110;4;-6.56;42.28
13111;5;-5.95;42.28
13113;4;-5.58;42.28
13114;4;-5.10;42.28
13115;7;-3.67;42.28
13116;3;-3.66;42.28
13117;9;-3.55;42.32
13119;4;-3.26;42.28
13120;11;-3.03;42.28
13121;9;-2.89;42.28
13122;13;-2.80;42.28
13123;3;-2.79;42.28
13124;13;-2.77;42.28
13125;11;-2.62;42.28
13127;10;-2.53;42.28
13128;13;-2.30;42.29
13129;4;-2.26;42.28
13131;15;-2.08;42.28
13135;12;-1.90;42.28
13136;17;-1.58;42.28
13137;17;-1.45;42.28
13138;8;-1.38;42.30
13139;7;-0.87;42.28
13140;4;-0.85;42.28
13141;12;-0.78;42.28
13142;9;-0.76;42.28
13144;4;-0.59;42.28
13145;3;-0.46;42.29
13146;22;-0.44;42.28
13148;3;-0.29;42.28
13149;10;-0.26;42.28
13150;11;-0.25;42.28
13151;11;-0.18;42.28
13152;11;-0.15;42.28
13153;11;-0.07;42.28
13154;3;0.00;42.28
13155;6;0.15;42.28
13156;3;0.25;42.28
13158;4;0.27;42.28
13159;9;0.36;42.28
13160;9;0.39;42.28
13161;3;0.52;42.28
13162;12;0.55;42.28
13163;12;0.58;42.28
13164;15;0.72;42.28
13165;13;0.73;42.28
13166;15;0.81;42.28
13167;18;0.83;42.28
13168;13;0.85;42.28
13169;3;1.02;42.28
13170;19;1.08;42.28
13171;14;1.21;42.28
13172;11;1.22;42.28
13173;14;1.23;42.28
13174;3;1.31;42.28
13175;9;1.38;42.28
13176;6;1.40;42.28
13177;9;1.42;42.28
13178;9;1.47;42.28
13179;14;1.48;42.28
13180;18;1.54;42.28
13181;10;1.56;42.28
13182;13;1.72;42.28
13183;12;1.75;42.28
13184;8;1.84;42.28
13185;14;1.85;42.28
13186;6;1.86;42.28
13187;14;1.88;42.28
13188;9;1.96;42.30
13189;9;2.05;42.28
13190;11;2.10;42.28
13191;6;2.13;42.28
13192;10;2.17;42.28
13194;8;2.20;42.28
13195;8;2.25;42.28
13196;11;2.27;42.28
13197;5;2.29;42.28
13198;11;2.53;42.28
13199;8;2.80;42.28
13201;4;-4.76;42.31
13202;7;-7.21;42.32
13203;3;-4.62;42.30
13204;12;-1.82;42.28
13205;5;1.33;42.28
13206;8;-7.52;42.29
13207;4;-1.25;42.32
13208;13;-1.18;42.30
13209;13;-0.70;42.28
13210;4;-7.60;42.33
13211;3;-7.28;42.28
13213;3;-0.80;42.28
13214;13;-0.05;42.28
13215;11;0.66;42.27
13218;8;-4.70;42.27
13220;5;-3.24;42.27
13221;2;-2.85;42.27
13222;9;-2.47;42.28
13224;3;-2.32;42.27
13226;11;-1.73;42.31
13228;21;-1.64;42.27
13229;15;-1.48;42.27
13230;10;-1.40;42.28
13233;7;-0.56;42.27
13234;10;-0.32;42.27
13235;11;-0.28;42.27
13236;10;-0.18;42.28
13237;6;0.09;42.29
13238;4;0.31;42.29
13240;15;0.92;42.27
13241;12;1.09;42.27
13242;11;1.49;42.27
13243;12;1.56;42.27
13244;9;1.78;42.27
13245;4;2.70;42.27
13246;4;-8.50;42.27
13247;7;-7.29;42.27
13248;3;-7.20;42.27
13250;4;-6.97;42.27
13251;4;-6.92;42.27
13252;9;-6.88;42.27
13253;5;-6.86;42.27
13254;5;-5.93;42.27
13257;5;-4.44;42.27
13258;5;-4.41;42.27
13261;8;-3.58;42.27
13262;16;-3.48;42.27
13263;9;-3.37;42.27
13264;4;-3.23;42.27
13265;4;-3.09;42.27
13266;6;-3.02;42.27
13267;3;-2.96;42.27
13268;4;-2.95;42.27
13269;7;-2.84;42.27
13270;6;-2.76;42.27
13271;7;-2.57;42.27
13272;9;-2.56;42.27
13274;3;-2.47;42.27
13275;4;-2.41;42.27
13276;4;-2.39;42.27
13277;13;-2.26;42.27
13278;7;-2.07;42.27
13281;4;-1.86;42.27
13282;4;-1.83;42.27
13285;11;-1.67;42.27
13286;23;-1.59;42.27
13287;19;-1.56;42.28
13288;8;-1.55;42.27
13289;15;-1.53;42.27
13290;17;-1.48;42.31
13291;8;-1.40;42.27
13293;3;-1.00;42.27
13294;12;-0.95;42.27
13295;7;-0.88;42.27
13296;7;-0.86;42.27
13297;7;-0.82;42.27
13298;12;-0.81;42.27
13299;9;-0.79;42.27
13302;7;-0.45;42.27
13303;16;-0.44;42.27
13304;3;-0.31;42.27
13305;11;-0.30;42.27
13306;13;-0.29;42.27
13308;3;-0.24;42.27
13309;3;-0.22;42.27
13310;13;-0.13;42.27
13311;10;-0.10;42.27
13312;4;-0.09;42.27
13313;7;-0.07;42.27
13314;10;0.00;42.27
13315;4;0.15;42.27
13317;7;0.26;42.27
13320;9;0.38;42.27
13321;9;0.45;42.27
13322;11;0.46;42.27
13323;9;0.74;42.27
13324;13;0.77;42.28
13325;9;0.78;42.27
13326;3;0.83;42.27
13327;4;0.84;42.27
13328;6;0.86;42.27
13329;8;0.92;42.27
13330;21;0.98;42.27
13331;21;1.01;42.27
13332;14;1.22;42.27
13333;12;1.31;42.27
13334;15;1.37;42.27
13335;5;1.40;42.27
13336;2;1.42;42.27
13337;10;1.59;42.27
13338;10;1.61;42.27
13339;16;1.67;42.27
13340;10;1.78;42.27
13341;14;1.82;42.27
13342;15;1.84;42.27
13343;9;1.86;42.27
13344;6;1.87;42.27
13345;8;1.90;42.27
13346;14;1.91;42.27
13347;10;2.11;42.27
13348;11;2.13;42.28
13349;6;2.16;42.27
13352;3;2.29;42.27
13353;4;2.37;42.27
13356;4;2.45;42.27
13357;4;2.52;42.27
13360;2;2.63;42.27
13361;8;2.81;42.27
13362;4;-6.01;42.30
13364;4;-7.14;42.31
13366;12;-1.06;42.32
13367;7;-0.36;42.28
13372;8;3.14;42.28
13373;4;-5.24;42.28
13375;13;0.71;42.27
13376;12;1.66;42.27
13377;4;-7.46;42.27
13380;4;-4.15;42.26
13381;8;-3.54;42.26
13382;14;-3.49;42.26
13383;8;-3.44;42.26
13384;4;-2.97;42.26
13385;9;-2.78;42.27
13387;6;-2.52;42.26
13388;4;-2.50;42.26
13390;9;-2.29;42.26
13391;4;-2.04;42.26
13392;8;-2.01;42.26
13393;8;-1.92;42.26
13394;6;-1.38;42.26
13395;12;-1.01;42.26
13396;9;-0.75;42.26
13397;9;-0.72;42.28
13398;13;-0.01;42.26
13400;6;0.13;42.26
13401;8;0.89;42.29
13402;19;0.91;42.26
13403;17;1.53;42.26
13404;4;-7.25;42.28
13405;4;-6.85;42.26
13406;9;-5.99;42.27
13407;4;-5.14;42.26
13408;4;-5.08;42.26
13410;7;-4.63;42.26
13412;5;-3.66;42.26
13413;5;-3.48;42.26
13414;16;-3.46;42.26
13415;4;-3.29;42.26
13416;3;-3.23;42.28
13417;4;-3.20;42.26
13418;4;-3.14;42.26
13419;3;-3.09;42.26
13420;4;-3.07;42.26
13421;4;-2.91;42.26
13422;4;-2.76;42.26
13423;6;-2.75;42.26
13425;3;-2.56;42.26
13427;4;-2.43;42.26
13428;7;-2.38;42.26
13430;10;-2.26;42.26
13431;11;-2.25;42.26
13434;13;-1.67;42.26
13435;10;-1.56;42.26
13437;10;-1.52;42.26
13438;23;-1.51;42.26
13439;23;-1.44;42.26
13440;25;-1.43;42.26
13441;8;-1.42;42.26
13442;10;-1.40;42.26
13444;7;-0.93;42.26
13445;7;-0.85;42.26
13446;9;-0.81;42.26
13448;7;-0.54;42.26
13451;11;-0.29;42.26
13453;6;-0.26;42.26
13454;13;-0.23;42.26
13456;5;-0.18;42.26
13457;10;-0.12;42.26
13458;8;-0.11;42.26
13459;2;-0.10;42.26
13460;6;0.06;42.26
13461;7;0.27;42.26
13462;4;0.29;42.26
13463;4;0.32;42.26
13464;11;0.45;42.26
13466;11;0.47;42.26
13467;3;0.57;42.26
13469;9;0.68;42.26
13471;13;0.73;42.26
13473;13;0.83;42.26
13474;19;0.89;42.26
13475;6;0.90;42.26
13476;19;0.97;42.26
13477;15;0.98;42.26
13478;21;0.99;42.26
13479;21;1.09;42.26
13480;9;1.11;42.26
13481;21;1.13;42.26
13482;12;1.21;42.26
13483;12;1.33;42.26
13484;8;1.42;42.26
13485;6;1.44;42.26
13486;9;1.46;42.26
13487;9;1.48;42.26
13488;12;1.49;42.26
13489;6;1.50;42.26
13490;9;1.52;42.26
13491;16;1.54;42.26
13492;14;1.59;42.26
13493;17;1.61;42.26
13494;16;1.66;42.26
13495;13;1.68;42.26
13496;8;1.74;42.26
13497;13;1.75;42.26
13498;12;1.86;42.26
13499;18;1.88;42.26
13500;9;1.90;42.26
13501;17;1.95;42.26
13502;9;2.01;42.26
13503;10;2.09;42.26
13504;6;2.10;42.26
13505;6;2.13;42.26
13509;5;2.31;42.26
13512;4;2.49;42.26
13515;4;2.71;42.26
13516;6;2.76;42.26
13517;8;2.80;42.26
13519;6;-5.61;42.29
13520;4;-3.34;42.27
13521;5;-2.81;42.27
13522;8;-5.48;42.29
13523;5;-2.58;42.28
13524;8;1.73;42.34
13525;7;-2.63;42.26
13526;13;-0.50;42.29
13528;4;-6.49;42.26
13529;4;-3.03;42.26
13532;4;-1.96;42.27
13533;7;-0.49;42.26
13534;22;-0.39;42.26
13535;4;-6.57;42.25
13537;7;-3.30;42.25
13538;4;-1.81;42.26
13540;13;-0.30;42.25
13541;11;-0.25;42.25
13542;13;-0.07;42.25
13543;12;0.53;42.26
13544;6;0.97;42.28
13545;12;1.35;42.25
13546;11;1.39;42.26
13547;9;1.43;42.25
13548;8;1.69;42.25
13552;16;-7.27;42.25
13553;16;-7.22;42.25
13554;4;-6.95;42.25
13555;5;-6.89;42.25
13556;5;-6.84;42.25
13557;5;-6.79;42.25
13558;8;-6.70;42.25
13559;5;-5.99;42.25
13561;8;-5.35;42.25
13562;4;-5.32;42.25
13564;5;-3.67;42.25
13565;14;-3.52;42.25
13567;4;-2.98;42.25
13568;2;-2.77;42.25
13569;6;-2.76;42.25
13570;4;-2.75;42.25
13571;9;-2.56;42.25
13573;3;-2.35;42.25
13574;9;-2.34;42.25
13575;7;-2.06;42.25
13576;10;-2.00;42.25
13577;8;-1.99;42.25
13580;10;-1.55;42.25
13581;16;-1.52;42.25
13583;12;-0.95;42.25
13585;12;-0.89;42.25
13586;9;-0.74;42.25
13588;7;-0.45;42.25
13589;16;-0.44;42.25
13590;19;-0.43;42.25
13591;17;-0.42;42.25
13592;4;-0.32;42.25
13594;6;-0.28;42.25
13595;3;-0.26;42.25
13596;13;-0.22;42.25
13597;11;-0.20;42.25
13598;11;-0.09;42.25
13599;3;-0.02;42.25
13600;6;0.02;42.26
13601;4;0.04;42.25
13603;7;0.21;42.25
13604;7;0.29;42.25
13605;9;0.41;42.25
13606;11;0.46;42.25
13607;9;0.47;42.25
13609;3;0.55;42.25
13610;9;0.58;42.25
13612;9;0.66;42.25
13614;9;0.70;42.25
13615;13;0.72;42.25
13616;9;0.74;42.25
13617;13;0.78;42.25
13618;6;0.97;42.25
13619;6;0.99;42.25
13620;21;1.01;42.25
13621;4;1.04;42.25
13622;15;1.20;42.25
13623;25;1.21;42.25
13624;4;1.23;42.25
13625;19;1.24;42.25
13626;15;1.39;42.25
13627;19;1.42;42.25
13628;11;1.45;42.25
13629;13;1.49;42.25
13630;17;1.50;42.25
13631;11;1.52;42.25
13632;9;1.53;42.25
13633;10;1.68;42.25
13634;9;1.72;42.25
13635;13;1.74;42.25
13636;6;1.79;42.25
13637;15;1.81;42.25
13638;18;1.86;42.25
13639;12;1.87;42.25
13640;18;1.91;42.25
13641;13;1.97;42.25
13642;17;1.98;42.25
13643;9;2.00;42.25
13644;11;2.01;42.25
13645;10;2.07;42.25
13646;4;2.09;42.25
13647;5;2.21;42.26
13648;5;2.32;42.25
13652;7;2.64;42.25
13654;2;-5.77;42.36
13655;5;2.66;42.33
13656;4;-2.72;42.27
13657;11;-2.17;42.27
13658;8;-1.21;42.29
13659;12;3.10;42.27
13660;21;-3.51;42.26
13661;5;-2.88;42.26
13662;6;-2.54;42.25
13663;7;-2.10;42.25
13664;4;-1.87;42.25
13665;11;1.28;42.27
13666;4;2.77;42.25
13667;4;3.26;42.26
13668;3;-2.92;42.28
13669;4;-2.85;42.25
13670;3;-2.20;42.26
13671;4;-0.65;42.25
13672;5;-0.03;42.27
13673;3;0.27;42.25
13674;4;-7.17;42.24
13676;9;-6.91;42.25
13679;9;-2.63;42.24
13682;9;-2.08;42.24
13683;10;-1.92;42.25
13684;3;-0.22;42.24
13686;3;0.81;42.25
13687;5;0.84;42.24
13688;19;0.98;42.24
13689;19;1.28;42.25
13690;9;2.73;42.26
13691;5;-6.92;42.24
13692;5;-6.87;42.24
13693;14;-5.95;42.25
13695;8;-3.72;42.24
13696;23;-3.58;42.24
13697;8;-3.52;42.24
13698;14;-3.51;42.24
13699;16;-3.48;42.24
13700;16;-3.45;42.24
13702;7;-3.32;42.24
13703;4;-3.27;42.24
13704;3;-3.22;42.24
13707;3;-3.13;42.24
13710;6;-2.75;42.24
13711;4;-2.64;42.24
13713;4;-2.56;42.24
13715;7;-2.41;42.24
13716;3;-2.38;42.24
13717;3;-2.34;42.24
13719;3;-2.14;42.24
13721;3;-2.06;42.24
13722;4;-1.82;42.24
13723;4;-1.80;42.24
13725;23;-1.43;42.24
13726;12;-0.99;42.27
13727;9;-0.80;42.24
13729;6;-0.43;42.24
13730;3;-0.29;42.24
13731;7;-0.28;42.24
13733;13;-0.17;42.25
13734;11;-0.13;42.24
13735;13;-0.10;42.24
13736;3;-0.08;42.24
13738;3;-0.03;42.24
13740;4;0.02;42.24
13742;4;0.07;42.25
13743;4;0.18;42.26
13744;9;0.42;42.24
13745;11;0.47;42.24
13746;9;0.49;42.25
13748;3;0.74;42.24
13749;5;0.79;42.24
13750;19;0.95;42.24
13751;21;0.99;42.24
13752;5;1.03;42.26
13753;15;1.03;42.24
13754;3;1.05;42.24
13755;4;1.24;42.24
13756;12;1.30;42.24
13757;19;1.34;42.24
13758;11;1.36;42.24
13759;25;1.41;42.24
13760;9;1.42;42.24
13761;11;1.47;42.24
13762;7;1.48;42.24
13763;6;1.49;42.24
13764;11;1.50;42.24
13765;13;1.67;42.24
13766;6;1.81;42.24
13767;15;1.84;42.24
13768;18;1.90;42.24
13769;8;1.91;42.24
13770;17;1.93;42.24
13771;7;1.97;42.24
13773;11;2.00;42.24
13775;4;2.19;42.24
13776;3;2.28;42.24
13777;5;2.30;42.24
13778;4;2.39;42.24
13779;4;2.63;42.24
13782;8;-0.64;42.27
13783;4;-4.65;42.25
13784;4;-3.24;42.25
13785;4;-2.66;42.29
13786;6;-2.44;42.25
13787;7;-1.26;42.25
13788;11;-0.69;42.24
13792;7;-2.13;42.24
13793;9;-1.40;42.24
13794;12;0.92;42.24
13795;12;1.26;42.24
13796;16;-7.20;42.25
13797;9;-5.40;42.24
13799;6;-2.67;42.24
13800;6;-2.65;42.24
13801;3;-2.58;42.24
13802;6;-2.51;42.24
13803;4;-2.03;42.24
13804;10;-1.96;42.24
13805;7;-1.42;42.24
13807;9;-0.75;42.24
13808;12;-0.73;42.24
13809;13;-0.38;42.24
13811;4;0.31;42.24
13812;9;0.68;42.24
13814;14;1.08;42.24
13815;19;1.39;42.24
13816;14;1.55;42.24
13817;10;1.69;42.24
13820;4;-7.01;42.23
13821;4;-6.98;42.23
13822;5;-6.94;42.23
13823;5;-6.89;42.23
13824;5;-5.54;42.23
13826;8;-3.68;42.23
13827;5;-3.66;42.23
13828;13;-3.65;42.23
13829;5;-3.60;42.23
13830;14;-3.49;42.23
13831;5;-3.45;42.23
13832;16;-3.42;42.23
13833;7;-3.29;42.23
13834;3;-3.23;42.23
13835;4;-3.21;42.23
13837;3;-3.16;42.25
13838;3;-3.14;42.23
13840;3;-3.04;42.23
13841;3;-2.89;42.23
13842;4;-2.88;42.23
13844;4;-2.78;42.23
13845;2;-2.76;42.23
13846;6;-2.73;42.23
13847;2;-2.66;42.23
13849;3;-2.62;42.23
13850;5;-2.60;42.23
13852;7;-2.10;42.23
13853;7;-2.07;42.23
13854;6;-2.05;42.23
13855;8;-2.02;42.23
13856;8;-1.99;42.23
13857;8;-1.93;42.23
13858;4;-1.87;42.23
13859;5;-1.76;42.23
13862;12;-0.86;42.23
13863;9;-0.78;42.23
13865;11;-0.38;42.23
13866;11;-0.36;42.23
13867;10;-0.34;42.23
13868;7;-0.32;42.23
13869;3;-0.26;42.23
13870;7;-0.25;42.23
13871;7;-0.17;42.23
13873;9;-0.10;42.23
13874;18;-0.06;42.23
13875;16;-0.05;42.23
13877;5;-0.02;42.23
13878;8;0.00;42.23
13879;4;0.04;42.23
13880;8;0.07;42.23
13881;4;0.19;42.23
13883;7;0.23;42.25
13884;7;0.28;42.23
13886;9;0.47;42.23
13887;6;0.99;42.23
13888;11;1.06;42.23
13889;20;1.13;42.23
13890;19;1.21;42.23
13891;15;1.25;42.23
13892;15;1.28;42.23
13893;19;1.31;42.23
13894;14;1.34;42.23
13895;19;1.35;42.23
13896;12;1.37;42.23
13897;25;1.40;42.23
13898;19;1.42;42.23
13899;14;1.47;42.23
13900;6;1.48;42.23
13901;17;1.65;42.23
13902;9;1.85;42.23
13903;6;2.06;42.23
13904;10;2.07;42.23
13905;3;2.25;42.23
13906;5;2.28;42.23
13907;4;2.44;42.23
13908;2;2.58;42.23
13909;4;2.60;42.23
13911;7;2.75;42.23
13913;7;-4.99;42.29
13914;3;-3.98;42.24
13915;5;-1.78;42.24
13916;3;-4.23;42.25
13917;7;-1.38;42.24
13918;8;-0.41;42.23
13919;9;-7.19;42.23
13921;7;-6.97;42.23
13922;9;-2.38;42.23
13923;6;-2.14;42.23
13924;12;-0.97;42.23
13925;3;-0.92;42.23
13926;3;-0.04;42.23
13927;2;0.03;42.23
13928;9;0.65;42.23
13929;17;1.56;42.23
13930;12;1.90;42.23
13931;3;2.72;42.23
13932;8;-7.20;42.22
13934;4;-7.02;42.22
13936;5;-6.87;42.22
13939;4;-4.70;42.22
13940;8;-3.70;42.22
13941;9;-3.67;42.23
13942;13;-3.61;42.22
13943;21;-3.49;42.22
13944;16;-3.45;42.22
13945;5;-3.43;42.22
13946;9;-3.42;42.22
13947;5;-3.36;42.22
13948;4;-3.31;42.22
13950;3;-3.22;42.22
13953;4;-2.82;42.22
13954;4;-2.76;42.22
13955;4;-2.73;42.22
13956;6;-2.66;42.22
13957;4;-2.64;42.22
13958;10;-2.16;42.22
13959;4;-2.13;42.22
13960;7;-2.12;42.22
13961;8;-2.03;42.22
13962;10;-2.02;42.22
13963;11;-1.97;42.22
13964;13;-1.96;42.22
13965;8;-1.95;42.22
13966;4;-1.86;42.22
13967;5;-1.67;42.22
13968;23;-1.44;42.22
13969;7;-1.40;42.22
13970;3;-1.39;42.22
13972;5;-1.15;42.22
13974;3;-0.88;42.22
13975;16;-0.74;42.22
13976;3;-0.72;42.22
13977;10;-0.38;42.22
13979;8;-0.35;42.22
13980;6;-0.34;42.22
13981;3;-0.18;42.22
13982;9;-0.16;42.22
13985;3;-0.02;42.22
13986;10;0.00;42.22
13987;5;0.01;42.22
13988;7;0.17;42.22
13989;2;0.25;42.22
13990;3;0.26;42.22
13992;9;0.70;42.22
13993;3;0.73;42.22
13994;3;0.84;42.22
13995;5;0.86;42.22
13996;12;0.91;42.22
13998;11;1.08;42.22
13999;15;1.27;42.22
14001;19;1.34;42.22
14002;21;1.42;42.22
14003;17;1.48;42.22
14004;14;1.58;42.22
14005;7;1.72;42.22
14006;18;1.82;42.22
14007;12;1.84;42.22
14008;7;1.92;42.22
14009;4;2.15;42.22
14010;7;2.16;42.22
14012;3;2.24;42.22
14013;5;2.29;42.22
14016;7;-4.57;42.23
14017;7;-3.74;42.25
14019;3;0.89;42.24
14022;9;0.61;42.25
14024;16;-7.29;42.22
14025;8;-6.92;42.22
14026;9;-5.92;42.23
14027;12;-3.68;42.25
14028;8;-3.51;42.22
14029;9;-3.44;42.24
14030;5;-2.90;42.22
14031;4;-2.46;42.22
14032;9;-2.37;42.24
14033;5;-1.69;42.22
14034;4;-1.20;42.23
14035;5;-0.13;42.24
14037;15;0.98;42.22
14038;13;1.77;42.22
14039;4;-4.60;42.22
14041;8;-3.38;42.24
14042;5;-3.17;42.22
14045;7;-2.41;42.22
14046;13;-1.98;42.22
14048;13;-0.75;42.22
14049;9;-0.26;42.22
14050;4;0.12;42.22
14051;3;0.19;42.22
14052;7;0.21;42.22
14053;15;0.95;42.23
14054;19;1.03;42.22
14055;16;1.07;42.22
14056;20;1.15;42.22
14057;17;1.62;42.22
14058;13;1.69;42.22
14059;13;1.75;42.22
14060;3;2.66;42.22
14062;12;-7.29;42.21
14063;16;-7.20;42.21
14064;4;-7.01;42.21
14065;5;-6.93;42.22
14066;5;-5.96;42.22
14067;4;-5.93;42.21
14069;5;-3.68;42.21
14070;12;-3.67;42.21
14071;8;-3.56;42.21
14072;5;-3.41;42.21
14074;3;-3.17;42.21
14075;3;-3.15;42.21
14077;4;-2.67;42.21
14079;3;-2.34;42.21
14082;10;-2.18;42.21
14083;8;-2.16;42.22
14084;4;-2.14;42.21
14085;10;-2.04;42.21
14087;13;-2.01;42.21
14088;11;-1.96;42.21
14089;12;-1.78;42.21
14092;12;-0.98;42.21
14093;9;-0.86;42.21
14096;6;-0.41;42.21
14097;4;-0.40;42.21
14098;11;-0.38;42.21
14099;13;-0.36;42.21
14100;3;-0.19;42.21
14102;16;-0.03;42.22
14104;13;0.00;42.21
14105;3;0.05;42.21
14107;3;0.25;42.21
14110;15;0.91;42.21
14111;6;1.05;42.21
14112;9;1.09;42.21
14113;16;1.17;42.21
14114;21;1.19;42.21
14115;19;1.35;42.21
14116;15;1.37;42.21
14117;19;1.39;42.21
14118;13;1.72;42.21
14119;14;2.03;42.21
14120;10;2.05;42.21
14122;4;2.54;42.21
14123;4;2.58;42.21
14128;7;-1.31;42.22
14129;4;-5.39;42.22
14130;9;-1.40;42.21
14132;8;-3.53;42.21
14133;14;-3.49;42.21
14134;5;-3.37;42.21
14135;8;-3.36;42.21
14136;3;-2.95;42.21
14138;3;-0.84;42.21
14139;16;-0.71;42.23
14140;18;-0.07;42.21
14141;7;0.19;42.21
14142;3;0.48;42.21
14143;3;0.51;42.21
14144;12;1.81;42.21
14145;10;2.11;42.22
14146;5;-6.00;42.20
14147;4;-5.76;42.20
14150;5;-4.53;42.20
14151;5;-3.71;42.20
14152;8;-3.68;42.20
14153;10;-3.45;42.21
14154;16;-3.45;42.20
14155;9;-3.42;42.20
14158;3;-3.16;42.20
14161;7;-2.94;42.20
14162;4;-2.92;42.20
14163;4;-2.64;42.20
14164;9;-2.34;42.20
14165;3;-2.25;42.20
14166;11;-2.20;42.20
14167;8;-2.19;42.20
14168;4;-2.08;42.20
14169;11;-2.01;42.20
14170;13;-2.00;42.20
14171;11;-1.95;42.20
14173;7;-1.42;42.20
14175;5;-0.75;42.20
14177;9;-0.38;42.20
14178;3;-0.16;42.20
14179;9;-0.15;42.20
14182;13;-0.03;42.20
14183;16;-0.02;42.20
14186;13;0.06;42.20
14187;3;0.21;42.20
14188;7;0.25;42.20
14189;7;0.27;42.20
14190;2;0.31;42.20
14191;9;0.64;42.20
14192;9;0.70;42.20
14193;3;0.78;42.20
14196;5;0.96;42.22
14197;21;1.04;42.20
14198;9;1.07;42.20
14199;16;1.11;42.21
14200;20;1.17;42.20
14201;11;1.19;42.20
14202;19;1.21;42.20
14203;25;1.23;42.20
14204;15;1.24;42.20
14205;12;1.27;42.20
14206;21;1.29;42.20
14207;19;1.30;42.20
14208;11;1.31;42.20
14209;12;1.36;42.21
14210;11;1.39;42.22
14211;9;1.41;42.20
14212;12;1.42;42.20
14213;17;1.46;42.20
14214;14;1.58;42.20
14215;13;1.73;42.20
14216;8;1.82;42.20
14217;18;1.84;42.20
14218;9;1.92;42.20
14219;8;2.00;42.20
14220;9;2.01;42.20
14221;4;2.13;42.20
14222;7;2.19;42.21
14223;2;2.20;42.20
14224;5;2.22;42.20
14225;4;2.50;42.20
14227;16;-4.52;42.23
14228;9;0.55;42.22
14229;9;-0.79;42.21
14230;4;-7.17;42.21
14231;4;-7.10;42.24
14232;3;-3.08;42.22
14233;4;-2.59;42.21
14234;3;-2.38;42.20
14235;23;-1.43;42.20
14237;3;-1.27;42.22
14238;7;-0.14;42.21
14239;15;1.33;42.21
14240;16;1.44;42.20
14241;9;1.99;42.21
14243;4;-6.99;42.20
14244;3;-3.13;42.20
14245;4;-2.54;42.21
14246;5;-2.35;42.20
14247;13;-2.22;42.22
14248;3;-1.85;42.20
14249;12;-1.77;42.20
14250;12;-0.70;42.20
14251;9;-0.23;42.20
14252;3;-0.07;42.20
14253;8;0.08;42.20
14255;12;0.53;42.20
14256;6;0.99;42.20
14257;15;1.02;42.20
14258;11;1.16;42.27
14259;14;1.62;42.20
14260;9;1.94;42.20
14261;10;2.15;42.20
14262;3;2.74;42.21
14263;4;-7.75;42.19
14264;4;-7.72;42.19
14265;5;-7.71;42.19
14266;4;-7.65;42.19
14267;8;-7.29;42.19
14268;5;-7.28;42.19
14269;4;-7.02;42.19
14270;5;-6.91;42.19
14272;5;-5.99;42.19
14273;5;-5.96;42.19
14276;5;-4.56;42.19
14277;8;-3.67;42.19
14278;8;-3.52;42.19
14279;10;-3.49;42.19
14280;10;-3.45;42.19
14281;9;-3.43;42.19
14282;5;-3.36;42.19
14284;2;-3.11;42.19
14286;7;-2.95;42.19
14287;4;-2.75;42.19
14288;5;-2.38;42.19
14289;2;-2.34;42.19
14290;3;-2.21;42.19
14292;8;-2.16;42.19
14293;4;-2.14;42.19
14294;16;-1.52;42.19
14295;7;-1.38;42.19
14299;12;-0.98;42.19
14300;16;-0.94;42.19
14301;9;-0.88;42.19
14304;3;-0.38;42.19
14306;13;-0.27;42.19
14307;3;-0.15;42.19
14308;15;-0.05;42.19
14309;18;-0.02;42.19
14310;7;0.00;42.19
14312;11;0.04;42.19
14313;4;0.06;42.19
14314;3;0.18;42.19
14315;7;0.21;42.19
14317;3;0.51;42.19
14319;9;0.83;42.19
14321;5;0.93;42.19
14322;15;0.96;42.19
14323;4;1.05;42.19
14324;19;1.18;42.19
14325;25;1.20;42.19
14326;21;1.21;42.19
14327;25;1.22;42.19
14328;9;1.24;42.19
14329;21;1.25;42.19
14330;19;1.28;42.19
14331;9;1.30;42.19
14332;4;1.33;42.19
14333;11;1.35;42.19
14334;11;1.37;42.19
14335;21;1.39;42.19
14336;12;1.40;42.19
14337;21;1.41;42.19
14338;9;1.42;42.19
14339;17;1.44;42.19
14340;16;1.47;42.19
14341;14;1.52;42.19
14342;14;1.65;42.19
14343;18;1.82;42.19
14344;8;1.84;42.19
14345;12;1.85;42.19
14347;7;2.21;42.19
14349;7;2.25;42.19
14350;5;2.26;42.19
14351;4;2.35;42.19
14353;5;2.73;42.19
14354;8;3.09;42.19
14355;7;-4.15;42.28
14356;3;-4.06;42.21
14357;3;-3.28;42.23
14358;9;-1.10;42.27
14360;7;-3.90;42.23
14361;7;-1.82;42.21
14363;4;-4.17;42.20
14364;7;-0.11;42.20
14365;4;2.94;42.23
14366;8;3.06;42.32
14367;9;-7.24;42.22
14368;21;-3.55;42.22
14369;10;-3.39;42.20
14370;6;-2.31;42.23
14371;10;-2.25;42.19
14372;4;-2.11;42.20
14373;13;-2.02;42.19
14374;5;-1.78;42.19
14375;8;-0.90;42.19
14376;5;2.67;42.19
14377;5;-7.66;42.19
14378;4;-7.06;42.19
14379;4;-6.03;42.21
14380;10;-3.58;42.19
14381;16;-3.47;42.19
14382;9;-3.45;42.19
14383;16;-3.41;42.19
14384;4;-3.21;42.19
14385;5;-3.20;42.19
14386;7;-1.99;42.19
14387;8;-1.92;42.19
14388;9;-1.40;42.19
14389;13;-0.74;42.19
14391;3;-0.12;42.19
14393;3;0.81;42.20
14394;19;0.95;42.19
14395;11;1.07;42.19
14396;14;1.10;42.19
14397;20;1.15;42.19
14398;15;1.27;42.19
14399;5;2.23;42.19
14400;4;-7.77;42.19
14401;4;-7.62;42.19
14402;4;-7.60;42.19
14403;8;-7.28;42.19
14404;16;-7.23;42.19
14405;8;-6.94;42.21
14406;5;-6.92;42.19
14407;5;-6.82;42.19
14408;5;-6.72;42.19
14409;9;-5.98;42.21
14410;9;-5.93;42.19
14411;5;-5.25;42.19
14413;7;-4.13;42.19
14415;10;-3.43;42.19
14416;16;-3.39;42.19
14417;3;-3.35;42.19
14418;4;-3.24;42.19
14420;2;-3.10;42.19
14421;7;-2.94;42.19
14422;6;-2.77;42.19
14424;4;-2.68;42.19
14425;2;-2.37;42.19
14427;4;-2.29;42.19
14429;10;-2.20;42.19
14430;3;-2.18;42.19
14431;11;-2.16;42.19
14432;7;-2.14;42.19
14433;11;-2.01;42.19
14434;13;-2.00;42.19
14435;11;-1.95;42.19
14436;4;-1.90;42.19
14437;9;-1.77;42.19
14438;5;-1.74;42.19
14439;16;-1.53;42.19
14440;16;-1.51;42.19
14441;6;-1.42;42.19
14442;6;-1.39;42.19
14444;16;-0.98;42.19
14445;3;-0.79;42.20
14447;5;-0.75;42.19
14448;7;-0.37;42.19
14450;3;-0.26;42.19
14451;3;-0.21;42.19
14452;13;-0.07;42.19
14453;18;-0.03;42.19
14454;3;-0.02;42.19
14455;7;0.20;42.19
14456;3;0.54;42.19
14458;6;0.86;42.19
14459;5;0.92;42.19
14460;6;0.93;42.19
14461;6;1.02;42.19
14462;9;1.10;42.19
14463;25;1.12;42.19
14464;25;1.18;42.19
14465;12;1.21;42.19
14466;15;1.22;42.19
14467;21;1.23;42.19
14468;25;1.24;42.19
14469;12;1.25;42.19
14470;12;1.28;42.19
14471;4;1.31;42.19
14472;11;1.39;42.19
14473;21;1.40;42.19
14474;12;1.41;42.19
14475;19;1.42;42.19
14476;6;1.43;42.19
14477;4;1.52;42.19
14478;17;1.54;42.19
14479;9;1.59;42.19
14480;17;1.63;42.19
14481;13;1.74;42.19
14482;9;1.93;42.19
14483;9;1.98;42.19
14484;17;2.02;42.19
14485;9;2.12;42.19
14487;3;2.19;42.19
14488;5;2.20;42.19
14489;7;2.24;42.19
14490;5;2.25;42.19
14493;3;2.72;42.19
14494;5;2.74;42.19
14495;2;2.76;42.19
14498;4;-4.39;42.23
14499;3;-4.75;42.22
14500;9;-1.72;42.22
14501;9;0.39;42.21
14503;7;-0.66;42.21
14504;4;0.33;42.21
14505;5;-7.30;42.19
14506;16;-7.21;42.19
14507;5;-6.96;42.19
14508;9;-3.71;42.19
14509;3;-0.94;42.24
14510;13;-0.76;42.19
14512;7;0.17;42.19
14513;4;-5.70;42.19
14514;8;-1.64;42.18
14515;8;-1.59;42.23
14516;7;-0.40;42.19
14518;2;0.26;42.21
14519;9;0.68;42.19
14520;21;1.02;42.20
14521;9;-7.22;42.18
14522;4;-7.14;42.18
14524;13;-4.46;42.27
14525;7;-4.40;42.19
14527;4;-2.62;42.18
14528;5;-0.88;42.18
14529;12;-0.83;42.19
14530;9;-0.39;42.18
14531;11;0.03;42.18
14533;4;0.07;42.18
14535;3;0.22;42.18
14536;11;0.34;42.18
14538;3;0.75;42.18
14539;6;1.05;42.18
14540;11;1.34;42.18
14541;21;1.36;42.18
14542;14;1.46;42.18
14543;8;1.97;42.19
14545;4;-7.73;42.18
14546;4;-7.59;42.18
14547;4;-7.55;42.18
14548;12;-7.29;42.18
14549;12;-7.23;42.18
14550;4;-7.19;42.18
14551;5;-6.84;42.18
14557;8;-3.45;42.18
14558;14;-3.43;42.18
14559;21;-3.41;42.18
14560;14;-3.39;42.18
14561;21;-3.37;42.18
14562;4;-3.28;42.18
14563;2;-3.26;42.18
14565;4;-3.22;42.18
14566;9;-2.89;42.18
14568;4;-2.64;42.18
14569;4;-2.56;42.18
14571;3;-2.34;42.18
14572;7;-2.29;42.18
14573;6;-2.25;42.18
14574;6;-2.21;42.18
14575;3;-2.13;42.18
14576;4;-2.10;42.18
14577;11;-2.05;42.18
14578;13;-1.98;42.18
14579;11;-1.96;42.18
14580;4;-1.93;42.18
14581;3;-1.82;42.18
14583;7;-1.74;42.18
14584;5;-1.69;42.18
14586;21;-1.48;42.21
14588;8;-1.00;42.18
14589;9;-0.78;42.18
14590;15;-0.03;42.18
14591;7;0.04;42.18
14593;3;0.72;42.18
14594;15;0.93;42.18
14595;19;1.12;42.18
14596;15;1.15;42.18
14597;11;1.17;42.18
14598;19;1.20;42.18
14599;19;1.23;42.18
14600;4;1.24;42.18
14601;21;1.25;42.18
14602;12;1.27;42.18
14603;19;1.29;42.18
14604;12;1.31;42.18
14605;9;1.40;42.18
14606;15;1.42;42.18
14607;14;1.43;42.18
14608;14;1.50;42.18
14609;17;1.52;42.18
14610;8;1.54;42.18
14611;9;1.60;42.18
14612;9;1.67;42.18
14614;10;1.77;42.18
14615;18;1.80;42.18
14616;13;1.85;42.18
14617;7;1.88;42.18
14618;3;1.92;42.18
14619;9;1.94;42.18
14620;3;2.12;42.18
14621;7;2.13;42.18
14622;5;2.16;42.18
14623;4;2.19;42.18
14624;2;2.20;42.18
14626;13;-5.24;42.21
14627;3;-6.67;42.22
14628;6;0.94;42.18
14629;4;-1.33;42.23
14630;12;0.78;42.21
14631;9;-7.71;42.18
14632;12;-0.92;42.20
14633;8;-0.52;42.18
14636;4;-8.02;42.17
14637;5;-7.64;42.17
14638;5;-7.26;42.18
14639;4;-7.03;42.17
14640;12;-6.91;42.19
14641;8;-6.70;42.17
14642;5;-5.95;42.19
14643;4;-5.89;42.22
14644;4;-3.98;42.17
14645;8;-3.64;42.17
14646;2;-3.57;42.17
14647;8;-3.52;42.17
14648;21;-3.47;42.17
14650;9;-2.78;42.17
14651;9;-2.33;42.17
14652;3;-2.31;42.17
14653;7;-2.07;42.17
14654;13;-2.01;42.17
14655;7;-1.99;42.17
14656;7;-1.95;42.17
14657;11;-1.71;42.17
14658;9;-0.72;42.18
14659;13;-0.09;42.17
14660;12;-0.01;42.17
14661;3;0.48;42.17
14662;9;0.83;42.17
14663;21;1.09;42.17
14664;10;1.16;42.17
14665;13;1.69;42.17
14666;4;2.53;42.18
14667;4;-8.13;42.17
14668;4;-8.08;42.17
14669;8;-7.30;42.17
14670;5;-7.29;42.17
14671;12;-7.28;42.17
14672;3;-7.20;42.17
14673;3;-6.95;42.17
14674;9;-6.91;42.17
14675;5;-6.86;42.17
14676;5;-6.81;42.17
14677;9;-5.97;42.17
14678;9;-5.94;42.17
14680;4;-5.87;42.17
14681;5;-5.26;42.17
14682;5;-3.71;42.17
14684;5;-3.46;42.17
14685;14;-3.36;42.17
14686;4;-3.26;42.17
14687;7;-3.15;42.17
14689;5;-2.98;42.17
14690;6;-2.85;42.17
14691;6;-2.83;42.17
14693;4;-2.65;42.17
14695;4;-2.26;42.17
14696;3;-2.14;42.17
14697;7;-2.12;42.17
14698;11;-1.97;42.17
14699;3;-1.96;42.17
14700;4;-1.88;42.17
14702;4;-1.36;42.17
14704;12;-0.98;42.17
14706;9;-0.89;42.17
14707;5;-0.77;42.17
14710;3;0.04;42.17
14711;7;0.06;42.17
14712;7;0.20;42.17
14713;3;0.54;42.17
14714;9;0.68;42.17
14715;3;0.73;42.17
14716;12;0.75;42.17
14718;17;0.91;42.17
14719;21;0.96;42.17
14720;17;0.97;42.17
14721;3;0.98;42.17
14722;19;1.03;42.17
14723;4;1.04;42.17
14724;21;1.05;42.17
14725;12;1.06;42.17
14726;9;1.09;42.17
14727;11;1.13;42.17
14728;15;1.27;42.17
14729;9;1.28;42.17
14730;15;1.31;42.17
14731;13;1.63;42.17
14732;10;1.72;42.17
14733;8;1.86;42.17
14734;4;2.07;42.17
14735;7;2.11;42.17
14737;6;-5.72;42.20
14738;4;-5.60;42.20
14739;13;-5.40;42.29
14741;5;-1.11;42.18
14743;16;-3.64;42.20
14744;12;0.50;42.18
14745;5;-7.69;42.17
14747;4;-0.51;42.21
14748;13;0.02;42.19
14749;8;0.08;42.17
14750;4;-8.04;42.17
14751;12;-6.76;42.21
14753;5;-2.35;42.17
14754;11;-0.28;42.17
14755;4;0.12;42.18
14756;9;0.60;42.17
14757;4;2.47;42.17
14758;7;-6.98;42.16
14759;7;-6.62;42.17
14760;4;-5.89;42.16
14761;4;-4.47;42.17
14762;5;-3.06;42.16
14763;14;-2.89;42.16
14764;8;-0.43;42.16
14765;7;-0.38;42.17
14766;7;0.01;42.16
14767;13;1.42;42.16
14768;13;1.53;42.16
14772;4;-8.10;42.16
14773;9;-7.59;42.16
14774;3;-7.28;42.16
14775;3;-7.15;42.16
14776;7;-7.03;42.16
14777;8;-6.94;42.16
14778;5;-6.82;42.16
14779;8;-6.77;42.16
14780;3;-6.63;42.16
14781;3;-6.60;42.16
14782;4;-6.57;42.16
14785;3;-4.06;42.16
14787;8;-3.62;42.16
14788;13;-3.61;42.16
14791;8;-3.48;42.16
14792;14;-3.45;42.16
14793;2;-3.35;42.16
14794;4;-3.23;42.16
14795;4;-3.21;42.16
14796;4;-3.11;42.16
14797;9;-2.95;42.16
14798;9;-2.92;42.16
14802;3;-2.15;42.16
14803;7;-2.01;42.16
14804;4;-2.00;42.16
14805;3;-1.98;42.16
14806;4;-1.89;42.16
14807;5;-1.64;42.16
14808;4;-1.06;42.16
14810;4;-1.02;42.16
14812;8;-0.49;42.16
14814;4;-0.40;42.16
14815;18;0.00;42.16
14816;7;0.03;42.16
14817;13;0.04;42.16
14819;4;0.15;42.16
14820;7;0.17;42.16
14823;7;0.64;42.16
14824;11;0.65;42.16
14825;3;0.83;42.16
14826;17;0.94;42.16
14827;15;0.96;42.16
14828;14;1.03;42.16
14829;3;1.04;42.16
14830;17;1.05;42.16
14831;15;1.06;42.16
14833;17;1.11;42.16
14834;12;1.14;42.16
14835;12;1.28;42.16
14836;19;1.30;42.16
14837;10;1.50;42.16
14838;10;1.75;42.16
14839;13;1.77;42.16
14840;10;1.80;42.16
14841;7;1.88;42.16
14842;4;2.03;42.16
14843;7;2.09;42.16
14844;4;2.32;42.16
14845;4;2.39;42.16
14846;4;2.62;42.16
14848;7;-5.04;42.18
14849;7;-4.66;42.20
14850;7;-0.22;42.19
14852;9;-0.09;42.17
14853;4;0.29;42.18
14855;8;-3.10;42.16
14856;18;-4.71;42.16
14857;10;-3.39;42.17
14858;13;-0.04;42.16
14861;2;2.68;42.17
14862;3;-7.18;42.15
14863;7;-6.95;42.15
14864;9;-6.85;42.20
14865;4;-6.66;42.15
14867;4;-6.64;42.15
14869;2;-3.53;42.16
14870;5;-3.14;42.18
14871;9;-2.85;42.15
14872;5;-2.72;42.15
14873;2;-2.71;42.15
14875;3;-2.38;42.16
14876;3;-2.11;42.16
14877;11;-0.83;42.15
14878;3;-0.81;42.15
14879;4;-0.70;42.16
14881;9;-0.02;42.15
14882;10;0.06;42.16
14884;12;1.22;42.15
14885;15;1.29;42.15
14886;10;1.56;42.15
14888;4;2.55;42.15
14889;4;-8.09;42.15
14890;4;-8.02;42.15
14892;3;-7.33;42.15
14893;3;-7.22;42.15
14894;3;-7.02;42.15
14895;5;-6.70;42.15
14896;4;-6.61;42.15
14898;5;-6.33;42.15
14899;14;-6.32;42.15
14900;10;-6.31;42.15
14901;10;-6.28;42.15
14903;7;-4.57;42.15
14905;3;-4.09;42.15
14906;4;-4.02;42.15
14908;8;-3.60;42.15
14910;8;-3.49;42.15
14912;8;-3.37;42.15
14914;4;-3.30;42.15
14915;4;-3.16;42.15
14916;3;-3.11;42.15
14917;3;-2.92;42.15
14918;6;-2.82;42.15
14919;9;-2.80;42.15
14920;2;-2.48;42.15
14921;3;-2.30;42.15
14922;3;-2.21;42.16
14923;3;-2.16;42.15
14924;4;-1.87;42.15
14926;11;-1.71;42.15
14927;7;-1.34;42.15
14928;5;-1.08;42.15
14932;13;-0.41;42.15
14934;9;-0.20;42.15
14935;11;-0.13;42.15
14936;3;-0.11;42.15
14937;11;-0.10;42.15
14938;13;-0.09;42.15
14939;8;0.01;42.15
14940;10;0.03;42.15
14941;3;0.15;42.15
14942;12;0.16;42.15
14944;4;0.23;42.15
14945;3;0.32;42.15
14947;3;0.51;42.16
14948;9;0.53;42.15
14949;7;0.59;42.15
14950;3;0.60;42.15
14951;3;0.65;42.15
14952;11;0.66;42.15
14953;3;0.71;42.15
14955;15;1.05;42.15
14956;15;1.08;42.15
14958;19;1.37;42.15
14959;13;1.40;42.15
14960;13;1.54;42.15
14961;9;1.74;42.15
14962;8;2.02;42.23
14963;9;1.91;42.15
14964;4;2.04;42.15
14965;7;2.15;42.15
14966;4;2.34;42.15
14967;4;2.49;42.15
14968;2;2.56;42.15
14969;4;2.61;42.15
14971;3;-4.40;42.16
14972;3;-2.73;42.16
14973;9;-6.73;42.15
14974;4;-1.93;42.15
14975;3;-1.20;42.15
14976;3;0.77;42.16
14977;2;1.42;42.15
14978;5;-7.65;42.15
14979;3;-7.35;42.14
14981;4;-6.58;42.14
14984;4;-3.19;42.15
14985;7;-2.76;42.15
14986;11;-2.01;42.15
14987;8;-1.05;42.14
14988;4;0.05;42.15
14989;12;0.13;42.14
14990;4;-8.05;42.14
14991;4;-7.78;42.14
14992;4;-7.76;42.14
14993;3;-7.30;42.14
14994;3;-7.23;42.14
14995;3;-7.20;42.14
14996;3;-7.16;42.14
14998;5;-6.32;42.14
14999;5;-6.25;42.14
15008;8;-3.59;42.14
15011;10;-3.48;42.14
15012;8;-3.39;42.14
15013;21;-3.37;42.14
15014;8;-3.36;42.14
15016;8;-2.96;42.14
15017;3;-2.95;42.14
15019;2;-2.70;42.14
15021;2;-2.47;42.14
15022;7;-2.32;42.14
15023;9;-2.07;42.14
15024;11;-2.03;42.14
15026;7;-1.71;42.14
15027;5;-1.64;42.14
15028;6;-1.44;42.14
15031;8;-0.09;42.14
15035;16;0.26;42.14
15038;9;0.52;42.14
15039;9;0.58;42.14
15040;7;0.64;42.14
15041;3;0.67;42.15
15042;11;0.69;42.14
15043;3;0.73;42.14
15044;12;1.09;42.14
15045;12;1.12;42.14
15046;16;1.21;42.14
15047;13;1.37;42.14
15048;19;1.39;42.14
15049;6;1.40;42.14
15050;9;1.43;42.14
15051;9;1.46;42.14
15052;7;1.58;42.14
15053;7;1.65;42.14
15054;8;1.85;42.14
15055;8;1.91;42.14
15056;4;1.92;42.14
15058;3;1.97;42.14
15059;4;2.00;42.14
15060;3;2.11;42.14
15061;3;2.15;42.14
15062;4;2.18;42.14
15063;11;-5.10;42.17
15064;9;-3.72;42.14
15066;4;-8.13;42.14
15067;3;-7.05;42.14
15068;4;-3.35;42.14
15069;12;-2.92;42.14
15070;12;1.16;42.14
15071;4;-8.10;42.13
15072;4;-8.00;42.15
15073;3;-7.13;42.14
15074;8;-3.42;42.13
15075;2;-3.20;42.13
15076;10;-1.98;42.13
15078;7;-1.30;42.15
15081;3;0.18;42.13
15082;3;0.31;42.13
15085;13;1.77;42.13
15086;4;2.57;42.14
15087;4;-8.18;42.13
15089;3;-7.34;42.13
15090;9;-6.92;42.13
15091;9;-6.73;42.13
15092;13;-6.57;42.13
15101;23;-3.46;42.13
15102;6;-3.26;42.13
15103;4;-3.21;42.13
15104;5;-3.17;42.13
15105;7;-3.15;42.13
15106;3;-3.13;42.13
15107;9;-2.95;42.13
15108;12;-2.88;42.13
15109;5;-2.86;42.13
15110;3;-2.83;42.13
15111;7;-2.77;42.13
15112;7;-2.73;42.13
15115;3;-2.28;42.13
15116;3;-2.20;42.13
15117;7;-2.13;42.13
15118;4;-2.08;42.13
15119;13;-2.06;42.13
15120;13;-2.02;42.13
15121;10;-2.01;42.13
15122;4;-1.86;42.13
15125;7;-1.32;42.13
15130;8;-0.07;42.13
15133;12;0.16;42.13
15135;3;0.28;42.13
15136;5;0.33;42.14
15137;9;0.53;42.13
15139;7;0.66;42.13
15140;11;0.67;42.13
15141;6;0.91;42.13
15142;14;1.20;42.13
15143;11;1.21;42.13
15144;16;1.23;42.13
15145;12;1.30;42.13
15146;13;1.36;42.13
15147;2;1.40;42.13
15148;10;1.48;42.13
15149;6;1.52;42.13
15150;7;1.60;42.13
15152;13;1.74;42.13
15153;10;1.79;42.13
15154;10;1.81;42.13
15155;8;1.83;42.13
15156;9;1.85;42.17
15157;8;1.88;42.13
15159;2;1.93;42.13
15160;4;1.94;42.13
15161;4;1.98;42.13
15162;3;2.13;42.13
15163;7;2.15;42.13
15165;4;2.31;42.13
15166;4;2.54;42.13
15167;5;-2.96;42.14
15168;3;-2.05;42.15
15169;7;-0.60;42.14
15170;12;1.00;42.15
15171;9;-7.65;42.15
15172;7;-6.98;42.13
15174;8;-6.60;42.13
15175;7;-3.88;42.14
15176;4;-1.06;42.13
15177;3;0.10;42.13
15180;3;1.42;42.13
15181;4;2.68;42.13
15182;4;-7.52;42.13
15183;3;-7.17;42.13
15184;7;-2.84;42.12
15185;8;-1.99;42.12
15186;11;-1.68;42.14
15188;11;-0.34;42.13
15189;12;0.25;42.13
15191;11;0.64;42.13
15192;15;1.09;42.13
15193;6;1.38;42.13
15194;10;1.53;42.13
15195;9;1.91;42.13
15196;4;2.36;42.13
15197;4;2.64;42.13
15198;9;-8.11;42.12
15199;5;-8.09;42.12
15200;4;-8.08;42.12
15201;7;-7.03;42.12
15202;3;-7.00;42.12
15204;9;-6.75;42.12
15207;5;-6.32;42.12
15208;5;-6.18;42.12
15213;5;-3.72;42.12
15214;5;-3.63;42.14
15216;23;-3.45;42.12
15217;8;-3.38;42.12
15218;4;-3.23;42.12
15219;3;-3.16;42.12
15220;5;-3.14;42.12
15221;6;-3.11;42.14
15222;12;-2.95;42.12
15223;9;-2.94;42.12
15224;4;-2.86;42.12
15225;7;-2.78;42.12
15226;3;-2.73;42.12
15229;8;-2.06;42.12
15230;4;-1.93;42.12
15233;3;-0.59;42.12
15234;5;-0.45;42.12
15238;4;0.08;42.12
15239;16;0.29;42.12
15240;11;0.61;42.14
15241;7;0.65;42.12
15242;11;0.66;42.12
15244;12;1.08;42.12
15245;12;1.18;42.12
15246;11;1.20;42.12
15247;14;1.28;42.12
15248;14;1.30;42.12
15249;6;1.33;42.12
15250;3;1.40;42.12
15251;2;1.41;42.12
15252;9;1.49;42.12
15253;2;1.55;42.12
15254;9;1.83;42.12
15255;8;1.86;42.12
15256;9;1.88;42.12
15257;6;1.90;42.12
15258;7;2.09;42.12
15260;4;2.27;42.12
15261;4;2.30;42.12
15262;4;2.38;42.12
15263;4;2.42;42.12
15264;4;2.52;42.12
15267;3;-0.62;42.16
15268;12;-0.49;42.14
15269;11;-4.57;42.13
15270;2;-2.50;42.13
15271;9;-6.81;42.13
15272;8;-4.59;42.13
15273;7;-4.56;42.12
15274;5;-3.67;42.13
15275;21;-3.36;42.12
15277;3;-2.32;42.13
15278;4;-1.89;42.13
15279;5;-1.57;42.14
15280;11;-0.57;42.13
15281;7;0.76;42.14
15282;3;-7.27;42.12
15283;3;-6.96;42.12
15284;3;-3.88;42.12
15285;9;-2.22;42.14
15286;4;-2.09;42.12
15287;11;-2.01;42.12
15288;10;-1.95;42.12
15291;7;-0.97;42.14
15292;13;-0.28;42.13
15293;3;0.15;42.12
15294;3;0.27;42.12
15295;3;0.68;42.12
15296;3;0.72;42.12
15297;11;0.93;42.12
15298;13;1.54;42.12
15299;13;1.57;42.12
15300;4;2.16;42.12
15301;4;3.01;42.12
15302;9;-8.09;42.11
15303;4;-7.84;42.11
15305;9;-7.58;42.11
15306;9;-7.55;42.11
15307;3;-7.35;42.11
15308;7;-7.04;42.11
15309;7;-7.00;42.11
15310;3;-6.98;42.11
15311;7;-6.97;42.11
15312;7;-6.95;42.11
15313;9;-6.90;42.11
15314;8;-6.62;42.11
15315;8;-6.58;42.11
15316;5;-6.16;42.11
15320;7;-3.87;42.11
15321;9;-3.72;42.11
15322;8;-3.40;42.11
15323;4;-3.15;42.11
15324;6;-3.14;42.11
15325;7;-3.13;42.11
15326;7;-3.09;42.11
15327;10;-2.98;42.11
15328;5;-2.86;42.11
15329;3;-2.76;42.11
15330;7;-2.75;42.11
15332;6;-2.13;42.12
15333;4;-2.14;42.11
15335;3;-2.06;42.11
15336;11;-2.05;42.11
15338;4;-1.82;42.13
15339;3;-1.78;42.11
15341;7;-0.59;42.11
15343;9;-0.31;42.11
15346;4;0.09;42.11
15347;12;0.18;42.12
15353;3;0.66;42.11
15354;3;0.76;42.11
15355;3;0.82;42.11
15357;8;0.97;42.12
15358;3;1.01;42.11
15359;11;1.23;42.14
15360;10;1.27;42.11
15361;9;1.28;42.11
15362;9;1.30;42.11
15363;13;1.39;42.11
15364;16;1.41;42.11
15365;2;1.42;42.11
15366;9;1.48;42.11
15367;9;1.52;42.11
15368;6;1.53;42.11
15369;11;1.55;42.11
15370;6;1.58;42.11
15371;10;1.75;42.11
15372;6;1.88;42.11
15373;6;1.91;42.11
15375;4;2.04;42.11
15376;4;2.09;42.11
15377;4;2.54;42.11
15379;4;2.67;42.11
15380;2;2.68;42.11
15381;3;-3.92;42.15
15382;13;-1.63;42.14
15383;7;-1.20;42.12
15384;11;-1.01;42.13
15385;4;2.44;42.13
15386;5;-6.14;42.12
15387;4;-2.70;42.12
15388;7;-2.30;42.12
15390;3;-2.98;42.16
15391;3;-2.97;42.11
15392;12;-1.16;42.13
15393;8;-1.03;42.11
15394;3;0.21;42.11
15395;9;1.44;42.11
15397;4;-8.02;42.11
15398;3;-7.15;42.11
15399;13;-6.57;42.11
15400;3;-4.16;42.11
15401;8;-3.54;42.13
15402;10;-3.11;42.11
15404;6;-2.27;42.11
15407;12;1.16;42.11
15408;14;1.29;42.11
15409;4;-8.18;42.10
15410;7;-7.02;42.10
15412;7;-6.98;42.10
15413;3;-6.97;42.10
15414;7;-6.96;42.10
15415;5;-6.92;42.10
15416;9;-6.91;42.10
15417;9;-6.77;42.10
15418;9;-6.73;42.10
15419;13;-6.70;42.10
15420;8;-6.64;42.10
15428;5;-3.62;42.10
15429;4;-3.33;42.10
15430;2;-3.32;42.10
15431;4;-3.27;42.10
15432;3;-3.05;42.10
15434;3;-3.01;42.10
15435;12;-2.88;42.10
15437;5;-2.58;42.10
15438;2;-2.41;42.10
15439;5;-2.35;42.11
15440;4;-2.31;42.10
15442;3;-2.04;42.10
15444;7;-1.78;42.10
15445;5;-1.64;42.10
15446;5;-1.60;42.10
15447;3;-1.34;42.10
15448;4;-1.27;42.10
15450;11;-0.35;42.10
15454;3;-0.12;42.10
15455;4;0.06;42.10
15456;16;0.22;42.10
15458;3;0.72;42.10
15459;12;1.10;42.10
15460;10;1.20;42.10
15461;11;1.21;42.10
15462;10;1.23;42.10
15463;14;1.25;42.10
15464;10;1.28;42.10
15465;3;1.42;42.10
15468;13;1.64;42.10
15469;10;1.67;42.10
15470;9;1.71;42.10
15471;9;1.82;42.10
15473;9;1.91;42.10
15474;4;1.98;42.10
15475;4;2.20;42.10
15477;4;2.64;42.10
15478;4;2.68;42.10
15480;13;-3.67;42.13
15481;21;-3.43;42.13
15483;5;-2.99;42.11
15484;4;-0.01;42.12
15485;7;-1.32;42.11
15486;11;-0.08;42.11
15487;9;-6.52;42.11
15489;12;0.12;42.11
15490;5;-6.25;42.11
15491;9;-6.16;42.11
15492;9;-5.67;42.10
15493;8;-3.59;42.10
15494;10;-3.37;42.10
15495;9;-3.17;42.10
15496;5;-2.91;42.12
15497;9;-2.89;42.11
15499;3;-2.57;42.10
15500;7;-1.90;42.10
15501;8;-1.06;42.10
15502;7;1.85;42.10
15503;9;-7.68;42.10
15504;8;-6.60;42.10
15505;3;-4.53;42.13
15506;5;-3.72;42.10
15507;5;-3.70;42.10
15508;8;-3.45;42.10
15509;3;-3.17;42.10
15510;4;-3.13;42.10
15511;4;-3.09;42.10
15512;3;-2.86;42.10
15513;3;-2.54;42.10
15514;4;-2.24;42.10
15516;9;-1.66;42.10
15518;9;-1.11;42.14
15519;4;-0.96;42.10
15520;12;0.15;42.10
15521;3;0.74;42.10
15523;8;1.89;42.10
15524;4;-7.86;42.09
15526;3;-7.04;42.09
15528;13;-6.71;42.09
15529;9;-6.70;42.09
15530;5;-6.57;42.09
15531;5;-6.53;42.09
15539;9;-3.71;42.09
15540;11;-3.51;42.09
15542;4;-3.31;42.11
15543;4;-3.26;42.09
15544;8;-3.11;42.09
15545;3;-3.10;42.09
15546;3;-3.02;42.09
15547;8;-2.97;42.09
15548;3;-2.95;42.09
15549;7;-2.85;42.09
15552;3;-2.50;42.09
15553;3;-2.36;42.10
15555;5;-2.31;42.09
15556;4;-2.29;42.09
15558;11;-2.16;42.09
15559;3;-2.15;42.09
15560;13;-2.14;42.09
15561;10;-2.08;42.09
15562;4;-1.87;42.09
15563;7;-1.74;42.13
15565;8;-0.99;42.09
15568;3;-0.10;42.09
15569;3;-0.06;42.09
15571;4;0.03;42.09
15573;3;0.31;42.11
15576;9;0.38;42.09
15578;3;0.61;42.11
15579;2;0.61;42.09
15580;11;0.63;42.09
15582;3;0.85;42.09
15583;3;1.01;42.09
15584;6;1.03;42.09
15585;3;1.06;42.09
15586;9;1.12;42.09
15587;10;1.14;42.09
15588;19;1.32;42.09
15589;8;1.35;42.09
15590;7;1.52;42.09
15591;11;1.58;42.09
15592;11;1.68;42.09
15593;15;1.71;42.09
15594;13;1.73;42.09
15595;7;1.81;42.09
15597;9;1.90;42.09
15598;7;1.91;42.09
15599;4;2.17;42.10
15601;4;2.36;42.09
15602;4;3.02;42.10
15603;4;3.07;42.14
15604;15;-4.75;42.13
15605;7;-4.91;42.14
15606;9;-6.93;42.10
15608;13;-1.08;42.10
15609;7;0.74;42.09
15610;11;1.13;42.12
15611;4;-4.62;42.13
15612;2;-3.54;42.09
15613;10;-1.97;42.10
15614;4;-0.58;42.10
15615;13;-0.43;42.12
15616;7;-0.07;42.10
15617;11;0.67;42.10
15618;3;0.79;42.10
15619;14;1.20;42.10
15620;8;1.64;42.17
15621;9;-7.55;42.09
15622;5;-7.54;42.09
15623;9;-6.83;42.09
15624;3;-4.19;42.14
15625;5;-3.83;42.09
15627;5;-3.04;42.10
15629;6;-2.10;42.10
15630;3;-1.91;42.09
15632;9;-1.18;42.09
15633;5;-1.16;42.09
15635;16;0.25;42.10
15636;9;0.40;42.09
15637;12;1.29;42.09
15638;12;1.42;42.09
15639;9;1.75;42.09
15641;4;2.58;42.09
15642;5;-7.88;42.08
15644;3;-7.20;42.08
15645;3;-7.00;42.09
15646;7;-6.97;42.08
15648;5;-6.51;42.13
15651;4;-4.86;42.10
15652;18;-4.76;42.09
15654;4;-4.50;42.08
15657;4;-3.71;42.08
15658;3;-3.55;42.08
15659;2;-3.49;42.08
15660;11;-3.47;42.08
15662;3;-3.43;42.08
15663;3;-3.41;42.08
15664;3;-3.39;42.08
15666;5;-3.15;42.09
15668;5;-3.08;42.08
15669;4;-2.91;42.08
15670;7;-2.75;42.08
15672;12;-2.41;42.08
15673;3;-2.14;42.08
15674;10;-2.13;42.08
15675;8;-2.08;42.08
15676;3;-2.07;42.08
15678;3;-1.99;42.08
15679;12;-1.80;42.08
15680;5;-1.76;42.08
15681;5;-1.70;42.08
15682;9;-1.58;42.08
15684;7;-1.29;42.08
15685;4;-1.27;42.08
15686;9;-1.15;42.08
15687;13;-1.13;42.09
15688;5;-1.11;42.08
15689;9;-1.10;42.08
15690;5;-1.08;42.08
15695;4;0.04;42.08
15696;3;0.10;42.08
15698;3;0.23;42.08
15699;20;0.27;42.08
15700;3;0.30;42.08
15701;9;0.57;42.08
15702;2;0.60;42.08
15703;2;0.64;42.08
15704;3;0.66;42.08
15705;3;0.84;42.08
15706;3;0.95;42.08
15707;9;1.08;42.08
15708;9;1.11;42.08
15709;10;1.16;42.08
15710;11;1.21;42.08
15711;11;1.25;42.09
15712;2;1.28;42.08
15713;2;1.30;42.08
15714;5;1.35;42.13
15715;19;1.35;42.08
15716;3;1.37;42.08
15717;4;1.52;42.08
15718;7;1.72;42.08
15719;2;1.74;42.08
15720;9;1.81;42.08
15721;7;1.82;42.08
15724;9;2.18;42.08
15725;4;2.29;42.08
15726;4;2.38;42.08
15727;5;2.41;42.08
15728;7;2.42;42.08
15729;7;2.44;42.08
15730;7;2.50;42.08
15731;5;2.51;42.08
15732;4;2.55;42.08
15733;12;0.84;42.10
15734;15;0.89;42.14
15735;2;-2.67;42.18
15736;3;-7.31;42.09
15738;9;-6.87;42.09
15740;8;-0.88;42.12
15741;4;0.08;42.09
15742;9;-7.89;42.08
15743;9;-7.57;42.08
15744;11;-5.21;42.09
15746;13;-3.28;42.08
15747;4;-2.81;42.14
15748;8;-2.23;42.08
15749;11;-2.21;42.08
15750;6;-1.96;42.08
15751;9;-1.78;42.08
15752;13;-1.62;42.08
15754;4;0.01;42.08
15757;6;0.93;42.08
15758;15;1.04;42.11
15759;14;1.13;42.08
15760;6;1.69;42.08
15761;2;1.89;42.08
15763;9;-7.54;42.08
15764;4;-7.19;42.08
15765;3;-7.06;42.08
15766;4;-7.02;42.08
15767;9;-6.79;42.08
15768;9;-6.77;42.08
15770;5;-6.52;42.08
15771;9;-6.49;42.08
15772;5;-6.26;42.08
15779;3;-4.03;42.08
15780;3;-4.00;42.08
15781;3;-3.98;42.08
15782;5;-3.73;42.08
15783;2;-3.47;42.08
15784;3;-3.46;42.08
15785;13;-3.32;42.08
15786;6;-3.17;42.08
15789;10;-2.12;42.08
15790;4;-2.10;42.08
15791;11;-2.07;42.08
15792;3;-2.00;42.08
15794;5;-1.90;42.08
15795;14;-1.77;42.08
15796;9;-1.76;42.08
15801;5;-0.45;42.08
15803;9;-0.15;42.08
15804;11;-0.09;42.08
15805;3;-0.07;42.08
15806;20;0.31;42.08
15807;3;0.32;42.08
15809;9;0.44;42.08
15811;2;0.59;42.08
15812;3;0.64;42.08
15813;2;0.65;42.08
15814;11;0.67;42.08
15815;3;0.74;42.08
15816;3;0.77;42.08
15817;5;0.89;42.08
15818;6;0.91;42.08
15819;15;0.92;42.08
15820;12;0.98;42.09
15821;4;0.97;42.08
15822;8;0.98;42.08
15823;10;0.99;42.08
15824;10;1.09;42.08
15825;10;1.30;42.08
15826;7;1.31;42.08
15828;4;1.50;42.08
15830;3;1.73;42.08
15831;7;1.75;42.08
15833;4;1.87;42.08
15834;4;2.06;42.08
15836;9;2.16;42.08
15837;9;2.22;42.08
15839;7;2.41;42.08
15842;5;-5.72;42.11
15843;4;-5.49;42.12
15844;3;-3.51;42.08
15845;16;0.33;42.09
15846;9;-6.57;42.08
15847;13;-3.35;42.08
15848;6;-3.21;42.10
15849;4;-3.18;42.08
15852;16;0.23;42.08
15853;5;0.70;42.08
15856;5;-6.55;42.08
15857;4;-6.42;42.07
15858;5;-3.79;42.07
15860;3;-2.97;42.07
15861;3;-2.75;42.07
15862;3;-2.34;42.07
15863;10;-2.09;42.07
15864;4;-1.15;42.07
15866;9;-0.31;42.10
15867;13;-0.18;42.10
15868;9;0.46;42.12
15869;7;0.81;42.08
15870;3;1.33;42.07
15871;7;1.34;42.07
15873;7;1.80;42.07
15877;4;-7.04;42.07
15879;9;-6.82;42.07
15880;13;-6.71;42.07
15882;9;-6.53;42.07
15886;11;-5.17;42.07
15890;16;-3.51;42.07
15891;3;-3.43;42.07
15892;3;-3.39;42.07
15896;12;-2.47;42.07
15898;9;-2.10;42.07
15899;8;-2.08;42.07
15901;10;-1.97;42.07
15902;7;-1.94;42.07
15904;16;-1.90;42.07
15905;8;-1.88;42.07
15906;5;-1.84;42.07
15907;14;-1.76;42.07
15908;9;-1.75;42.07
15909;5;-1.57;42.07
15912;9;-0.92;42.07
15913;9;-0.82;42.07
15916;13;-0.43;42.07
15917;16;-0.12;42.10
15918;3;-0.11;42.07
15919;3;0.03;42.07
15920;3;0.07;42.07
15921;3;0.16;42.07
15922;12;0.17;42.07
15923;7;0.26;42.07
15924;7;0.31;42.07
15925;20;0.32;42.07
15926;9;0.36;42.08
15927;9;0.42;42.07
15928;4;0.47;42.07
15929;4;0.51;42.07
15930;3;0.61;42.07
15931;7;0.66;42.07
15932;6;0.74;42.07
15933;3;0.80;42.07
15934;3;0.84;42.07
15935;11;0.85;42.07
15936;10;0.90;42.07
15937;14;0.91;42.07
15938;8;0.96;42.07
15939;4;0.99;42.07
15940;4;1.03;42.07
15941;11;1.09;42.07
15943;5;1.35;42.07
15944;4;1.41;42.07
15945;4;1.43;42.07
15946;4;1.68;42.07
15947;4;1.81;42.07
15949;4;1.88;42.07
15952;4;2.15;42.07
15954;4;2.32;42.07
15955;4;2.54;42.07
15956;2;2.81;42.07
15957;4;-4.95;42.18
15958;5;-8.09;42.09
15960;3;-2.99;42.07
15961;9;-1.94;42.08
15962;12;0.20;42.08
15963;4;-6.00;42.10
15964;11;-3.40;42.07
15965;4;1.85;42.07
15966;9;-7.63;42.08
15967;7;-4.05;42.07
15968;3;-3.56;42.07
15969;3;-2.55;42.07
15970;3;-2.49;42.07
15971;14;-1.71;42.07
15972;5;-1.62;42.07
15973;7;-1.27;42.07
15974;6;1.01;42.07
15976;4;-7.14;42.06
15977;4;-7.08;42.06
15978;9;-6.72;42.07
15980;11;-2.32;42.07
15981;3;-2.19;42.08
15982;11;-2.02;42.07
15983;8;-1.99;42.06
15984;5;-1.78;42.06
15987;5;-0.94;42.06
15988;12;0.13;42.07
15989;2;0.57;42.06
15990;6;0.71;42.06
15992;10;0.98;42.06
15993;11;1.06;42.06
15994;19;1.28;42.06
15995;3;1.79;42.07
15996;9;2.25;42.06
15997;4;2.29;42.06
15998;9;-7.86;42.06
15999;4;-7.84;42.06
16000;5;-7.60;42.06
16001;9;-7.54;42.06
16002;4;-7.01;42.06
16003;5;-6.28;42.06
16007;5;-5.24;42.06
16009;3;-4.03;42.06
16010;3;-3.99;42.06
16013;3;-3.36;42.06
16015;13;-3.34;42.06
16016;6;-3.23;42.06
16019;5;-3.02;42.07
16021;3;-2.41;42.06
16022;3;-2.33;42.06
16023;8;-2.25;42.06
16024;8;-2.01;42.06
16025;5;-1.90;42.06
16026;18;-1.89;42.06
16027;12;-1.84;42.07
16028;9;-1.76;42.06
16029;5;-1.74;42.06
16030;9;-1.72;42.06
16035;9;-0.93;42.06
16037;7;-0.81;42.06
16039;7;-0.13;42.06
16040;12;-0.12;42.06
16041;3;0.01;42.06
16042;3;0.08;42.06
16044;7;0.16;42.06
16045;20;0.23;42.06
16046;24;0.27;42.07
16047;15;0.28;42.06
16048;7;0.29;42.06
16049;15;0.31;42.06
16050;7;0.32;42.06
16051;4;0.53;42.06
16053;4;0.61;42.06
16054;5;0.68;42.06
16056;3;0.87;42.06
16057;8;0.97;42.06
16058;8;0.99;42.06
16059;10;1.04;42.06
16060;11;1.10;42.06
16061;7;1.31;42.06
16062;5;1.33;42.06
16063;3;1.34;42.06
16064;4;1.42;42.06
16066;3;1.77;42.06
16069;4;2.04;42.06
16071;2;2.13;42.06
16073;9;2.17;42.06
16074;9;2.21;42.06
16075;2;2.25;42.06
16076;7;2.51;42.06
16078;4;2.63;42.06
16082;7;-4.28;42.07
16083;7;2.46;42.06
16084;9;-6.46;42.06
16085;5;-6.32;42.06
16086;3;-4.26;42.06
16087;10;-2.07;42.06
16089;4;-1.96;42.06
16090;5;-1.81;42.07
16091;5;-1.68;42.06
16092;13;-0.89;42.06
16095;4;-8.05;42.05
16096;9;-7.89;42.05
16098;9;-6.39;42.05
16100;7;-4.17;42.09
16102;2;-3.49;42.05
16104;4;-3.20;42.05
16105;4;-3.17;42.05
16106;5;-2.97;42.05
16108;16;-1.87;42.07
16109;3;-1.04;42.05
16110;10;-0.45;42.06
16111;3;-0.08;42.06
16112;3;0.65;42.05
16113;6;0.76;42.05
16114;10;0.94;42.06
16115;7;1.75;42.05
16116;2;1.82;42.05
16117;5;2.16;42.05
16119;7;2.43;42.05
16120;4;2.56;42.06
16121;4;-7.86;42.05
16123;4;-7.05;42.05
16124;4;-6.99;42.05
16125;4;-6.64;42.05
16135;4;-4.05;42.05
16136;7;-4.04;42.05
16138;5;-3.77;42.05
16139;3;-3.58;42.05
16140;2;-3.47;42.05
16141;3;-3.37;42.05
16142;11;-3.36;42.05
16143;2;-3.27;42.12
16144;13;-3.30;42.05
16145;13;-3.24;42.05
16147;3;-3.03;42.05
16149;3;-2.48;42.05
16151;3;-2.29;42.07
16154;11;-2.19;42.05
16155;11;-2.15;42.05
16157;10;-1.99;42.05
16159;7;-1.93;42.05
16161;9;-1.78;42.05
16162;9;-1.74;42.05
16163;9;-1.69;42.05
16166;3;-1.36;42.05
16167;7;-1.26;42.05
16168;8;-1.19;42.05
16173;7;-0.12;42.05
16174;11;-0.11;42.05
16176;7;0.28;42.05
16177;15;0.29;42.05
16178;3;0.68;42.05
16179;7;0.70;42.05
16180;3;0.73;42.05
16181;6;0.93;42.05
16182;8;0.96;42.05
16183;10;0.97;42.05
16184;6;0.98;42.05
16185;10;0.99;42.05
16186;10;1.02;42.05
16187;9;1.06;42.05
16188;4;1.08;42.05
16189;11;1.11;42.05
16190;11;1.16;42.05
16191;10;1.23;42.05
16192;7;1.33;42.05
16193;4;1.43;42.05
16194;4;1.46;42.05
16195;4;1.50;42.05
16197;4;1.63;42.05
16199;2;1.75;42.05
16200;7;1.77;42.05
16201;4;1.80;42.05
16202;2;2.05;42.05
16203;2;2.18;42.05
16204;7;2.39;42.05
16207;5;-7.59;42.11
16208;5;-7.90;42.06
16209;3;-1.30;42.07
16210;5;0.83;42.05
16211;16;1.29;42.06
16212;2;-3.44;42.05
16213;3;-2.67;42.07
16215;8;-6.70;42.05
16216;7;-4.01;42.12
16217;15;-3.26;42.06
16218;8;-3.01;42.05
16219;8;-1.14;42.06
16221;4;1.95;42.06
16222;9;-7.59;42.05
16225;5;-3.08;42.05
16226;5;-3.02;42.04
16227;5;-2.99;42.04
16229;16;-1.90;42.05
16230;5;-1.84;42.05
16231;5;-1.59;42.04
16234;16;-0.87;42.05
16235;8;-0.60;42.04
16236;2;-0.44;42.05
16238;15;0.27;42.04
16239;4;0.59;42.05
16240;6;0.81;42.05
16241;5;1.31;42.04
16243;2;2.81;42.04
16244;4;-8.09;42.04
16245;4;-7.93;42.04
16246;9;-7.91;42.04
16248;4;-7.03;42.04
16249;9;-6.71;42.04
16250;8;-6.47;42.04
16251;4;-6.02;42.04
16254;11;-4.93;42.04
16256;9;-4.05;42.04
16257;12;-4.03;42.04
16259;5;-3.83;42.04
16261;16;-3.58;42.04
16267;5;-3.04;42.04
16268;3;-2.97;42.04
16269;12;-2.46;42.04
16270;3;-2.45;42.04
16271;3;-2.43;42.04
16273;3;-2.19;42.04
16274;11;-2.18;42.04
16275;13;-2.01;42.04
16276;8;-1.99;42.04
16277;4;-1.97;42.04
16278;7;-1.91;42.04
16279;18;-1.88;42.04
16280;5;-1.78;42.04
16281;9;-1.70;42.04
16282;14;-1.68;42.04
16283;5;-1.65;42.04
16284;5;-1.63;42.04
16285;5;-1.57;42.04
16286;8;-1.18;42.04
16287;3;-1.06;42.04
16288;12;-0.84;42.05
16291;11;-0.15;42.05
16292;11;-0.12;42.04
16293;3;0.06;42.04
16295;7;0.26;42.04
16296;4;0.30;42.04
16298;3;0.78;42.05
16299;3;0.80;42.04
16300;10;0.83;42.04
16301;6;0.96;42.04
16302;7;1.27;42.04
16303;9;1.30;42.04
16304;4;1.44;42.04
16305;4;1.53;42.04
16307;2;1.78;42.05
16308;2;2.03;42.04
16310;9;2.18;42.04
16311;2;2.19;42.04
16312;9;2.21;42.04
16314;9;2.24;42.04
16315;5;2.26;42.04
16316;4;2.38;42.04
16318;7;2.42;42.04
16319;4;2.51;42.04
16322;4;3.08;42.04
16323;4;3.11;42.04
16324;8;3.14;42.04
16326;16;-3.59;42.06
16327;11;-4.77;42.06
16328;13;-5.28;42.05
16329;3;-1.33;42.05
16331;5;-3.40;42.04
16332;11;-0.81;42.04
16333;2;1.72;42.06
16335;9;-6.74;42.04
16336;5;-6.26;42.04
16337;15;-3.29;42.03
16338;4;-3.22;42.03
16339;3;-2.72;42.04
16340;5;-2.51;42.03
16341;12;-2.50;42.03
16342;5;-2.47;42.04
16343;6;-1.96;42.03
16344;12;-1.81;42.04
16345;11;-1.32;42.05
16346;7;-1.03;42.04
16347;7;-0.80;42.03
16348;3;-0.09;42.03
16349;4;0.69;42.04
16350;12;1.06;42.03
16352;4;-8.03;42.03
16353;4;-8.00;42.03
16354;9;-7.76;42.03
16356;9;-6.84;42.03
16357;9;-6.79;42.03
16358;9;-6.77;42.03
16359;8;-6.69;42.03
16360;4;-6.64;42.03
16363;5;-6.30;42.03
16364;4;-6.01;42.03
16368;8;-3.61;42.03
16369;3;-3.40;42.03
16370;11;-3.36;42.03
16371;13;-3.28;42.03
16374;2;-2.84;42.03
16379;2;-2.17;42.03
16380;11;-2.05;42.03
16382;3;-2.01;42.03
16384;3;-1.91;42.03
16388;3;-1.39;42.03
16389;3;-1.05;42.03
16393;11;0.06;42.03
16396;7;0.28;42.03
16397;7;0.33;42.03
16401;4;0.54;42.03
16402;4;0.61;42.03
16403;13;0.91;42.03
16404;4;0.95;42.03
16405;3;0.96;42.03
16406;4;0.98;42.03
16407;4;1.02;42.03
16408;13;1.08;42.03
16409;19;1.24;42.04
16410;7;1.25;42.03
16411;16;1.27;42.03
16412;6;1.30;42.03
16413;4;1.47;42.03
16414;2;2.04;42.03
16417;4;2.61;42.03
16420;2;2.74;42.03
16421;13;-2.08;42.06
16422;4;-6.18;42.08
16423;8;-1.39;42.06
16424;4;-7.17;42.04
16425;3;0.91;42.04
16426;7;0.03;42.05
16427;11;0.06;42.04
16428;4;1.67;42.03
16429;4;3.17;42.06
16431;2;-2.62;42.03
16432;9;-0.92;42.03
16433;7;-0.63;42.03
16434;3;0.68;42.03
16435;5;0.72;42.03
16436;8;1.02;42.04
16437;2;2.15;42.03
16439;4;-7.06;42.03
16440;13;-6.72;42.04
16441;11;-4.92;42.03
16442;8;-1.90;42.03
16443;13;-1.65;42.03
16444;7;-0.11;42.03
16445;4;1.33;42.03
16447;2;2.20;42.03
16448;9;-7.62;42.02
16449;9;-7.60;42.02
16450;4;-7.02;42.02
16451;4;-6.95;42.02
16452;9;-6.83;42.02
16453;5;-6.77;42.02
16454;9;-6.76;42.02
16455;13;-6.75;42.02
16456;9;-6.73;42.02
16457;4;-6.63;42.02
16458;9;-6.46;42.02
16459;9;-6.36;42.02
16465;5;-3.75;42.02
16467;16;-3.52;42.05
16468;2;-3.49;42.02
16470;4;-3.20;42.02
16472;5;-2.49;42.02
16473;9;-2.10;42.02
16474;7;-2.08;42.02
16475;3;-2.02;42.02
16476;13;-2.01;42.02
16477;7;-1.96;42.02
16479;3;-1.31;42.02
16482;16;-0.92;42.02
16483;2;-0.43;42.02
16484;2;-0.40;42.02
16485;8;-0.36;42.02
16487;4;0.53;42.02
16489;7;0.55;42.02
16492;3;0.84;42.02
16493;7;0.91;42.02
16494;20;1.05;42.02
16495;10;1.08;42.02
16496;15;1.17;42.02
16497;16;1.24;42.02
16498;13;1.26;42.02
16499;6;1.31;42.02
16500;4;1.49;42.02
16505;2;2.06;42.02
16506;4;2.16;42.02
16508;2;2.25;42.02
16509;4;2.38;42.02
16510;7;2.49;42.02
16512;5;-2.16;42.04
16513;8;-0.22;42.04
16514;4;-5.35;42.04
16515;13;-3.32;42.02
16516;2;-3.26;42.03
16518;4;-8.05;42.02
16519;9;-4.02;42.02
16520;5;-3.83;42.02
16522;16;-1.80;42.02
16523;7;-1.29;42.03
16524;10;-0.44;42.03
16525;3;0.60;42.02
16528;4;-7.92;42.02
16529;4;-7.74;42.07
16531;9;-7.78;42.02
16532;4;-7.55;42.02
16533;5;-6.32;42.02
16534;5;-6.22;42.02
16537;5;-3.56;42.03
16539;13;-3.27;42.02
16540;13;-3.24;42.02
16541;2;-2.78;42.03
16543;7;-0.82;42.02
16544;11;-0.12;42.02
16545;3;0.77;42.02
16546;9;0.97;42.02
16547;20;1.22;42.01
16548;5;1.28;42.02
16549;13;1.30;42.02
16550;4;2.63;42.02
16551;2;2.79;42.02
16552;8;3.16;42.02
16553;5;-8.11;42.01
16554;4;-8.08;42.01
16555;5;-7.79;42.01
16556;5;-7.67;42.01
16558;4;-7.15;42.01
16559;4;-7.08;42.01
16561;5;-6.45;42.03
16562;9;-6.42;42.02
16563;5;-6.25;42.01
16564;8;-5.29;42.01
16568;3;-3.52;42.01
16570;2;-2.84;42.01
16574;3;-2.31;42.01
16575;7;-2.13;42.01
16576;7;-2.10;42.01
16577;7;-2.07;42.01
16578;9;-2.05;42.01
16579;5;-2.03;42.01
16580;18;-1.90;42.01
16581;5;-1.72;42.01
16582;5;-1.58;42.01
16584;16;-0.85;42.03
16586;12;-0.83;42.01
16589;11;0.04;42.01
16591;7;0.31;42.01
16592;11;0.91;42.01
16593;16;1.02;42.01
16594;20;1.03;42.01
16595;10;1.05;42.01
16596;20;1.08;42.01
16597;15;1.09;42.01
16598;7;1.12;42.01
16599;15;1.15;42.01
16600;6;1.25;42.01
16601;4;1.27;42.01
16602;4;2.14;42.01
16603;2;2.17;42.01
16605;4;2.60;42.01
16607;2;2.74;42.01
16608;4;-3.69;42.03
16610;14;-1.74;42.02
16611;4;-0.29;42.04
16612;11;-2.31;42.02
16613;4;-4.40;42.03
16615;8;-2.24;42.02
16616;8;-1.84;42.02
16617;15;0.27;42.02
16618;5;2.45;42.04
16620;5;-4.05;42.01
16621;11;-3.40;42.01
16622;12;-2.42;42.04
16623;18;-1.78;42.02
16624;5;-7.70;42.01
16625;8;-3.64;42.05
16627;12;-2.51;42.01
16628;8;-0.52;42.08
16629;4;0.51;42.02
16631;13;0.93;42.01
16632;4;-7.81;42.00
16633;4;-7.04;42.01
16634;9;-6.78;42.01
16636;9;-6.34;42.01
16637;16;-3.59;42.01
16638;3;-3.37;42.01
16639;3;-2.50;42.01
16640;12;-2.46;42.01
16641;6;-1.92;42.01
16642;5;-1.88;42.01
16643;16;-1.86;42.01
16644;3;-1.03;42.01
16646;3;-0.94;42.01
16648;13;1.25;42.01
16649;4;1.32;42.01
16651;5;-8.15;42.01
16652;9;-8.11;42.00
16653;4;-8.00;42.00
16654;4;-7.94;42.00
16655;4;-7.66;42.00
16656;9;-7.60;42.00
16657;4;-7.19;42.00
16659;13;-6.46;42.00
16660;9;-6.45;42.00
16661;5;-6.42;42.00
16662;9;-6.38;42.00
16665;5;-5.29;42.00
16669;5;-3.74;42.03
16671;3;-3.60;42.00
16673;16;-3.55;42.00
16674;2;-3.51;42.00
16676;9;-3.04;42.00
16677;8;-2.85;42.00
16680;5;-2.48;42.00
16681;7;-2.36;42.04
16682;3;-2.29;42.00
16683;5;-2.10;42.01
16684;2;-2.08;42.00
16685;9;-2.07;42.00
16686;5;-2.05;42.00
16687;9;-1.97;42.02
16688;7;-2.01;42.00
16689;16;-1.89;42.02
16690;13;-1.59;42.06
16691;8;-0.91;42.00
16692;3;-0.88;42.00
16693;16;-0.87;42.00
16699;4;0.53;42.00
16700;3;0.67;42.01
16701;5;0.71;42.00
16703;2;0.87;42.00
16704;5;0.98;42.01
16705;13;1.02;42.00
16706;7;1.03;42.00
16707;17;1.05;42.00
16708;20;1.06;42.00
16709;17;1.08;42.00
16710;9;1.09;42.00
16711;15;1.11;42.00
16712;18;1.16;42.00
16713;18;1.18;42.00
16714;6;1.23;42.00
16715;13;1.28;42.00
16716;4;1.44;42.00
16717;4;1.47;42.00
16718;4;1.53;42.01
16720;4;1.66;42.00
16721;4;2.16;42.00
16722;2;2.19;42.00
16723;9;2.24;42.01
16725;4;2.37;42.00
16726;7;2.44;42.00
16727;7;2.48;42.00
16729;2;2.77;42.00
16730;7;-4.99;42.02
16731;7;-1.07;42.02
16732;11;-5.07;42.02
16734;9;-7.73;42.01
16736;11;-1.36;42.01
16737;12;-0.91;42.01
16738;6;1.29;42.00
16739;2;2.00;42.01
16740;5;-7.76;42.01
16741;5;-7.62;42.00
16742;9;-6.82;42.00
16746;12;-0.89;42.00
16747;7;0.55;42.00
16748;6;1.27;42.00
16752;9;-7.81;41.99
16754;9;-7.77;41.99
16755;5;-7.73;41.99
16756;4;-7.57;41.99
16757;4;-7.12;42.01
16758;4;-7.10;41.99
16759;4;-7.07;41.99
16762;9;-6.46;41.99
16763;13;-6.43;41.99
16764;9;-6.40;41.99
16765;13;-6.34;41.99
16766;4;-6.00;41.99
16767;11;-4.82;42.00
16769;8;-4.68;42.04
16774;3;-3.41;41.99
16776;2;-3.39;41.99
16778;2;-3.36;41.99
16779;4;-3.20;41.99
16782;8;-2.67;41.99
16783;3;-2.66;41.99
16784;8;-2.65;41.99
16785;8;-2.58;41.99
16786;3;-2.52;41.99
16787;9;-2.49;41.99
16788;9;-2.46;41.99
16789;9;-2.40;41.99
16790;9;-2.06;41.99
16791;7;-2.04;41.99
16792;11;-2.02;41.99
16793;11;-1.97;41.99
16795;3;-1.84;41.99
16796;3;-1.79;41.99
16797;16;-1.64;41.99
16798;5;-1.59;41.99
16799;21;-1.58;41.99
16800;8;-1.56;41.99
16804;4;-0.42;41.99
16805;4;-0.38;41.99
16808;4;0.52;41.99
16809;3;0.63;41.99
16810;5;0.89;42.00
16811;11;0.91;41.99
16812;7;0.96;41.99
16813;3;0.97;41.99
16814;7;0.99;41.99
16815;11;1.02;41.99
16816;15;1.04;41.99
16817;7;1.05;41.99
16818;17;1.06;41.99
16819;14;1.08;41.99
16820;15;1.09;41.99
16821;9;1.17;42.04
16822;15;1.16;41.99
16823;20;1.20;41.99
16824;17;1.22;41.99
16825;4;1.23;41.99
16826;17;1.24;41.99
16827;5;1.25;41.99
16828;5;1.28;41.99
16829;13;1.30;41.99
16830;4;1.34;41.99
16833;4;1.46;41.99
16834;2;1.60;41.99
16836;4;2.12;42.00
16837;4;2.17;41.99
16839;4;2.39;41.99
16840;4;2.43;41.99
16842;4;3.18;41.99
16843;5;-6.84;42.07
16844;4;3.07;42.01
16845;14;-6.28;42.07
16846;9;-7.69;42.00
16847;7;-5.31;42.00
16848;5;-3.47;42.02
16851;7;0.64;42.00
16852;5;0.77;41.99
16854;4;-8.04;42.00
16855;5;-7.83;41.99
16856;5;-7.67;41.99
16857;9;-6.75;41.99
16858;5;-6.38;42.03
16860;11;-5.33;41.99
16861;2;-3.46;41.99
16862;4;-3.15;41.99
16863;7;-1.90;41.99
16864;5;-1.62;41.99
16865;3;-0.86;42.00
16866;9;-0.84;41.99
16867;4;-0.77;42.04
16869;7;0.58;41.99
16870;7;0.76;42.01
16871;15;1.18;41.99
16872;5;-7.85;41.98
16873;9;-7.80;41.98
16875;4;-7.09;41.98
16876;4;-7.03;41.98
16877;9;-6.78;41.98
16878;5;-6.73;42.00
16879;9;-6.71;41.98
16880;13;-6.46;41.98
16881;5;-6.32;41.98
16882;5;-6.27;41.98
16883;5;-6.22;41.98
16887;3;-4.40;41.98
16893;5;-3.46;41.98
16894;2;-3.41;41.98
16895;6;-3.40;41.98
16897;4;-3.37;41.98
16899;2;-3.34;41.98
16902;9;-3.03;41.98
16903;3;-2.83;41.98
16905;8;-2.76;41.98
16906;8;-2.73;41.98
16907;3;-2.72;41.98
16908;8;-2.66;41.98
16909;8;-2.63;41.98
16910;8;-2.53;41.98
16913;3;-2.24;41.98
16914;2;-2.09;41.98
16915;3;-2.02;41.98
16917;21;-1.63;41.98
16918;5;-1.57;41.99
16919;16;-1.56;41.98
16920;7;-1.37;41.98
16921;7;-0.93;41.98
16924;7;-0.70;42.00
16926;20;0.16;41.98
16929;4;0.39;41.98
16931;3;0.56;42.00
16932;5;0.60;41.98
16933;5;0.83;41.98
16934;2;0.85;41.98
16935;11;0.87;41.98
16936;3;0.90;41.98
16937;5;0.92;41.99
16938;5;0.96;41.98
16939;8;0.98;41.98
16940;4;0.99;41.98
16941;8;1.01;41.98
16942;12;1.08;41.98
16943;7;1.20;41.98
16944;6;1.22;41.98
16945;4;1.28;41.98
16946;4;1.31;41.98
16948;4;1.60;41.98
16949;2;1.61;41.98
16954;5;-1.67;42.02
16957;4;0.41;42.02
16958;5;-8.11;41.99
16959;2;-2.14;42.00
16962;9;-7.62;41.98
16963;5;-6.43;41.98
16964;18;-6.31;41.99
16965;7;-3.55;41.98
16966;9;-2.30;41.99
16967;7;-1.87;41.99
16968;3;-0.90;41.98
16969;4;-0.19;42.00
16970;9;0.66;41.98
16971;4;-7.89;41.98
16972;5;-7.70;41.98
16973;4;-7.65;41.98
16974;5;-7.17;41.98
16975;4;-6.96;41.99
16977;10;-6.28;41.98
16981;9;-1.40;41.98
16982;9;-1.34;41.98
16983;7;-0.16;41.98
16984;20;0.12;41.98
16985;4;0.47;41.99
16986;5;0.71;41.98
16987;7;0.74;41.98
16988;11;0.94;41.98
16989;2;1.71;41.98
16990;4;-8.17;41.98
16991;5;-8.16;41.98
16994;9;-7.83;41.98
16995;4;-7.73;41.98
16996;4;-7.68;41.98
16997;5;-7.61;41.98
16998;9;-7.15;41.98
16999;4;-7.02;41.98
17000;4;-7.00;41.98
17001;9;-6.44;41.98
17002;5;-6.38;41.98
17003;9;-6.35;41.98
17004;10;-6.31;41.98
17005;5;-6.29;41.98
17006;14;-6.22;41.98
17009;3;-4.38;41.98
17010;3;-4.11;41.98
17011;3;-3.56;41.98
17014;7;-3.48;41.98
17015;3;-3.43;41.98
17016;3;-3.37;41.98
17018;5;-2.98;41.98
17019;5;-2.91;41.98
17020;8;-2.84;41.98
17022;9;-2.47;41.98
17023;3;-2.21;41.98
17024;4;-2.05;41.98
17026;10;-2.02;41.98
17027;16;-1.66;41.98
17028;8;-1.63;41.98
17030;7;-1.39;41.98
17031;7;-1.36;41.98
17032;4;-1.32;41.98
17033;4;-1.25;41.98
17035;3;-0.93;41.98
17040;3;-0.69;42.05
17042;2;-0.41;41.98
17043;2;-0.36;41.98
17046;20;0.17;42.02
17047;4;0.47;41.98
17048;8;0.52;41.98
17049;7;0.56;41.98
17050;3;0.58;41.98
17051;7;0.60;41.98
17052;5;0.61;41.98
17053;3;0.67;41.98
17054;9;0.69;41.98
17055;9;0.72;41.98
17056;4;0.76;41.98
17057;2;0.77;41.98
17058;4;0.79;41.98
17059;8;0.96;41.98
17060;4;1.02;41.98
17062;7;1.14;41.98
17063;7;1.18;41.98
17064;12;1.23;41.98
17065;4;1.56;41.98
17067;2;1.62;41.98
17068;2;1.67;41.98
17070;4;2.10;41.98
17074;2;2.38;41.98
17077;4;2.52;41.98
17080;4;3.17;41.98
17081;8;3.11;42.00
17082;11;0.29;41.99
17083;11;0.86;42.01
17084;9;-8.14;41.99
17087;3;0.65;41.98
17088;4;-7.79;41.98
17089;9;-7.07;41.98
17090;4;-7.05;41.98
17091;7;-1.77;41.98
17092;6;1.12;41.98
17094;18;-6.26;41.97
17095;4;-5.96;41.97
17096;4;-5.92;41.97
17097;16;-5.24;42.02
17099;5;-2.52;41.97
17100;5;-1.56;41.97
17102;8;0.06;41.99
17103;8;0.99;41.97
17104;12;1.11;41.97
17105;15;1.17;41.97
17106;15;1.21;41.97
17108;4;2.18;41.97
17109;2;2.32;41.97
17110;2;2.76;41.97
17111;4;-8.18;41.97
17112;4;-8.15;41.97
17114;4;-8.10;41.97
17117;9;-7.68;41.97
17118;9;-7.65;41.97
17119;4;-7.63;41.97
17120;4;-7.01;41.97
17122;4;-6.97;41.97
17123;8;-6.34;41.97
17125;4;-6.25;41.97
17127;4;-5.99;41.97
17129;5;-5.32;41.97
17130;3;-4.44;41.97
17133;5;-3.81;41.97
17134;4;-3.55;41.97
17135;3;-3.54;41.97
17136;7;-3.51;41.97
17137;3;-3.45;41.97
17138;7;-3.42;41.97
17139;9;-3.37;41.97
17140;7;-3.36;41.97
17142;4;-3.14;41.97
17144;8;-2.87;41.97
17147;8;-2.58;41.97
17148;3;-2.57;41.97
17151;4;-2.09;41.97
17152;11;-2.00;41.97
17153;11;-1.96;41.97
17154;9;-1.38;41.97
17155;7;-1.37;41.97
17156;9;-1.36;41.97
17161;4;0.16;41.97
17162;12;0.51;41.97
17164;3;0.60;41.97
17165;7;0.62;41.97
17166;5;0.64;41.97
17167;9;0.67;41.97
17168;7;0.69;41.97
17169;9;0.71;41.97
17170;5;0.73;41.97
17171;2;0.80;41.97
17172;15;0.89;41.97
17173;4;1.06;41.97
17174;2;1.14;41.97
17175;11;1.16;41.97
17176;12;1.22;41.97
17177;2;1.37;41.97
17180;4;1.80;41.97
17182;4;2.11;41.97
17183;2;2.19;41.97
17184;2;2.35;41.97
17187;8;-0.29;41.99
17189;5;-7.48;41.98
17190;4;-3.62;41.98
17191;4;-6.06;42.00
17193;12;1.04;41.97
17194;4;1.74;42.00
17195;4;-3.30;41.99
17196;9;-1.89;41.97
17197;12;-0.71;41.97
17199;4;0.54;41.97
17200;10;1.01;41.97
17201;4;-8.06;41.96
17202;4;-7.97;41.97
17203;5;-3.73;41.96
17204;9;-3.01;41.96
17205;5;-2.19;41.98
17206;10;-1.93;41.98
17207;4;-0.93;41.96
17208;11;0.57;41.96
17211;7;0.84;41.96
17212;6;0.97;41.96
17213;2;1.63;41.96
17214;4;1.71;41.96
17215;4;-8.19;41.96
17216;4;-8.17;41.96
17218;4;-7.78;41.96
17219;4;-7.73;41.96
17220;9;-7.47;41.96
17221;9;-7.34;41.96
17222;5;-7.19;41.96
17223;4;-7.00;41.96
17226;8;-6.47;41.96
17227;8;-6.43;41.96
17228;5;-6.34;41.96
17230;4;-6.01;41.96
17235;3;-4.40;41.96
17236;3;-4.37;41.96
17237;5;-3.79;41.96
17238;3;-3.52;41.96
17239;7;-3.46;41.96
17240;4;-3.28;41.96
17241;9;-3.10;41.96
17246;3;-2.87;41.96
17247;3;-2.80;41.96
17248;3;-2.51;41.96
17249;12;-2.48;41.96
17251;3;-2.27;41.96
17252;3;-2.03;41.96
17253;3;-1.90;41.96
17254;16;-1.56;41.96
17255;4;-1.37;41.96
17259;2;-0.45;41.96
17260;15;0.55;41.96
17261;7;0.60;41.96
17262;5;0.62;41.96
17263;7;0.64;41.96
17264;2;0.65;41.96
17266;6;0.68;41.96
17267;4;0.77;41.96
17268;4;0.82;41.97
17269;15;0.85;41.96
17270;15;0.87;41.96
17271;9;0.89;41.96
17272;15;0.90;41.96
17273;10;0.99;41.96
17274;8;1.01;41.96
17275;14;1.03;41.96
17276;4;1.04;41.96
17277;6;1.06;41.96
17278;12;1.09;41.96
17279;8;1.11;41.96
17280;3;1.14;41.96
17281;7;1.15;41.96
17282;6;1.16;41.96
17283;11;1.18;41.96
17287;4;2.13;41.96
17288;2;2.21;41.96
17292;4;3.14;41.96
17293;11;-0.12;41.98
17294;6;-2.08;41.97
17295;7;-4.82;41.97
17296;5;-7.83;41.96
17297;4;-6.66;41.96
17298;4;-6.32;41.96
17299;4;0.22;41.96
17300;5;0.59;41.96
17301;4;-8.12;41.95
17303;4;-7.75;41.95
17305;9;-6.39;41.97
17307;2;-3.34;41.95
17308;5;-2.53;41.95
17309;9;-2.43;41.96
17310;13;-1.92;41.96
17313;2;-0.39;41.96
17314;3;0.33;41.95
17315;12;0.53;41.96
17316;2;0.74;41.96
17317;7;1.19;41.95
17318;2;1.79;41.95
17320;4;-8.21;41.95
17321;4;-8.05;41.95
17322;4;-7.96;41.95
17323;4;-7.80;41.95
17325;4;-7.71;41.95
17326;9;-7.70;41.95
17327;4;-7.52;41.95
17329;4;-5.92;41.95
17330;3;-4.41;41.95
17331;3;-4.16;41.95
17332;4;-3.54;41.95
17333;7;-3.52;41.95
17334;7;-3.41;41.95
17335;4;-3.13;41.95
17337;9;-3.08;41.95
17338;2;-3.07;41.95
17340;3;-2.18;41.95
17341;11;-1.91;41.95
17343;4;-1.31;41.95
17344;4;-1.20;41.95
17345;4;-0.94;41.95
17346;4;-0.62;41.95
17347;2;-0.35;41.95
17348;8;-0.31;41.95
17349;7;0.02;41.95
17350;4;0.08;41.95
17351;2;0.12;41.95
17353;3;0.29;41.95
17355;15;0.54;41.95
17356;4;0.69;41.95
17357;2;0.71;41.95
17358;4;0.72;41.95
17359;4;0.74;41.95
17360;6;0.76;41.95
17361;5;0.77;41.95
17362;4;0.78;41.95
17364;17;0.89;41.95
17365;11;0.96;41.95
17366;9;0.98;41.95
17367;6;0.99;41.95
17368;8;1.02;41.95
17369;8;1.04;41.95
17370;12;1.06;41.95
17371;8;1.08;41.95
17372;2;1.14;41.95
17373;3;1.15;41.95
17374;4;1.26;41.96
17378;2;1.81;41.95
17384;4;-4.45;41.96
17385;9;0.90;41.96
17386;4;-7.92;41.95
17387;4;-7.88;41.95
17388;3;-2.70;41.95
17389;13;-1.98;41.97
17391;11;-0.69;41.96
17392;10;-0.23;41.96
17393;9;-0.16;41.96
17394;4;-6.43;41.95
17395;5;-3.43;41.95
17396;8;-2.68;41.96
17397;2;1.69;41.95
17399;4;-7.38;41.95
17401;12;-4.08;41.94
17402;9;-3.50;41.94
17403;9;-3.05;41.96
17404;8;-2.75;41.94
17405;16;-2.49;41.94
17406;9;-2.03;41.94
17407;8;-1.08;41.95
17408;7;-0.65;41.96
17409;9;0.62;41.94
17410;6;0.66;41.94
17411;6;0.80;41.94
17412;17;0.84;41.95
17413;2;1.75;41.95
17414;2;2.73;41.95
17415;4;-8.08;41.94
17416;5;-7.76;41.94
17417;4;-7.73;41.94
17418;4;-7.42;41.94
17419;5;-7.19;41.94
17420;4;-6.64;41.94
17421;8;-6.53;41.94
17425;3;-4.44;41.94
17427;3;-4.40;41.94
17428;3;-4.30;41.94
17431;5;-3.73;41.94
17433;7;-3.43;41.94
17434;3;-3.41;41.94
17435;4;-3.34;41.94
17436;4;-3.27;41.94
17437;2;-3.23;41.94
17439;9;-3.11;41.94
17442;3;-2.84;41.94
17443;3;-2.53;41.94
17444;9;-2.51;41.94
17445;3;-2.50;41.94
17447;6;-2.05;41.94
17448;3;-1.96;41.94
17451;4;-1.34;41.94
17453;4;-1.02;41.94
17454;3;-0.93;41.94
17455;4;-0.64;41.94
17457;11;-0.23;41.94
17458;7;0.01;41.94
17459;2;0.10;41.94
17460;4;0.14;41.94
17462;9;0.57;41.94
17464;2;0.72;41.94
17465;4;0.73;41.94
17466;8;0.82;41.94
17467;15;0.85;41.94
17468;13;0.97;41.94
17469;11;0.99;41.94
17470;8;1.06;41.94
17471;6;1.08;41.94
17472;2;1.31;41.96
17474;4;2.15;41.94
17478;4;2.51;41.94
17479;4;-1.46;42.08
17480;4;-0.04;41.98
17481;11;-0.26;41.94
17482;13;-0.13;41.95
17484;5;-7.66;41.95
17485;3;-4.42;41.93
17486;2;-3.53;41.94
17487;11;-1.94;41.94
17489;10;-0.34;41.97
17490;11;-0.12;41.93
17491;9;0.77;41.94
17492;4;1.04;41.94
17493;2;1.12;41.94
17495;4;2.32;41.93
17496;4;-8.13;41.93
17497;4;-8.11;41.93
17498;4;-7.79;41.93
17500;4;-7.45;41.93
17501;4;-6.67;41.93
17506;3;-4.35;41.93
17508;4;-3.50;41.93
17509;5;-3.43;41.93
17511;8;-2.85;41.93
17512;8;-2.77;41.93
17513;3;-2.67;41.93
17514;8;-2.65;41.93
17515;3;-2.54;41.93
17516;3;-2.51;41.93
17517;16;-2.50;41.93
17520;7;-2.03;41.93
17521;11;-2.00;41.93
17522;13;-1.96;41.93
17523;11;-1.91;41.93
17524;3;-1.80;41.93
17525;8;-1.58;41.93
17527;4;-1.24;41.93
17528;11;-1.07;41.93
17531;4;-0.41;41.93
17532;11;-0.22;41.93
17533;11;-0.15;41.93
17534;2;0.09;41.93
17538;8;0.45;41.93
17540;12;0.53;41.93
17541;6;0.68;41.93
17542;11;0.79;41.93
17543;13;0.80;41.93
17544;14;0.82;41.93
17545;15;0.84;41.93
17546;15;0.86;41.93
17547;15;0.92;41.93
17548;7;0.98;41.93
17549;13;0.99;41.93
17550;10;1.04;41.93
17551;13;1.06;41.93
17552;9;1.08;41.93
17553;7;1.09;41.93
17554;2;1.25;41.93
17558;2;1.80;41.93
17559;8;0.42;41.95
17560;8;-2.57;41.95
17561;4;-3.18;41.95
17562;4;0.48;41.93
17563;12;0.49;41.94
17564;2;1.50;42.03
17565;9;-7.34;41.93
17566;13;-6.37;41.94
17567;7;-4.12;41.95
17569;3;-2.26;41.93
17570;11;-2.02;41.93
17571;3;-1.99;41.93
17572;4;-1.71;41.97
17573;7;-0.94;41.93
17575;17;0.95;41.93
17576;4;-7.95;41.93
17578;3;-4.14;41.93
17579;4;-3.45;41.93
17580;7;-3.39;41.93
17581;4;-3.31;41.93
17585;8;-0.61;41.94
17586;7;0.02;41.93
17588;4;0.35;41.93
17589;7;0.63;41.93
17591;4;0.67;41.93
17594;5;-8.23;41.92
17595;9;-8.22;41.92
17596;5;-8.17;41.92
17597;4;-8.15;41.92
17599;9;-7.79;41.92
17600;4;-7.68;41.92
17604;4;-7.46;41.92
17605;4;-7.42;41.92
17606;5;-7.31;41.94
17607;4;-7.23;41.93
17608;4;-6.43;41.92
17610;8;-6.23;41.94
17615;3;-4.28;41.92
17616;5;-3.84;41.92
17617;4;-3.56;41.92
17618;6;-3.51;41.92
17619;4;-3.36;41.92
17620;2;-3.08;41.93
17622;2;-3.04;41.92
17623;5;-2.98;41.92
17624;3;-2.83;41.92
17626;5;-2.76;41.98
17627;8;-2.74;41.92
17628;3;-2.61;41.96
17629;12;-2.53;41.92
17630;16;-2.51;41.92
17631;13;-2.00;41.92
17632;11;-1.99;41.92
17633;11;-1.96;41.92
17634;3;-1.81;41.92
17637;4;-1.20;41.92
17638;3;-1.04;41.92
17641;2;-0.45;41.92
17642;2;-0.40;41.92
17643;2;-0.34;41.92
17644;11;-0.28;41.92
17645;13;-0.25;41.93
17646;9;-0.22;41.92
17647;4;-0.21;41.92
17648;8;-0.13;41.92
17649;4;0.21;41.92
17651;15;0.55;41.92
17653;3;0.61;41.92
17656;7;0.79;41.92
17657;15;0.80;41.92
17658;7;0.89;41.92
17659;7;0.94;41.92
17661;13;1.01;41.92
17662;13;1.04;41.92
17663;14;1.08;41.92
17664;2;1.24;41.92
17665;2;1.28;41.92
17669;6;2.39;41.92
17671;11;-2.21;41.96
17672;21;-1.61;41.94
17674;5;-2.35;41.97
17675;4;0.53;41.94
17677;10;1.01;41.93
17678;9;-2.35;41.93
17679;8;-0.70;41.93
17680;9;-7.75;41.93
17681;4;-7.48;41.93
17682;9;-7.18;41.94
17683;8;-6.44;41.93
17684;8;-6.34;41.92
17685;9;-4.02;41.95
17686;3;-1.00;41.92
17688;13;-0.29;41.93
17689;2;0.85;41.92
17690;4;-7.83;41.92
17691;4;-7.72;41.92
17692;4;-7.63;41.93
17693;5;-7.19;41.92
17695;3;-4.11;41.91
17696;5;-3.40;41.92
17697;7;-2.25;41.93
17698;4;-2.11;41.94
17699;11;-1.80;41.92
17702;6;-1.19;41.92
17704;11;0.78;41.92
17705;17;0.99;41.92
17706;2;1.71;41.92
17707;4;-7.96;41.91
17708;9;-7.76;41.91
17709;4;-7.61;41.91
17711;4;-7.51;41.91
17712;8;-6.46;41.91
17713;4;-6.45;41.91
17714;13;-6.34;41.91
17716;4;-6.26;41.91
17720;4;-4.48;41.91
17721;7;-4.13;41.91
17722;9;-3.79;42.00
17723;4;-3.62;41.91
17724;8;-3.60;41.91
17725;4;-3.59;41.91
17726;4;-3.33;41.91
17728;6;-3.26;41.91
17729;9;-3.23;41.91
17730;9;-3.18;41.91
17731;5;-3.11;41.91
17735;5;-2.75;41.91
17736;5;-2.59;41.91
17737;5;-2.57;41.91
17738;9;-2.53;41.91
17740;7;-2.29;41.91
17741;8;-2.02;41.91
17742;10;-1.96;41.91
17743;3;-1.93;41.91
17744;11;-1.84;41.95
17745;8;-1.23;41.91
17746;3;-1.02;41.91
17748;3;-0.93;41.91
17749;8;-0.66;41.91
17751;9;-0.30;41.91
17752;11;-0.25;41.91
17753;7;-0.22;41.91
17755;12;0.48;41.91
17756;12;0.53;41.91
17757;15;0.59;41.91
17758;7;0.60;41.91
17759;11;0.61;41.91
17760;4;0.71;41.92
17761;15;0.79;41.91
17762;15;0.82;41.91
17763;15;0.96;41.91
17765;14;1.01;41.91
17766;18;1.05;41.91
17767;2;1.44;41.94
17768;4;1.57;41.93
17769;2;1.60;41.91
17773;7;-5.02;41.93
17774;11;-5.06;41.93
17775;7;-0.89;41.94
17776;4;1.11;41.94
17777;5;-8.20;41.93
17778;4;-6.29;41.94
17779;4;-3.24;41.92
17780;7;0.75;41.92
17781;13;-1.92;41.93
17782;8;-1.47;41.93
17784;5;-8.18;41.91
17785;9;-8.18;41.92
17786;4;-7.89;41.92
17787;9;-7.82;41.91
17788;4;-7.21;41.91
17790;4;-5.84;41.98
17791;2;-2.72;41.91
17792;12;-2.46;41.91
17793;3;-2.42;41.91
17794;6;-1.32;41.94
17795;3;-1.05;41.91
17796;4;-0.04;41.91
17798;12;1.09;41.91
17799;2;1.27;41.91
17800;4;-8.22;41.90
17801;12;-7.96;41.90
17802;7;-7.94;41.90
17803;7;-7.92;41.90
17804;9;-7.79;41.90
17805;4;-7.46;41.90
17807;4;-7.23;41.90
17808;9;-7.19;41.90
17809;4;-6.43;41.90
17811;13;-6.35;41.90
17813;4;-6.24;41.90
17814;8;-6.22;41.90
17815;8;-6.20;41.90
17816;4;-5.76;41.90
17819;4;-3.41;41.90
17820;2;-3.40;41.90
17821;4;-3.39;41.90
17827;5;-2.73;41.90
17830;3;-1.08;41.90
17831;3;-0.90;41.91
17832;5;-0.78;41.90
17835;2;-0.38;41.90
17836;4;-0.16;41.90
17837;4;0.54;41.91
17838;7;0.57;41.92
17840;7;0.59;41.90
17841;9;0.61;41.90
17843;15;0.78;41.90
17844;7;0.83;41.91
17845;4;0.87;41.90
17846;7;0.89;41.90
17848;15;0.98;41.90
17849;12;0.99;41.90
17850;8;1.01;41.90
17851;5;1.33;41.90
17852;2;1.40;41.90
17853;4;1.63;41.93
17855;4;2.13;41.90
17857;2;2.30;41.90
17860;13;-5.29;41.95
17861;9;0.02;41.92
17862;7;-0.02;41.92
17863;7;-4.36;41.95
17865;2;-3.46;41.91
17866;13;-2.43;41.93
17867;10;-0.13;41.91
17868;8;0.47;41.91
17869;4;-7.56;41.92
17870;5;-6.36;41.90
17872;16;-2.40;41.90
17874;13;-1.97;41.90
17875;4;-0.95;41.90
17876;4;0.19;41.90
17877;12;0.51;41.90
17878;4;0.64;41.91
17880;2;1.81;41.90
17881;12;-8.01;41.90
17882;5;-7.12;41.94
17885;2;-2.80;41.90
17886;3;-2.50;41.90
17887;15;-2.39;41.90
17888;13;-2.35;41.90
17889;8;-1.24;41.90
17890;13;-0.72;41.90
17891;11;-0.62;41.91
17892;7;0.02;41.90
17893;2;0.11;41.90
17894;4;0.49;41.90
17895;8;0.63;41.90
17896;7;0.69;41.90
17897;3;0.73;41.90
17898;4;-8.15;41.90
17899;4;-8.05;41.89
17900;5;-8.00;41.89
17901;12;-7.99;41.89
17902;12;-7.94;41.89
17903;4;-7.91;41.89
17904;9;-7.76;41.89
17910;8;-6.21;41.89
17913;16;-5.26;41.91
17914;5;-5.23;41.89
17915;7;-5.06;41.89
17916;11;-5.02;41.89
17921;4;-3.42;41.89
17922;4;-3.40;41.89
17924;3;-3.22;41.89
17925;9;-3.20;41.90
17926;7;-3.04;41.89
17927;12;-2.47;41.89
17928;16;-2.43;41.89
17929;18;-2.41;41.89
17930;7;-1.88;41.89
17931;9;-1.83;41.89
17934;8;-0.09;41.95
17935;4;-0.03;41.89
17936;3;0.00;41.89
17939;4;0.57;41.89
17940;12;0.58;41.89
17942;12;0.61;41.89
17943;7;0.65;41.89
17944;3;0.66;41.89
17945;7;0.73;41.89
17947;3;0.77;41.90
17948;7;0.78;41.89
17949;19;0.80;41.89
17950;14;0.85;41.89
17951;5;1.12;41.89
17952;7;1.28;41.89
17953;8;1.37;41.89
17954;16;1.40;41.89
17955;7;1.41;41.89
17956;8;1.42;41.89
17958;4;2.17;41.89
17959;3;0.33;41.91
17960;4;-3.28;41.90
17963;4;-7.33;41.89
17964;8;-5.37;42.04
17965;7;-4.93;41.91
17966;7;-2.18;41.90
17967;11;-2.01;41.90
17968;10;-1.21;41.90
17969;4;-0.68;41.91
17970;9;-0.26;41.90
17971;7;0.28;41.93
17973;4;-7.65;41.89
17974;4;-6.43;41.89
17975;8;-6.41;41.89
17976;8;-6.25;41.89
17977;4;-6.16;41.93
17978;13;-5.79;41.89
17979;9;-5.76;41.89
17980;4;-5.75;41.89
17981;4;-5.68;41.90
17983;8;-4.80;41.89
17984;5;-2.68;41.89
17987;4;0.84;41.89
17988;17;0.92;41.90
17989;14;0.99;41.89
17990;15;1.01;41.89
17992;4;-8.21;41.88
17993;4;-8.15;41.88
17994;7;-8.02;41.88
17995;12;-8.00;41.88
17996;4;-7.67;41.88
17997;4;-7.46;41.88
17999;4;-7.19;41.88
18000;9;-6.46;41.88
18001;8;-6.45;41.88
18003;4;-6.31;41.89
18007;8;-5.74;41.88
18008;8;-5.70;41.88
18009;10;-5.58;41.88
18010;3;-4.95;41.88
18012;4;-3.35;41.88
18013;7;-3.24;41.88
18017;5;-2.72;41.88
18019;3;-2.40;41.88
18020;9;-2.33;41.88
18021;9;-2.29;41.88
18022;4;-1.83;41.88
18023;17;-1.82;41.88
18024;9;-1.81;41.88
18025;6;-1.78;41.88
18026;8;-1.22;41.88
18027;4;-0.97;41.88
18029;9;-0.72;41.88
18030;2;-0.38;41.88
18031;2;-0.18;41.88
18032;2;-0.16;41.88
18033;11;-0.08;41.89
18035;4;0.00;41.88
18037;6;0.13;41.92
18039;15;0.57;41.88
18040;7;0.58;41.88
18041;4;0.61;41.88
18042;11;0.72;41.88
18043;11;0.74;41.88
18044;7;0.76;41.88
18045;15;0.79;41.89
18046;4;0.80;41.88
18047;6;0.89;41.88
18048;12;0.98;41.89
18049;18;1.02;41.88
18050;13;1.12;41.88
18052;5;1.25;41.88
18053;8;1.35;41.88
18054;7;1.38;41.89
18056;9;-0.77;41.93
18058;3;-2.45;41.89
18061;12;-3.22;41.88
18062;4;-0.84;41.93
18063;3;-0.62;41.89
18064;4;-8.04;41.88
18065;5;-7.99;41.91
18066;5;-6.28;41.88
18068;7;-3.07;41.88
18069;2;-2.76;41.88
18070;9;-2.53;41.89
18071;13;-2.39;41.88
18072;5;-2.26;41.88
18074;3;0.65;41.88
18075;8;0.73;41.88
18076;12;0.87;41.88
18077;14;0.91;41.88
18078;4;0.92;41.88
18081;5;-8.00;41.87
18082;12;-7.98;41.87
18084;7;-7.93;41.87
18085;4;-7.88;41.87
18086;4;-7.47;41.87
18088;4;-7.32;41.87
18089;9;-7.21;41.87
18090;5;-6.46;41.87
18091;9;-6.43;41.87
18092;5;-6.34;41.87
18093;5;-6.26;41.87
18094;14;-6.12;41.87
18096;5;-5.75;41.87
18097;5;-5.44;41.87
18098;4;-4.79;41.87
18099;4;-4.55;41.87
18101;7;-4.43;41.87
18102;5;-3.20;41.87
18103;7;-3.10;41.87
18104;16;-2.41;41.88
18106;3;-2.29;41.87
18107;9;-2.28;41.87
18108;7;-1.80;41.87
18109;10;-1.78;41.87
18112;5;-0.73;41.88
18113;2;-0.31;41.87
18114;9;0.03;41.87
18115;10;0.07;41.88
18118;4;0.53;41.87
18119;15;0.55;41.87
18121;8;0.78;41.87
18122;10;0.90;41.87
18123;14;0.95;41.87
18124;4;0.98;41.87
18125;12;0.99;41.87
18126;13;1.01;41.87
18128;8;1.37;41.87
18129;16;1.39;41.87
18130;2;1.88;41.87
18132;4;2.30;41.87
18136;4;2.27;41.96
18137;5;-2.63;41.89
18138;7;-1.05;41.90
18139;5;-7.80;41.90
18140;9;-3.93;41.89
18141;4;-3.50;41.89
18142;8;-2.09;41.88
18143;5;-7.30;41.88
18144;11;-4.95;41.88
18145;3;-4.92;41.88
18146;16;0.82;41.88
18147;16;1.06;41.89
18149;11;-5.39;41.87
18150;8;-5.38;41.88
18151;11;-5.34;41.88
18152;5;-2.47;41.87
18153;7;-0.65;41.88
18154;4;-7.61;41.88
18155;9;-7.49;41.87
18157;7;-1.83;41.87
18158;4;-1.82;41.87
18160;3;-0.98;41.87
18161;4;-0.12;41.87
18162;7;0.61;41.87
18164;12;0.80;41.87
18165;12;0.85;41.87
18167;16;1.42;41.88
18168;2;2.14;41.87
18169;2;2.74;41.87
18170;7;-8.00;41.87
18171;5;-7.98;41.87
18172;3;-7.94;41.87
18173;4;-7.90;41.87
18174;4;-7.84;41.87
18178;4;-7.34;41.87
18179;9;-7.24;41.87
18180;5;-6.24;41.87
18181;3;-6.00;41.87
18182;8;-5.80;41.87
18183;10;-5.78;41.87
18184;8;-5.77;41.87
18185;5;-5.71;41.87
18186;10;-5.56;41.87
18187;5;-5.42;41.87
18193;3;-2.31;41.87
18194;4;-2.15;41.87
18196;5;-0.81;41.87
18197;3;-0.58;41.87
18199;4;-0.31;41.87
18200;2;-0.28;41.87
18204;12;0.54;41.88
18205;15;0.63;41.87
18206;11;0.72;41.87
18207;17;0.82;41.87
18209;12;0.91;41.87
18210;14;0.92;41.87
18211;14;0.99;41.87
18212;8;1.01;41.87
18213;4;1.02;41.87
18215;5;1.24;41.87
18216;2;2.32;41.88
18217;4;2.46;41.87
18218;2;-3.15;41.89
18219;11;-5.25;41.88
18221;5;-6.14;41.87
18223;2;-0.17;41.87
18224;15;0.59;41.87
18225;19;0.60;41.87
18227;5;-7.26;41.88
18228;5;-6.21;41.86
18229;4;-3.41;41.86
18231;9;-2.58;41.87
18232;5;-2.27;41.86
18233;4;-0.69;41.86
18234;3;-0.63;41.86
18235;7;-0.61;41.86
18237;7;0.56;41.87
18239;12;0.96;41.86
18240;2;2.70;41.86
18241;4;-8.11;41.86
18242;4;-8.09;41.86
18243;9;-8.07;41.86
18244;4;-8.05;41.86
18245;7;-7.99;41.86
18246;4;-7.85;41.86
18247;9;-7.27;41.86
18248;7;-6.10;41.86
18249;7;-6.06;41.86
18251;4;-4.55;41.86
18253;4;-4.17;41.86
18255;4;-3.43;41.86
18256;4;-3.38;41.86
18259;9;-2.62;41.86
18260;12;-2.32;41.86
18261;14;-2.29;41.86
18262;4;-2.12;41.86
18265;4;-0.59;41.86
18266;7;-0.57;41.86
18269;15;0.54;41.86
18270;15;0.57;41.86
18271;15;0.61;41.86
18272;3;0.63;41.86
18274;7;0.72;41.86
18275;13;0.81;41.86
18276;17;0.83;41.86
18277;8;0.85;41.86
18278;8;0.92;41.86
18280;4;1.01;41.86
18282;5;1.28;41.86
18283;8;1.36;41.86
18284;5;1.42;41.86
18287;2;2.28;41.86
18289;15;-1.86;41.88
18290;11;-1.94;41.88
18291;7;-0.54;41.89
18293;9;-3.16;41.86
18294;3;-2.50;41.86
18296;7;-6.01;41.86
18297;9;-2.54;41.86
18299;15;0.68;41.87
18301;8;1.39;41.87
18303;9;-7.53;41.85
18304;9;-7.29;41.87
18305;13;-6.40;41.87
18306;7;-5.32;41.86
18308;12;-3.20;41.86
18309;7;-3.03;41.85
18311;4;-0.83;41.85
18312;11;0.03;41.85
18314;9;-7.51;41.85
18315;4;-7.33;41.85
18316;4;-6.57;42.00
18317;12;-6.09;41.85
18318;7;-6.08;41.85
18319;8;-5.84;41.85
18320;5;-5.76;41.85
18322;12;-3.15;41.85
18323;3;-3.09;41.85
18324;7;-3.05;41.85
18325;4;-2.96;41.85
18326;4;-2.83;41.85
18327;4;-2.79;41.85
18328;5;-2.56;41.85
18329;16;-2.42;41.85
18330;12;-2.31;41.85
18332;4;-1.38;41.85
18335;2;-0.21;41.85
18336;4;-0.11;41.85
18338;11;0.01;41.85
18340;11;0.70;41.85
18341;9;0.77;41.85
18342;5;1.29;41.85
18343;2;2.29;41.85
18344;2;2.71;41.85
18347;5;-7.51;41.86
18348;5;-3.25;41.86
18349;6;-0.32;41.93
18350;5;-2.73;41.86
18351;9;-2.67;41.85
18352;9;-2.52;41.85
18353;3;-0.55;41.85
18354;13;1.07;41.85
18355;9;-8.09;41.84
18356;4;-7.61;41.84
18357;14;-3.21;41.84
18358;12;-2.49;41.87
18359;4;-1.84;41.84
18360;9;-0.22;41.84
18362;2;1.75;41.86
18364;4;-8.15;41.86
18365;4;-8.11;41.84
18366;9;-8.06;41.84
18368;4;-7.35;41.84
18369;4;-7.32;41.84
18370;8;-6.50;41.84
18371;12;-6.48;41.84
18373;8;-6.09;41.84
18374;5;-5.73;41.84
18375;10;-5.61;41.84
18379;2;-3.45;41.84
18380;3;-3.26;41.84
18381;12;-3.22;41.84
18382;5;-3.20;41.84
18383;5;-3.09;41.84
18384;7;-3.01;41.84
18386;4;-2.80;41.84
18387;9;-2.72;41.84
18388;5;-2.70;41.84
18389;5;-2.53;41.84
18390;12;-2.46;41.84
18391;18;-2.41;41.85
18392;13;-2.37;41.84
18393;7;-1.84;41.84
18397;7;-0.55;41.84
18398;7;-0.53;41.84
18400;7;-0.21;41.84
18402;8;1.43;41.84
18404;2;1.72;41.84
18406;2;2.09;41.84
18409;4;-1.46;41.89
18410;8;-1.34;41.87
18411;12;0.64;41.85
18412;15;-2.37;41.86
18413;15;-1.80;41.85
18414;4;-7.40;41.88
18415;7;-5.39;41.84
18416;9;-0.81;41.84
18417;9;-0.74;41.85
18418;9;-0.18;41.84
18419;2;-3.34;41.88
18420;11;-2.32;41.88
18421;5;-0.78;41.85
18422;11;0.58;41.84
18423;15;0.61;41.84
18425;3;-6.06;41.85
18426;7;-6.06;41.83
18427;4;-3.66;41.87
18428;9;-3.24;41.83
18429;2;-3.18;41.83
18430;7;-3.10;41.83
18431;7;-3.08;41.83
18432;4;-2.90;41.84
18433;2;-2.77;41.84
18434;12;-2.43;41.83
18435;4;-1.88;41.83
18436;8;-1.37;41.84
18438;12;-0.72;41.83
18442;2;2.30;41.83
18444;12;-8.04;41.83
18445;7;-8.02;41.84
18446;4;-7.57;41.84
18447;4;-7.43;41.83
18448;12;-6.50;41.83
18450;4;-4.82;41.83
18451;4;-4.49;41.87
18454;4;-3.64;41.83
18455;6;-3.26;41.83
18456;14;-3.23;41.83
18457;12;-3.21;41.83
18458;11;-3.20;41.83
18460;3;-3.09;41.83
18461;4;-2.98;41.83
18462;4;-2.96;41.83
18464;4;-2.85;41.83
18465;4;-2.79;41.83
18467;12;-2.70;41.83
18468;3;-2.67;41.83
18470;9;-2.63;41.83
18471;9;-2.60;41.83
18472;9;-2.57;41.83
18473;13;-2.35;41.83
18474;14;-2.32;41.83
18475;4;-2.12;41.83
18476;15;-1.84;41.83
18477;4;-1.81;41.83
18480;3;-1.56;41.83
18484;8;-1.17;41.86
18485;5;-0.82;41.83
18486;4;-0.53;41.83
18490;11;0.57;41.83
18494;3;-4.38;41.86
18495;8;-5.81;41.84
18496;16;-5.44;41.85
18498;4;-2.06;41.85
18499;11;-1.68;41.83
18500;4;-0.52;41.95
18502;14;-2.46;41.84
18503;7;-1.99;41.84
18504;11;-1.92;41.83
18505;9;-6.46;41.84
18506;10;-5.62;41.82
18508;15;-1.89;41.82
18510;2;1.74;41.82
18511;4;-8.11;41.82
18512;4;-7.40;41.82
18513;17;-6.46;41.82
18514;5;-6.28;41.82
18515;5;-6.26;41.82
18516;5;-6.18;41.82
18517;12;-6.10;41.82
18519;8;-6.01;41.82
18521;3;-5.40;41.82
18526;6;-3.24;41.82
18527;5;-3.18;41.82
18528;7;-3.17;41.82
18530;7;-3.09;41.82
18531;7;-3.05;41.82
18532;7;-3.02;41.82
18533;11;-3.01;41.82
18534;3;-2.75;41.82
18536;12;-2.48;41.82
18538;4;-2.35;41.82
18540;7;-2.23;41.82
18541;4;-2.10;41.82
18542;3;-2.02;41.82
18543;7;-1.82;41.83
18545;7;-1.42;41.82
18546;4;-1.32;41.82
18548;12;-0.73;41.82
18549;7;-0.51;41.82
18550;3;-0.50;41.82
18560;5;1.23;41.82
18565;2;2.70;41.82
18566;2;2.73;41.82
18567;7;-1.64;41.87
18568;8;-4.99;41.84
18570;2;1.93;41.84
18571;10;-1.26;41.86
18572;5;0.85;41.83
18573;5;-8.07;41.83
18574;5;-7.24;41.84
18575;6;-1.24;41.82
18576;5;-0.21;41.82
18577;16;1.37;41.84
18578;9;-8.05;41.82
18579;8;-6.51;41.82
18580;5;-6.23;41.81
18581;9;-5.98;41.82
18582;10;-5.80;41.82
18583;4;-4.83;41.82
18585;5;-2.78;41.82
18586;3;-2.69;41.82
18587;11;-2.66;41.82
18588;9;-0.82;41.82
18589;5;-0.81;41.82
18590;9;-0.78;41.82
18594;4;1.06;41.82
18595;4;-8.15;41.81
18596;9;-8.09;41.81
18597;4;-7.41;41.81
18598;5;-6.20;41.81
18599;12;-6.01;41.83
18601;7;-4.77;41.81
18607;9;-3.17;41.81
18608;3;-3.07;41.81
18610;3;-2.77;41.81
18611;11;-2.72;41.81
18614;12;-2.46;41.81
18615;3;-2.45;41.81
18618;7;-2.07;41.81
18619;7;-2.05;41.81
18620;11;-1.90;41.81
18621;3;-1.87;41.81
18622;4;-1.77;41.81
18623;8;-1.73;41.88
18624;4;-1.68;41.81
18626;4;-1.19;41.81
18627;3;-1.17;41.81
18628;4;-0.87;41.82
18629;9;-0.80;41.81
18631;13;-0.73;41.81
18632;7;-0.49;41.81
18633;4;0.00;41.81
18634;2;0.07;41.81
18638;4;0.91;41.81
18640;4;1.16;41.85
18642;6;1.91;41.81
18644;2;2.18;41.81
18647;4;-0.60;41.83
18648;4;0.74;41.84
18650;8;1.03;41.83
18651;8;0.51;41.84
18653;9;-3.23;41.81
18654;5;-2.83;41.82
18655;13;-2.55;41.81
18656;3;-2.49;41.81
18657;10;-2.38;41.81
18660;13;-0.15;41.82
18661;9;0.79;41.83
18663;8;-6.48;41.81
18664;9;-6.43;41.81
18665;4;-5.34;41.82
18667;5;-3.01;41.81
18668;12;-2.51;41.81
18669;6;-2.33;41.81
18670;11;-1.86;41.81
18671;2;2.00;41.81
18673;9;-6.40;41.80
18674;5;-6.25;41.80
18675;5;-6.15;41.80
18676;12;-6.03;41.80
18677;5;-6.00;41.80
18678;10;-5.63;41.80
18680;4;-4.88;41.80
18684;9;-3.15;41.80
18685;7;-3.09;41.80
18686;3;-3.05;41.80
18687;8;-2.97;41.80
18688;3;-2.79;41.80
18689;13;-2.70;41.80
18690;11;-2.69;41.80
18691;5;-2.67;41.80
18692;3;-2.66;41.80
18693;13;-2.61;41.81
18694;15;-2.58;41.80
18697;4;-2.31;41.80
18698;9;-2.24;41.80
18699;7;-2.18;41.80
18700;4;-1.88;41.80
18701;11;-1.75;41.80
18703;4;-1.30;41.80
18704;4;-1.25;41.80
18705;6;-1.19;41.80
18707;9;-0.79;41.80
18708;13;-0.76;41.81
18709;16;-0.72;41.81
18710;3;-0.65;41.82
18711;7;-0.55;41.80
18712;8;-0.12;41.80
18718;4;0.92;41.83
18719;2;1.98;41.80
18723;2;2.75;41.80
18724;25;-5.83;41.83
18725;7;-0.04;41.85
18726;4;0.20;41.85
18727;22;-5.74;41.83
18728;8;-0.09;41.81
18730;8;-6.02;41.81
18731;7;-2.86;41.81
18732;2;-0.30;41.82
18734;4;-6.52;41.82
18735;13;-6.45;41.80
18736;8;-5.88;41.87
18737;4;-5.10;41.85
18738;9;-2.27;41.81
18739;9;-1.64;41.80
18741;7;0.19;41.82
18742;4;-5.97;41.88
18743;5;-2.64;41.80
18744;3;-2.46;41.80
18745;12;-2.44;41.80
18746;12;-2.40;41.80
18747;3;-2.23;41.85
18748;7;-2.12;41.80
18749;4;-1.76;41.80
18751;7;-1.63;41.80
18752;4;-1.21;41.80
18753;9;-0.20;41.80
18754;10;-0.12;41.82
18755;4;0.14;41.80
18756;4;0.41;41.85
18758;7;-6.52;41.79
18759;17;-6.40;41.82
18760;9;-6.39;41.79
18761;9;-6.35;41.79
18762;5;-6.16;41.79
18763;14;-6.15;41.83
18765;10;-5.81;41.79
18766;5;-5.64;41.79
18771;4;-3.45;41.79
18773;7;-3.18;41.79
18774;7;-3.15;41.79
18775;9;-3.13;41.79
18776;3;-3.01;41.79
18777;8;-2.98;41.79
18778;4;-2.89;41.79
18779;2;-2.63;41.79
18780;15;-2.62;41.79
18781;2;-2.60;41.79
18782;15;-2.59;41.79
18783;15;-2.56;41.79
18784;3;-2.51;41.79
18785;8;-2.39;41.79
18786;6;-2.29;41.80
18787;4;-2.28;41.79
18788;3;-2.21;41.79
18789;3;-2.13;41.79
18790;3;-1.90;41.79
18791;7;-1.89;41.79
18792;3;-1.88;41.79
18793;7;-1.87;41.79
18794;4;-1.84;41.79
18796;7;-1.75;41.79
18797;8;-1.72;41.79
18798;4;-1.29;41.79
18800;9;-1.14;41.79
18801;3;-1.13;41.79
18802;3;-1.10;41.79
18804;6;-0.23;41.79
18805;7;-0.19;41.79
18806;9;-0.18;41.79
18807;11;-0.07;41.82
18809;2;0.01;41.79
18810;7;0.23;41.79
18815;2;1.99;41.79
18820;2;2.74;41.79
18821;4;-1.38;41.81
18822;7;-1.07;41.81
18823;7;-2.79;41.80
18824;4;-2.32;41.79
18825;11;-1.67;41.79
18826;8;-0.87;41.79
18828;13;0.06;41.83
18829;2;0.10;41.79
18831;13;1.09;41.79
18832;7;-3.05;41.79
18835;7;-2.05;41.79
18836;11;-1.74;41.79
18837;4;-6.56;41.78
18838;4;-6.39;41.78
18840;8;-6.20;41.78
18841;4;-6.12;41.78
18842;11;-6.00;41.78
18843;3;-5.97;41.78
18844;15;-5.89;41.78
18845;5;-5.83;41.78
18846;16;-5.77;41.78
18848;8;-4.84;41.79
18849;11;-4.81;41.78
18853;4;-3.27;41.78
18854;7;-3.08;41.78
18855;5;-3.07;41.78
18856;8;-2.99;41.78
18857;8;-2.97;41.78
18858;8;-2.95;41.78
18859;2;-2.89;41.78
18861;5;-2.79;41.78
18862;3;-2.70;41.78
18863;14;-2.42;41.81
18864;7;-2.30;41.78
18865;3;-2.28;41.78
18866;7;-2.13;41.78
18867;9;-2.12;41.78
18868;3;-2.10;41.78
18869;7;-2.09;41.78
18871;7;-1.88;41.78
18872;4;-1.82;41.78
18874;4;-1.72;41.78
18876;6;-1.19;41.78
18877;3;-1.15;41.78
18880;9;-1.07;41.78
18882;13;-0.05;41.78
18883;2;-0.01;41.78
18884;2;0.05;41.79
18885;11;0.17;41.78
18888;4;0.58;41.78
18891;3;1.23;41.78
18894;2;1.93;41.78
18895;2;1.96;41.78
18896;2;2.18;41.79
18900;2;1.67;41.85
18902;3;-0.55;41.78
18904;9;-6.28;41.78
18905;13;-5.99;41.78
18906;17;-5.91;41.78
18907;8;-5.78;41.78
18909;3;-3.18;41.80
18910;3;-3.05;41.78
18911;5;-3.01;41.78
18912;14;-2.40;41.78
18915;3;-1.60;41.84
18918;17;-0.06;41.78
18920;7;-6.56;41.77
18921;4;-6.37;41.77
18922;3;-6.02;41.77
18923;3;-6.00;41.77
18924;8;-5.81;41.78
18925;4;-5.06;41.77
18927;4;-4.69;41.77
18931;7;-3.07;41.77
18933;3;-2.69;41.77
18935;7;-2.24;41.79
18936;7;-2.12;41.77
18938;4;-1.86;41.77
18939;7;-1.75;41.77
18940;8;-1.70;41.79
18945;11;-0.04;41.78
18946;4;0.04;41.77
18947;8;0.08;41.77
18948;4;0.09;41.77
18951;8;0.63;41.77
18953;2;1.92;41.77
18955;2;2.11;41.77
18961;7;-3.23;41.78
18962;3;-0.48;41.79
18964;9;-1.15;41.78
18965;17;1.00;41.78
18966;8;-6.22;41.77
18967;8;-4.89;41.78
18968;3;-2.44;41.77
18969;3;-0.71;41.78
18970;8;-0.13;41.78
18971;14;-0.09;41.77
18972;5;-5.42;41.79
18975;11;-1.82;41.77
18976;4;-1.74;41.77
18977;13;-1.65;41.78
18980;4;-6.40;41.77
18981;4;-6.35;41.77
18982;9;-6.34;41.77
18983;11;-5.97;41.77
18984;3;-5.96;41.77
18985;5;-5.76;41.77
18986;4;-5.04;41.78
18987;8;-4.83;41.77
18988;11;-4.81;41.77
18990;4;-4.72;41.77
18991;4;-4.68;41.77
18997;5;-3.20;41.77
18998;9;-3.09;41.77
18999;7;-3.05;41.77
19000;8;-2.99;41.77
19002;7;-2.09;41.77
19003;9;-2.08;41.77
19004;11;-1.70;41.77
19005;10;-1.69;41.77
19006;9;-1.63;41.77
19007;7;-1.57;41.77
19010;3;-0.75;41.77
19011;4;0.08;41.77
19015;4;1.78;41.77
19017;6;1.90;41.77
19018;4;2.01;41.77
19021;7;-1.42;41.79
19022;18;-6.26;41.83
19023;11;-3.02;41.78
19024;3;-1.45;41.78
19025;16;-5.86;41.77
19026;12;-2.41;41.77
19027;6;0.25;41.77
19028;15;-5.92;41.77
19029;3;-4.77;41.78
19033;10;-1.19;41.77
19034;8;-0.78;41.78
19035;5;-5.83;41.76
19036;7;-4.80;41.76
19037;4;-3.56;41.76
19038;5;-2.75;41.79
19039;7;-2.05;41.76
19042;13;-0.03;41.76
19044;6;1.92;41.76
19045;7;-6.56;41.76
19046;4;-6.47;41.76
19047;13;-5.99;41.76
19048;3;-5.94;41.76
19049;17;-5.90;41.76
19050;8;-5.78;41.76
19053;8;-4.82;41.76
19054;4;-4.73;41.76
19055;4;-4.69;41.76
19059;4;-3.86;41.76
19060;4;-3.59;41.76
19062;9;-3.08;41.76
19063;3;-2.50;41.76
19064;12;-2.46;41.76
19065;8;-2.35;41.76
19066;7;-2.24;41.76
19068;7;-1.70;41.76
19069;3;-1.66;41.76
19070;7;-1.64;41.76
19071;3;-1.57;41.76
19072;4;-1.54;41.76
19073;4;-1.51;41.76
19074;4;-1.31;41.76
19075;8;-1.17;41.76
19078;3;-0.73;41.76
19079;11;-0.72;41.76
19086;12;1.23;41.78
19087;5;1.38;41.77
19088;3;-1.86;41.76
19089;9;-6.32;41.76
19090;3;-1.72;41.76
19091;7;-1.60;41.76
19093;6;-1.09;41.76
19094;15;-5.95;41.75
19095;7;-4.77;41.75
19096;3;-1.79;41.79
19097;7;-1.74;41.75
19098;7;-1.56;41.75
19099;11;-0.73;41.78
19100;4;-0.37;41.75
19102;4;-6.41;41.75
19103;15;-5.90;41.75
19104;8;-5.83;41.75
19105;5;-5.82;41.75
19106;20;-5.78;41.76
19107;5;-5.71;41.75
19109;4;-4.70;41.75
19112;5;-3.18;41.75
19114;7;-3.11;41.75
19115;7;-2.82;41.75
19116;3;-2.75;41.75
19117;11;-2.70;41.75
19118;3;-2.52;41.75
19120;8;-2.37;41.75
19121;7;-2.08;41.75
19122;3;-1.89;41.75
19123;11;-1.80;41.75
19124;7;-1.77;41.75
19125;7;-1.65;41.75
19126;11;-1.41;41.76
19128;4;-1.30;41.75
19131;8;-0.75;41.75
19132;7;-0.69;41.80
19134;4;-0.35;41.75
19137;8;-0.05;41.75
19142;4;1.99;41.75
19143;2;2.20;41.75
19145;7;-6.06;41.77
19147;13;-2.60;41.77
19148;4;-3.29;41.79
19149;3;-2.06;41.78
19150;10;-2.37;41.76
19151;12;-6.38;41.77
19152;4;-6.19;41.77
19153;11;-3.21;41.75
19154;7;-3.15;41.76
19155;7;-2.77;41.76
19157;16;-2.54;41.75
19158;14;-2.42;41.75
19159;6;-2.33;41.76
19160;3;-2.23;41.75
19162;11;-5.99;41.74
19163;17;-5.93;41.75
19164;8;-3.25;41.74
19165;8;-2.97;41.75
19166;13;-2.57;41.74
19167;7;-2.28;41.74
19168;4;-1.82;41.75
19172;4;1.76;41.75
19173;4;2.03;41.74
19174;4;-6.43;41.74
19175;22;-6.31;41.78
19176;18;-6.25;41.74
19177;3;-6.10;41.74
19178;15;-5.99;41.74
19179;15;-5.94;41.74
19180;17;-5.90;41.74
19181;8;-5.82;41.74
19183;4;-3.33;41.74
19185;11;-3.11;41.74
19186;7;-3.10;41.74
19187;7;-2.85;41.74
19188;7;-2.79;41.74
19189;11;-2.72;41.76
19190;3;-2.68;41.75
19191;11;-2.65;41.76
19192;12;-2.49;41.77
19194;8;-2.38;41.74
19195;10;-2.36;41.74
19196;7;-2.18;41.75
19197;3;-1.82;41.74
19198;3;-1.80;41.74
19200;3;-1.62;41.74
19201;7;-1.58;41.74
19202;8;-1.30;41.74
19203;8;-1.14;41.74
19209;3;-0.42;41.74
19210;11;-0.38;41.74
19211;4;0.06;41.74
19212;4;0.09;41.74
19214;2;0.25;41.74
19218;8;1.77;41.74
19221;8;1.82;41.75
19223;8;1.86;41.74
19226;4;0.11;41.75
19227;6;-0.03;41.74
19228;4;-2.89;41.73
19229;7;-1.90;41.76
19230;9;-1.66;41.74
19231;4;-1.31;41.73
19233;8;-0.70;41.73
19234;6;0.00;41.73
19235;2;2.04;41.87
19236;9;-6.26;41.73
19237;7;-6.10;41.73
19238;5;-5.43;41.73
19243;5;-3.82;41.73
19244;4;-3.54;41.73
19245;3;-3.35;41.73
19250;11;-2.88;41.73
19251;13;-2.86;41.73
19252;6;-2.74;41.73
19254;11;-2.50;41.73
19255;3;-2.45;41.74
19257;13;-2.40;41.73
19258;14;-2.30;41.73
19259;12;-2.28;41.73
19260;7;-2.27;41.73
19261;7;-2.12;41.73
19263;11;-1.86;41.73
19264;3;-1.81;41.73
19265;7;-1.71;41.73
19266;3;-1.70;41.73
19267;7;-1.68;41.73
19268;3;-1.63;41.73
19269;7;-1.56;41.73
19270;12;-1.32;41.73
19272;10;-1.14;41.73
19275;8;-0.05;41.73
19276;2;-0.02;41.74
19283;17;-5.96;41.74
19284;5;-3.07;41.82
19286;4;-4.77;41.73
19287;12;-1.25;41.74
19288;8;-0.82;41.73
19289;10;-0.09;41.74
19290;2;2.68;41.74
19291;4;-3.47;41.77
19294;9;-6.29;41.72
19295;18;-6.28;41.73
19296;5;-5.78;41.72
19297;5;-3.76;41.73
19298;16;-3.04;41.72
19299;7;-2.99;41.72
19300;4;-2.96;41.73
19301;3;-2.51;41.73
19302;15;-2.38;41.73
19303;4;-1.76;41.73
19304;7;-1.62;41.72
19305;8;-1.28;41.73
19306;10;-1.14;41.74
19307;7;-0.40;41.73
19309;8;0.65;41.73
19310;8;0.66;41.78
19313;4;1.85;41.72
19315;15;-5.91;41.73
19316;16;-5.83;41.72
19317;8;-5.81;41.72
19318;4;-5.10;41.73
19319;4;-3.94;41.72
19320;5;-3.79;41.72
19321;2;-3.08;41.72
19322;16;-3.01;41.72
19323;2;-2.98;41.72
19324;4;-2.92;41.72
19326;11;-2.43;41.72
19328;5;-2.37;41.72
19329;14;-2.28;41.72
19330;9;-2.27;41.72
19331;4;-2.22;41.72
19332;12;-2.00;41.72
19333;8;-1.97;41.72
19334;12;-1.93;41.72
19335;7;-1.75;41.72
19336;6;-1.64;41.72
19337;4;-1.49;41.72
19338;11;-1.33;41.72
19339;15;-1.32;41.72
19340;4;-1.29;41.72
19341;4;-1.26;41.72
19342;4;-1.20;41.72
19344;14;-1.13;41.72
19345;8;-1.07;41.72
19351;8;-0.06;41.72
19353;10;-0.04;41.72
19354;6;-0.02;41.72
19355;4;0.06;41.72
19356;5;0.08;41.72
19359;8;0.60;41.72
19361;8;1.75;41.72
19362;8;1.96;41.72
19363;8;1.98;41.72
19364;6;2.15;41.72
19365;6;2.17;41.72
19367;4;2.93;41.72
19368;13;-5.48;41.79
19369;16;-5.80;41.74
19370;12;-5.86;41.74
19371;8;-5.26;41.78
19372;16;-6.52;41.75
19373;2;0.31;41.75
19374;9;-2.20;41.73
19375;9;-6.33;41.73
19376;14;-6.24;41.73
19377;4;-6.15;41.72
19378;17;-5.99;41.72
19379;11;-2.78;41.72
19380;11;-0.37;41.72
19381;4;2.93;41.82
19382;18;-6.31;41.72
19383;5;-3.83;41.71
19384;5;-2.83;41.75
19385;5;-2.80;41.72
19386;5;-1.95;41.72
19387;9;-1.58;41.72
19388;8;-0.65;41.72
19390;4;0.53;41.75
19391;13;0.87;41.75
19393;4;1.87;41.77
19394;4;2.09;41.71
19395;6;2.11;41.72
19396;8;-6.46;41.71
19397;9;-6.28;41.71
19398;5;-6.21;41.71
19399;15;-5.97;41.72
19400;3;-5.90;41.71
19401;5;-5.70;41.71
19402;5;-5.59;41.71
19403;9;-5.19;41.71
19409;13;-3.07;41.71
19410;16;-3.05;41.71
19411;5;-3.04;41.71
19412;16;-3.03;41.71
19413;5;-3.01;41.71
19414;2;-2.99;41.71
19415;4;-2.89;41.71
19416;11;-2.88;41.71
19417;3;-2.85;41.71
19418;3;-2.78;41.71
19419;3;-2.66;41.71
19420;5;-2.46;41.71
19421;5;-2.32;41.71
19422;12;-1.97;41.71
19423;9;-1.76;41.71
19424;6;-1.67;41.71
19426;4;-1.62;41.71
19428;11;-1.34;41.71
19429;15;-1.33;41.71
19430;4;-1.27;41.71
19432;8;-0.70;41.71
19436;7;-0.37;41.71
19438;10;-0.06;41.71
19439;13;-0.05;41.71
19440;3;-0.04;41.71
19441;9;-0.02;41.71
19442;4;0.02;41.71
19443;5;0.04;41.71
19444;8;0.61;41.71
19446;4;0.92;41.71
19447;8;1.94;41.71
19448;6;2.26;41.71
19450;2;2.44;41.71
19451;4;2.87;41.71
19452;17;-5.74;41.74
19453;3;-0.55;41.72
19454;8;-6.42;41.74
19455;8;-1.32;41.76
19456;8;-0.34;41.72
19457;4;-4.46;41.74
19458;11;-3.25;41.72
19459;11;-2.51;41.71
19460;3;-2.16;41.72
19462;6;0.25;41.72
19463;4;-4.98;41.71
19464;7;-2.07;41.71
19465;2;-1.77;41.71
19468;4;1.76;41.71
19469;2;2.42;42.03
19470;8;-6.13;41.71
19471;5;-5.81;41.71
19474;4;-2.98;41.71
19475;2;-3.00;41.93
19476;13;-2.79;41.70
19478;5;-2.39;41.71
19479;7;-1.78;41.71
19480;4;-1.25;41.71
19481;8;-1.09;41.71
19483;8;-0.09;41.71
19484;3;0.00;41.70
19486;2;0.26;41.70
19487;8;1.92;41.70
19488;6;1.99;41.71
19489;21;-6.35;41.70
19490;5;-6.34;41.70
19491;12;-6.31;41.70
19492;12;-6.28;41.70
19493;18;-6.26;41.71
19494;5;-6.25;41.70
19495;9;-6.18;41.71
19496;13;-6.15;41.70
19498;15;-6.00;41.70
19499;17;-5.94;41.70
19500;15;-5.93;41.70
19501;16;-5.86;41.71
19502;5;-5.85;41.70
19503;8;-5.83;41.70
19504;20;-5.78;41.70
19505;5;-5.21;41.71
19506;5;-5.18;41.71
19508;5;-3.77;41.70
19511;3;-3.33;41.70
19512;13;-3.08;41.70
19513;2;-3.07;41.70
19514;8;-2.99;41.70
19515;4;-2.92;41.70
19517;2;-2.88;41.70
19518;3;-2.64;41.70
19520;4;-2.20;41.70
19521;12;-2.01;41.70
19522;12;-1.99;41.70
19523;5;-1.93;41.70
19525;7;-1.58;41.70
19527;15;-1.34;41.70
19529;4;-1.10;41.70
19531;5;-0.94;41.70
19533;10;-0.09;41.70
19534;11;-0.05;41.70
19536;8;0.17;41.74
19539;8;1.96;41.70
19540;8;1.98;41.70
19544;2;2.29;41.70
19545;2;2.31;41.70
19547;4;2.86;41.70
19548;8;-4.13;41.71
19549;4;-4.01;42.10
19550;3;-3.26;41.70
19551;7;-2.14;41.70
19552;7;-1.56;41.70
19553;4;-0.82;41.70
19554;7;-6.53;41.70
19556;8;-5.65;41.70
19557;4;-3.95;41.70
19559;3;-2.76;41.70
19561;7;-2.11;41.70
19563;7;-0.36;41.70
19564;9;0.07;41.70
19565;4;1.83;41.70
19566;4;2.04;41.70
19567;2;2.50;41.70
19568;21;-6.34;41.69
19569;12;-6.33;41.69
19570;8;-6.25;41.69
19571;9;-6.22;41.69
19572;5;-6.21;41.69
19573;14;-6.18;41.69
19574;18;-6.15;41.69
19575;20;-6.12;41.69
19577;11;-6.06;41.71
19578;3;-5.84;41.69
19579;15;-5.77;41.69
19582;9;-3.57;41.69
19583;11;-3.27;41.69
19585;4;-2.89;41.69
19586;3;-2.88;41.69
19587;5;-2.85;41.69
19589;5;-2.37;41.69
19590;4;-2.19;41.69
19591;3;-2.06;41.69
19592;5;-1.80;41.70
19593;9;-1.78;41.69
19594;7;-1.77;41.69
19597;8;-1.10;41.69
19599;8;-0.66;41.69
19600;20;0.13;41.69
19601;4;0.25;41.69
19605;4;1.78;41.69
19606;8;1.80;41.71
19608;2;2.32;41.69
19609;13;-3.10;41.71
19610;14;-2.00;41.70
19611;4;-3.67;41.71
19612;2;-1.71;41.70
19613;2;-3.09;41.69
19614;7;-2.65;41.70
19615;13;-2.40;41.69
19616;4;-1.64;41.70
19617;11;-1.34;41.70
19618;8;2.05;41.71
19619;12;-6.35;41.69
19620;13;-6.14;41.69
19621;8;-4.84;41.69
19625;3;-2.62;41.69
19626;4;-1.23;41.69
19627;8;-0.70;41.69
19628;15;0.22;41.69
19629;9;0.74;41.69
19630;2;2.36;41.69
19631;17;-6.25;41.68
19632;13;-6.24;41.68
19633;4;-6.22;41.68
19634;18;-6.13;41.68
19636;8;-5.73;41.68
19641;4;-3.62;41.68
19642;2;-3.11;41.68
19643;3;-2.84;41.68
19644;8;-2.53;41.68
19646;4;-2.20;41.68
19647;16;-2.00;41.68
19648;6;-1.53;41.68
19649;4;-1.52;41.68
19652;5;-0.91;41.68
19653;9;-0.87;41.68
19654;16;0.02;41.68
19657;5;0.93;41.68
19658;4;1.80;41.68
19659;8;1.93;41.68
19662;8;-2.57;41.71
19663;8;-1.19;41.70
19664;9;-0.93;41.70
19666;8;-1.94;41.69
19667;7;-1.60;41.69
19668;11;-1.28;41.69
19669;8;-1.26;41.69
19670;9;-0.84;41.70
19671;7;-0.41;41.69
19672;12;-5.74;41.69
19673;3;-2.66;41.68
19674;4;-0.09;41.68
19675;18;-6.20;41.68
19676;11;-3.25;41.68
19677;4;-2.70;41.71
19678;11;-2.47;41.68
19679;3;-1.55;41.68
19683;21;-6.35;41.67
19684;12;-6.33;41.67
19685;17;-6.27;41.67
19686;12;-6.25;41.67
19687;4;-6.24;41.67
19688;22;-6.17;41.68
19689;5;-5.59;41.67
19690;5;-5.19;41.67
19691;4;-3.94;41.67
19694;9;-3.83;41.67
19696;13;-3.11;41.67
19697;13;-3.08;41.67
19698;3;-2.85;41.67
19700;11;-2.50;41.67
19701;3;-2.40;41.67
19702;13;-2.38;41.68
19703;3;-2.07;41.67
19704;16;-1.96;41.67
19705;12;-1.93;41.67
19707;9;-1.61;41.67
19708;4;-1.53;41.67
19709;4;-1.51;41.67
19712;4;-1.25;41.67
19714;7;-1.23;41.67
19715;4;-1.10;41.67
19718;3;-0.41;41.67
19719;3;-0.26;41.67
19721;3;-0.06;41.67
19726;4;1.75;41.67
19727;4;1.78;41.67
19728;4;1.87;41.67
19729;8;1.90;41.67
19730;8;2.00;41.67
19731;8;2.04;41.67
19733;8;2.18;41.67
19734;7;0.00;41.68
19735;9;-1.74;41.69
19737;4;-2.89;41.67
19738;3;-2.76;41.67
19739;7;-2.65;41.67
19740;3;-2.46;41.67
19742;3;-1.57;41.67
19743;5;-0.92;41.67
19746;21;-6.30;41.68
19747;17;-6.28;41.66
19748;10;-6.06;41.66
19752;9;-3.73;41.66
19754;4;-2.98;41.66
19755;3;-2.86;41.66
19756;4;-2.66;41.66
19758;3;-2.05;41.66
19759;4;-1.65;41.66
19760;9;-1.62;41.66
19761;9;-1.59;41.66
19764;15;-1.21;41.66
19765;8;-0.19;41.66
19766;7;-0.06;41.66
19767;9;0.02;41.66
19769;4;1.77;41.66
19771;8;2.01;41.66
19773;4;-6.45;41.68
19774;4;-3.55;41.70
19775;3;-2.46;41.69
19776;7;-0.04;41.68
19777;4;-4.93;41.67
19778;8;-4.91;41.67
19779;6;-3.93;41.68
19780;5;-3.57;41.67
19781;7;-1.31;41.68
19782;12;-1.15;41.68
19783;8;-0.58;41.67
19785;20;0.12;41.67
19787;3;-2.64;41.66
19788;11;-2.61;41.69
19789;5;-1.78;41.67
19790;5;-1.72;41.66
19792;13;-6.22;41.66
19794;8;-2.58;41.66
19795;15;-2.36;41.69
19796;7;-1.60;41.66
19797;3;-0.05;41.66
19798;8;2.19;41.66
19799;17;-6.29;41.66
19800;10;-6.08;41.66
19801;12;-6.06;41.66
19802;10;-5.88;41.66
19803;5;-5.83;41.66
19804;5;-5.26;41.66
19805;5;-5.17;41.66
19808;2;-4.12;41.66
19809;9;-3.83;41.66
19810;9;-3.72;41.66
19812;4;-2.91;41.66
19814;3;-2.81;41.67
19815;4;-2.69;41.66
19817;8;-2.53;41.66
19819;4;-2.24;41.66
19820;7;-2.10;41.66
19821;3;-2.08;41.66
19822;8;-1.97;41.66
19823;16;-1.93;41.66
19824;4;-1.91;41.66
19825;3;-1.82;41.66
19826;3;-1.68;41.66
19827;9;-1.56;41.68
19828;6;-1.52;41.66
19830;15;-1.20;41.66
19831;8;-1.17;41.66
19833;4;-1.03;41.66
19834;3;-0.24;41.66
19836;3;0.17;41.66
19839;4;1.81;41.66
19841;5;-3.77;41.68
19843;11;-2.82;41.67
19844;7;-1.82;41.69
19845;22;-6.13;41.66
19846;13;-5.68;41.72
19848;18;-1.99;41.66
19849;9;-3.80;41.66
19850;13;-3.05;41.67
19851;11;-2.31;41.69
19852;7;-2.13;41.66
19853;8;-1.09;41.65
19854;4;2.25;41.66
19856;13;-3.58;41.65
19857;4;-3.38;41.65
19858;8;-3.18;41.69
19859;4;-2.74;41.65
19860;11;-2.50;41.65
19861;11;-2.42;41.67
19862;13;-2.38;41.65
19863;8;-1.94;41.65
19866;10;-6.02;41.65
19867;10;-5.92;41.65
19868;10;-5.89;41.65
19869;5;-5.86;41.65
19870;5;-5.37;41.65
19874;4;-3.87;41.68
19877;5;-3.59;41.65
19878;9;-3.55;41.65
19879;4;-3.41;41.65
19882;4;-3.18;41.65
19883;4;-2.93;41.65
19884;8;-2.90;41.65
19885;4;-2.66;41.65
19886;8;-2.63;41.65
19887;4;-2.58;41.65
19888;8;-2.52;41.65
19889;11;-2.46;41.65
19890;3;-2.45;41.65
19891;5;-2.35;41.65
19892;2;-2.25;41.65
19893;2;-2.16;41.65
19894;9;-2.15;41.73
19895;8;-2.02;41.65
19896;8;-1.88;41.65
19897;8;-1.81;41.65
19899;3;-1.74;41.65
19900;2;-1.67;41.65
19901;6;-1.56;41.65
19902;4;-1.55;41.65
19903;3;-1.53;41.65
19904;7;-1.52;41.65
19905;9;-1.51;41.65
19907;15;-1.19;41.65
19908;4;-1.01;41.65
19909;4;-0.81;41.65
19910;8;-0.56;41.65
19912;3;-0.02;41.66
19913;3;0.19;41.65
19920;3;-3.34;41.66
19921;11;-5.82;41.67
19922;5;-4.61;41.68
19923;7;-1.75;41.65
19924;13;0.07;41.67
19925;29;-6.10;41.65
19926;8;-4.76;41.69
19927;9;-0.95;41.65
19929;12;1.90;41.65
19930;21;-6.26;41.65
19931;4;-4.96;41.65
19932;15;-1.13;41.65
19933;4;-4.14;41.67
19935;9;-1.91;41.64
19936;4;-1.87;41.69
19937;8;-1.84;41.64
19940;8;-1.18;41.64
19942;12;-6.25;41.64
19943;10;-6.03;41.64
19944;10;-5.90;41.64
19945;4;-4.80;41.64
19946;8;-4.68;41.66
19947;4;-4.17;41.64
19948;4;-4.15;41.64
19949;2;-4.13;41.64
19950;3;-3.94;41.64
19951;7;-3.90;41.64
19952;4;-3.73;41.64
19953;4;-3.54;41.64
19954;3;-3.41;41.64
19955;3;-3.36;41.64
19957;3;-3.17;41.64
19959;7;-2.96;41.64
19960;3;-2.95;41.64
19961;8;-2.85;41.64
19962;4;-2.50;41.64
19963;4;-2.46;41.64
19965;4;-2.22;41.64
19966;13;-1.93;41.64
19967;3;-1.80;41.64
19968;7;-1.78;41.64
19969;3;-1.77;41.64
19970;3;-1.72;41.64
19972;9;-1.52;41.64
19973;7;-1.51;41.64
19974;3;-1.48;41.64
19977;3;-1.17;41.64
19978;4;-1.08;41.64
19982;4;-0.28;41.64
19988;9;-5.22;41.67
19989;25;-6.06;41.66
19990;4;-5.09;41.66
19994;8;-4.85;41.64
19996;10;-1.85;41.63
19997;3;-1.70;41.64
19998;11;-1.15;41.64
19999;5;-0.85;41.65
20000;8;-0.74;41.64
20001;9;1.24;41.74
20002;4;-3.64;41.63
20003;7;-3.45;41.63
20004;3;-3.29;41.64
20005;8;-2.45;41.63
20006;3;-2.02;41.63
20007;3;-1.95;41.63
20008;6;-1.64;41.66
20010;8;-0.79;41.63
20011;8;-0.46;41.63
20012;3;0.20;41.63
20013;9;0.91;41.66
20014;5;-6.00;41.63
20015;5;-5.18;41.63
20017;9;-4.69;41.63
20020;4;-3.71;41.63
20022;4;-3.51;41.63
20023;7;-3.41;41.63
20024;3;-3.39;41.63
20027;7;-3.02;41.63
20029;8;-2.86;41.63
20031;4;-2.19;41.63
20032;3;-2.12;41.63
20033;4;-1.75;41.63
20037;6;-1.61;41.63
20038;3;-1.52;41.63
20039;15;-1.13;41.63
20041;4;-1.05;41.64
20042;5;-0.87;41.63
20043;4;-0.82;41.63
20047;8;-0.05;41.63
20052;4;1.02;41.67
20054;4;1.15;41.63
20055;8;1.83;41.63
20056;12;1.90;41.63
20058;4;2.20;41.64
20059;18;-5.60;41.76
20060;9;-5.46;41.66
20061;11;-0.22;41.65
20062;11;-1.21;41.64
20063;8;1.88;41.64
20064;8;-3.63;41.65
20065;4;-6.23;41.64
20067;3;-2.99;41.63
20068;11;-2.91;41.63
20072;4;0.80;41.67
20074;11;-3.47;41.62
20076;9;-1.49;41.63
20077;7;-0.27;41.64
20078;11;0.12;41.62
20079;4;-6.18;41.62
20080;20;-6.03;41.66
20081;12;-5.81;41.62
20082;8;-5.13;41.62
20083;4;-4.85;41.62
20084;3;-3.96;41.62
20085;7;-3.90;41.62
20086;4;-3.48;41.62
20087;3;-3.46;41.62
20089;7;-3.42;41.62
20090;3;-3.14;41.62
20091;7;-2.96;41.62
20093;8;-1.86;41.62
20094;7;-1.67;41.62
20095;5;-1.63;41.62
20096;4;-1.61;41.62
20098;9;-1.52;41.62
20099;7;-1.51;41.62
20100;8;-1.19;41.62
20101;5;-0.81;41.62
20105;7;-0.05;41.62
20107;4;0.27;41.65
20109;4;0.32;41.62
20110;9;0.77;41.62
20111;6;0.82;41.62
20113;13;0.86;41.62
20116;5;-6.32;41.63
20118;4;-0.07;41.64
20119;4;0.04;41.63
20120;15;0.17;41.65
20121;24;-6.08;41.62
20122;16;-5.84;41.63
20123;7;-3.85;41.63
20124;13;-1.97;41.63
20125;7;-1.24;41.63
20126;4;1.85;41.63
20127;25;-6.25;41.62
20128;5;-4.72;41.62
20129;7;-2.94;41.62
20130;11;-2.00;41.62
20131;4;-1.91;41.62
20132;10;-5.98;41.61
20133;11;-5.86;41.61
20136;3;-3.41;41.61
20138;8;-1.89;41.61
20139;3;-1.80;41.62
20140;7;-1.16;41.62
20141;11;-1.11;41.62
20142;4;-1.08;41.61
20143;9;-0.82;41.61
20144;3;-0.07;41.61
20145;7;0.25;41.61
20146;4;1.63;41.61
20149;17;-6.17;41.63
20150;11;-6.08;41.61
20151;7;-5.78;41.63
20152;5;-5.55;41.61
20153;4;-4.66;41.61
20155;5;-3.97;41.61
20157;3;-3.45;41.61
20158;3;-2.90;41.62
20160;4;-2.20;41.61
20161;11;-2.12;41.61
20162;11;-2.05;41.61
20163;8;-1.91;41.61
20164;11;-1.85;41.61
20165;11;-1.81;41.61
20166;6;-1.72;41.62
20167;3;-1.52;41.61
20168;3;-1.48;41.61
20170;3;-1.17;41.61
20172;11;-0.28;41.61
20173;4;-0.25;41.61
20174;8;-0.10;41.61
20175;11;-0.09;41.61
20176;7;-0.06;41.61
20177;7;-0.03;41.61
20178;8;0.01;41.61
20179;11;0.02;41.61
20180;3;0.16;41.61
20181;3;0.21;41.61
20182;8;0.34;41.61
20183;6;0.73;41.61
20187;8;0.91;41.61
20189;8;1.84;41.61
20190;12;1.91;41.61
20191;8;2.13;41.61
20192;18;-5.95;41.66
20193;4;-3.81;41.62
20194;8;-2.41;41.62
20195;10;-5.92;41.61
20196;5;-3.91;41.62
20198;9;-3.87;41.61
20201;8;2.16;41.62
20202;4;2.18;41.61
20203;4;-4.82;41.61
20204;5;-4.78;41.61
20205;5;-4.74;41.61
20206;2;-4.09;41.61
20209;3;-3.48;41.61
20210;11;-3.46;41.61
20211;3;-3.36;41.61
20213;3;-3.03;41.61
20214;4;-2.50;41.61
20215;4;-2.46;41.61
20216;5;-1.66;41.61
20217;11;-6.24;41.60
20218;15;-6.22;41.60
20219;11;-6.21;41.60
20220;10;-5.94;41.60
20222;9;-4.69;41.60
20224;5;-3.98;41.60
20226;7;-3.92;41.60
20227;9;-3.90;41.60
20228;7;-3.85;41.60
20229;9;-3.84;41.60
20230;6;-3.83;41.60
20231;10;-3.80;41.60
20232;4;-3.51;41.60
20236;11;-2.03;41.60
20237;13;-1.93;41.60
20238;8;-1.90;41.60
20240;3;-1.86;41.60
20241;11;-1.82;41.60
20242;7;-1.72;41.60
20243;7;-1.64;41.60
20244;4;-1.61;41.60
20247;7;-1.10;41.60
20248;11;-1.06;41.61
20250;10;-0.72;41.60
20251;8;-0.63;41.65
20252;11;-0.10;41.60
20253;15;-0.09;41.60
20254;3;0.19;41.60
20255;3;0.22;41.60
20256;3;0.25;41.60
20257;8;0.28;41.60
20259;5;0.50;41.60
20261;5;0.58;41.61
20263;4;1.11;41.61
20264;4;1.62;41.60
20266;4;1.76;41.60
20267;4;1.84;41.60
20268;4;2.13;41.60
20269;4;-0.96;41.85
20270;4;-0.29;41.70
20271;4;-2.79;41.62
20272;7;-1.54;41.61
20273;7;-0.68;41.62
20274;3;-0.30;41.61
20275;11;-0.45;41.61
20276;3;-3.26;41.60
20277;9;-0.69;41.60
20278;3;-0.05;41.60
20279;22;-5.99;41.60
20280;14;-5.97;41.60
20281;13;-3.45;41.60
20282;3;-3.12;41.60
20284;3;-1.14;41.60
20285;11;-0.64;41.62
20286;15;0.02;41.60
20287;3;0.03;41.60
20288;5;0.61;41.60
20290;4;1.79;41.60
20292;8;-6.22;41.59
20293;4;-6.01;41.59
20294;10;-5.89;41.59
20295;10;-5.87;41.59
20296;5;-5.86;41.59
20297;5;-5.12;41.59
20299;9;-4.72;41.59
20300;5;-4.68;41.59
20301;7;-3.94;41.59
20302;11;-3.91;41.59
20303;13;-3.89;41.59
20304;9;-3.87;41.59
20305;5;-3.86;41.59
20306;7;-3.84;41.59
20307;4;-3.83;41.59
20308;10;-3.81;41.59
20309;10;-3.78;41.59
20311;7;-3.48;41.59
20315;3;-2.98;41.59
20316;11;-2.14;41.59
20317;5;-2.02;41.59
20318;11;-2.01;41.59
20319;13;-1.94;41.59
20320;10;-1.87;41.59
20321;11;-1.86;41.59
20324;3;-1.43;41.59
20326;13;-0.78;41.59
20329;8;-0.63;41.59
20330;15;-0.60;41.59
20331;11;-0.26;41.59
20332;3;0.01;41.59
20333;8;0.31;41.60
20334;8;0.34;41.59
20336;5;0.54;41.59
20339;4;1.63;41.59
20341;4;1.74;41.59
20343;4;1.81;41.59
20344;4;2.16;41.59
20345;7;-0.41;41.61
20346;6;-1.60;41.60
20347;11;-0.33;41.60
20348;9;-3.95;41.60
20350;11;-2.90;41.60
20351;4;-2.39;41.60
20352;10;-1.90;41.59
20354;8;1.84;41.59
20355;11;-6.16;41.59
20356;2;-4.01;41.61
20357;6;-3.98;41.59
20361;4;-2.19;41.59
20362;11;-1.78;41.59
20363;7;-1.71;41.59
20366;14;-5.99;41.58
20367;11;-3.89;41.58
20368;2;-3.83;41.58
20370;4;-3.51;41.58
20371;3;-3.45;41.58
20372;3;-3.31;41.58
20374;3;-3.14;41.58
20376;3;-3.05;41.58
20377;4;-2.43;41.58
20380;4;-2.32;41.58
20381;4;-2.22;41.58
20382;5;-1.99;41.60
20383;8;-1.90;41.58
20384;11;-1.81;41.58
20387;7;-1.63;41.58
20389;8;-0.64;41.58
20390;11;-0.48;41.58
20391;11;-0.28;41.58
20392;3;0.04;41.58
20394;8;0.27;41.58
20395;5;0.55;41.58
20396;5;0.60;41.58
20397;11;0.73;41.58
20399;4;1.71;41.58
20400;4;1.82;41.58
20401;4;-4.81;41.87
20402;4;-4.99;41.61
20403;7;-1.46;41.60
20404;13;-0.76;41.60
20406;12;-0.58;41.62
20407;11;0.20;41.59
20408;15;-6.15;41.59
20409;18;-5.88;41.60
20410;5;0.72;41.58
20411;9;-3.85;41.58
20413;13;-1.82;41.59
20414;6;-1.53;41.58
20415;3;-1.07;41.58
20417;15;-0.58;41.58
20418;15;-0.31;41.58
20419;4;1.80;41.58
20420;11;-6.19;41.57
20421;4;-6.18;41.57
20422;11;-6.14;41.57
20424;14;-5.97;41.57
20425;14;-5.95;41.57
20426;4;-4.84;41.58
20427;9;-4.73;41.57
20428;4;-4.63;41.58
20429;6;-3.99;41.57
20430;10;-3.98;41.57
20432;11;-3.92;41.57
20433;10;-3.70;41.57
20437;4;-3.49;41.58
20439;3;-2.99;41.57
20440;7;-2.95;41.58
20441;7;-2.90;41.57
20442;3;-2.89;41.57
20445;6;-2.19;41.57
20446;8;-2.18;41.57
20447;11;-2.13;41.57
20448;11;-1.80;41.57
20449;7;-1.78;41.57
20451;7;-1.70;41.57
20453;4;-1.61;41.58
20455;6;-1.57;41.57
20456;4;-1.53;41.57
20457;7;-1.48;41.57
20460;7;-1.08;41.57
20461;12;-0.81;41.57
20462;5;-0.73;41.57
20464;8;0.33;41.57
20465;5;0.53;41.57
20469;4;1.62;41.57
20470;3;-2.08;41.59
20471;7;-0.47;41.59
20472;7;-0.09;41.58
20473;13;-3.08;41.57
20474;9;-1.68;41.63
20475;16;-0.78;41.57
20476;15;-0.44;41.58
20477;3;0.02;41.57
20478;5;-5.54;41.57
20479;4;-3.82;41.57
20480;10;-1.90;41.57
20481;11;-0.42;41.58
20482;4;-0.40;41.57
20484;12;1.79;41.57
20485;12;1.83;41.57
20486;11;-6.20;41.56
20487;4;-4.97;41.56
20488;5;-4.79;41.56
20490;8;-3.98;41.56
20491;10;-3.97;41.56
20492;6;-3.83;41.56
20493;10;-3.68;41.56
20496;2;-3.46;41.56
20497;3;-3.45;41.56
20498;3;-3.39;41.56
20501;5;-3.02;41.56
20503;11;-2.99;41.56
20504;10;-1.88;41.56
20505;9;-1.79;41.56
20507;6;-1.70;41.56
20508;7;-1.66;41.57
20509;4;-1.52;41.56
20511;4;-1.39;41.56
20515;13;-0.63;41.56
20516;4;-0.48;41.56
20518;8;0.31;41.56
20519;5;0.55;41.56
20520;11;0.73;41.56
20523;4;1.63;41.56
20524;4;1.73;41.56
20526;4;-3.57;41.59
20527;11;-0.04;41.58
20528;5;0.51;41.58
20529;15;0.01;41.57
20530;4;1.72;41.62
20532;4;-2.74;41.56
20533;4;-2.29;41.57
20535;4;-4.01;41.56
20537;7;-2.98;41.56
20538;5;-2.94;41.58
20539;8;-2.83;41.58
20540;4;-2.24;41.56
20541;10;-2.17;41.56
20542;11;-1.99;41.56
20543;4;-1.57;41.61
20544;4;0.36;41.56
20547;11;-6.15;41.56
20549;5;-5.52;41.56
20551;4;-5.02;41.56
20552;9;-4.72;41.56
20553;4;-4.63;41.56
20554;2;-4.14;41.56
20555;6;-4.00;41.56
20557;8;-3.96;41.56
20558;10;-3.83;41.56
20561;7;-3.56;41.56
20562;8;-3.48;41.56
20563;7;-3.30;41.62
20566;7;-2.94;41.56
20568;7;-2.89;41.56
20569;11;-2.80;41.56
20570;2;-2.44;41.56
20571;4;-2.32;41.56
20572;6;-2.25;41.56
20573;4;-2.20;41.56
20574;11;-2.15;41.56
20575;2;-1.94;41.56
20576;4;-1.61;41.56
20577;4;-1.43;41.56
20581;9;-0.73;41.56
20582;4;-0.45;41.56
20583;8;-0.44;41.56
20584;4;-0.42;41.56
20585;4;-0.38;41.56
20586;7;-0.07;41.56
20588;8;0.28;41.56
20589;5;0.59;41.56
20590;11;0.74;41.56
20591;8;0.97;41.56
20593;4;1.77;41.57
20594;12;1.78;41.56
20596;14;-5.79;41.58
20597;11;-1.94;41.58
20598;8;-0.18;41.63
20599;6;-1.53;41.56
20600;6;-1.41;41.56
20601;12;-6.00;41.56
20602;4;-1.74;41.58
20603;5;-4.75;41.56
20604;9;-4.69;41.55
20605;8;-3.72;41.59
20606;2;-3.43;41.56
20607;3;-3.37;41.56
20609;4;-0.55;41.55
20610;8;-0.03;41.55
20611;8;0.32;41.55
20612;11;-6.16;41.55
20613;11;-6.12;41.55
20615;9;-5.96;41.55
20616;5;-5.80;41.55
20617;5;-5.63;41.55
20618;5;-5.56;41.55
20620;9;-4.79;41.55
20621;9;-4.74;41.55
20623;3;-3.79;41.55
20624;8;-3.71;41.55
20626;10;-3.67;41.55
20627;10;-3.63;41.55
20628;13;-3.60;41.55
20631;3;-3.47;41.55
20633;3;-3.01;41.55
20634;8;-2.98;41.55
20635;8;-2.96;41.55
20636;3;-2.88;41.55
20637;11;-2.74;41.55
20638;3;-2.71;41.55
20639;3;-2.69;41.55
20640;9;-2.67;41.55
20641;7;-2.44;41.55
20642;3;-2.28;41.55
20643;5;-2.27;41.55
20644;5;-2.22;41.55
20645;9;-2.17;41.55
20646;13;-1.95;41.55
20647;4;-1.53;41.55
20648;9;-1.48;41.57
20649;7;-1.49;41.55
20650;7;-1.43;41.55
20653;4;-0.70;41.55
20654;13;-0.61;41.55
20655;3;0.00;41.55
20656;11;0.04;41.57
20658;4;0.38;41.55
20659;5;0.51;41.55
20660;6;0.72;41.55
20661;11;0.73;41.55
20663;8;0.90;41.55
20666;8;1.08;41.55
20668;4;1.79;41.55
20669;12;1.81;41.55
20670;4;2.05;41.66
20671;13;-5.34;41.62
20672;16;-5.10;41.58
20673;5;-0.83;41.58
20674;8;-4.96;41.57
20675;2;-4.08;41.56
20676;3;-1.81;41.55
20678;9;-0.63;41.55
20679;11;-3.11;41.59
20680;13;-1.92;41.55
20681;4;-0.92;41.57
20682;8;-0.80;41.55
20683;14;-5.97;41.55
20684;9;-5.83;41.55
20685;11;-3.56;41.55
20686;4;-1.09;41.55
20687;12;-0.75;41.55
20688;8;-2.93;41.54
20689;7;-2.86;41.54
20690;3;-2.47;41.54
20691;9;-2.20;41.54
20692;11;-2.10;41.54
20693;9;-2.03;41.54
20694;6;-2.01;41.54
20695;5;-1.98;41.55
20697;7;-0.57;41.55
20698;4;-0.53;41.54
20699;11;0.80;41.58
20700;8;1.01;41.54
20701;4;1.70;41.54
20702;4;2.07;41.54
20703;25;-5.99;41.54
20704;5;-5.33;41.54
20705;2;-4.11;41.54
20707;11;-3.92;41.54
20708;4;-3.71;41.54
20709;10;-3.68;41.54
20710;13;-3.61;41.54
20711;5;-3.58;41.54
20712;3;-3.45;41.54
20713;2;-3.43;41.54
20715;13;-3.40;41.54
20717;7;-2.88;41.54
20718;3;-2.77;41.54
20721;9;-2.69;41.54
20723;7;-2.64;41.54
20724;7;-2.48;41.54
20725;7;-2.40;41.54
20726;3;-2.27;41.54
20727;7;-2.16;41.54
20728;13;-2.10;41.54
20729;9;-1.97;41.54
20730;7;-1.96;41.54
20731;9;-1.95;41.54
20732;10;-1.90;41.54
20733;4;-1.75;41.54
20734;9;-1.43;41.54
20735;4;-1.42;41.54
20737;3;-0.87;41.54
20738;4;-0.69;41.54
20739;6;-0.68;41.56
20740;11;-0.60;41.56
20742;4;0.36;41.54
20743;13;0.88;41.58
20744;8;0.95;41.54
20745;8;1.00;41.59
20746;4;1.15;41.58
20749;8;1.71;41.54
20750;4;1.74;41.54
20751;12;1.76;41.54
20752;12;1.80;41.54
20753;4;1.81;41.54
20754;12;1.82;41.54
20755;4;2.18;41.54
20757;8;-5.70;41.59
20758;11;-3.41;41.57
20759;8;-5.46;41.58
20760;11;-1.85;41.55
20761;4;-1.66;41.55
20763;7;-3.36;41.54
20764;11;-1.94;41.54
20765;8;0.29;41.54
20766;4;2.26;41.54
20767;11;-6.10;41.53
20768;5;-5.39;41.53
20769;4;-4.69;41.53
20770;8;-3.70;41.53
20771;11;-3.63;41.53
20772;3;-3.42;41.53
20773;4;-2.02;41.53
20774;3;-1.12;41.53
20775;4;-0.55;41.53
20776;4;2.15;41.53
20777;5;-5.99;41.53
20778;5;-5.78;41.53
20780;5;-5.60;41.53
20781;5;-5.57;41.53
20782;5;-5.53;41.53
20784;4;-4.94;41.53
20787;4;-4.78;41.53
20788;5;-3.94;41.53
20789;11;-3.93;41.53
20790;5;-3.59;41.53
20791;11;-3.40;41.53
20792;13;-3.39;41.53
20794;11;-3.21;41.53
20795;8;-2.95;41.53
20796;3;-2.88;41.53
20797;11;-2.73;41.53
20799;7;-2.50;41.53
20800;3;-2.48;41.53
20802;7;-2.46;41.53
20803;2;-2.01;41.53
20804;4;-1.99;41.53
20805;5;-1.97;41.53
20806;3;-1.93;41.53
20807;7;-1.81;41.53
20809;4;-1.57;41.53
20810;11;-1.51;41.53
20811;10;-1.42;41.53
20812;4;-1.40;41.53
20813;3;-0.94;41.53
20814;7;-0.93;41.53
20815;3;-0.86;41.53
20816;9;-0.61;41.53
20819;4;-0.50;41.53
20820;8;-0.25;41.53
20823;5;0.55;41.53
20824;5;0.59;41.53
20825;6;0.79;41.53
20826;8;0.91;41.53
20827;8;0.96;41.53
20828;3;1.08;41.53
20829;8;1.67;41.54
20831;4;1.71;41.53
20832;12;1.79;41.53
20833;4;1.84;41.53
20834;4;2.07;41.53
20835;4;2.20;41.54
20836;8;-1.88;41.55
20837;11;-3.75;41.53
20838;3;-2.83;41.53
20839;8;-0.39;41.55
20840;22;-5.91;41.55
20841;5;-5.76;41.53
20842;8;-5.02;41.53
20843;6;-4.03;41.53
20844;13;-3.64;41.53
20845;11;-3.23;41.53
20846;11;-2.86;41.53
20847;7;-2.79;41.54
20848;3;-2.71;41.53
20849;11;-2.06;41.53
20850;5;-2.04;41.53
20852;15;-6.18;41.54
20853;18;-5.80;41.53
20854;4;-5.04;41.52
20857;4;-4.05;41.52
20858;2;-3.60;41.53
20860;4;-1.23;41.52
20861;4;-1.17;41.52
20862;8;0.89;41.52
20863;8;1.82;41.52
20864;4;-6.24;41.52
20865;24;-6.13;41.52
20866;25;-5.97;41.52
20867;5;-5.69;41.52
20870;11;-4.92;41.52
20871;7;-4.91;41.52
20872;3;-4.89;41.52
20874;3;-3.83;41.52
20877;13;-3.73;41.52
20878;7;-3.70;41.52
20879;13;-3.68;41.52
20880;3;-3.65;41.52
20882;13;-3.40;41.52
20886;11;-3.20;41.52
20887;3;-3.09;41.52
20889;3;-3.05;41.52
20890;11;-2.82;41.52
20892;13;-2.72;41.52
20893;9;-2.69;41.52
20894;7;-2.60;41.52
20896;9;-2.48;41.52
20897;7;-2.47;41.52
20898;4;-2.38;41.52
20899;11;-2.08;41.52
20900;9;-1.94;41.52
20901;13;-1.93;41.52
20903;7;-1.70;41.52
20904;4;-1.64;41.52
20907;8;-1.42;41.52
20908;5;-0.96;41.52
20909;3;-0.93;41.52
20911;4;-0.61;41.52
20912;8;-0.52;41.52
20913;10;-0.50;41.52
20914;8;-0.51;41.56
20915;8;-0.28;41.52
20917;4;0.73;41.52
20918;4;0.76;41.52
20920;4;0.79;41.52
20921;4;0.82;41.52
20922;8;0.95;41.52
20925;4;1.73;41.52
20926;4;1.81;41.52
20928;4;-4.87;41.54
20929;6;-1.59;41.54
20930;12;-0.31;41.54
20931;10;-3.98;41.53
20932;6;-3.71;41.52
20933;3;-3.67;41.52
20934;7;-2.67;41.52
20935;5;-2.28;41.52
20936;11;-1.90;41.52
20937;3;-0.90;41.52
20938;4;-0.66;41.52
20939;4;-4.99;41.52
20941;11;-3.66;41.51
20944;3;-2.76;41.52
20945;9;-2.03;41.51
20946;6;-2.02;41.52
20947;2;-1.99;41.52
20948;3;-1.95;41.52
20949;13;-1.90;41.51
20952;4;0.37;41.52
20953;20;-6.13;41.51
20955;12;-5.87;41.51
20956;14;-5.86;41.51
20957;12;-5.84;41.51
20958;9;-5.76;41.51
20959;5;-5.70;41.51
20960;5;-5.65;41.51
20963;5;-5.56;41.51
20964;3;-4.92;41.51
20965;3;-4.88;41.51
20967;3;-3.85;41.51
20968;11;-3.83;41.51
20969;13;-3.72;41.51
20970;11;-3.62;41.51
20971;3;-3.54;41.51
20972;8;-3.50;41.53
20973;13;-3.42;41.51
20974;11;-3.41;41.51
20975;3;-3.40;41.51
20977;8;-2.91;41.52
20978;8;-2.71;41.51
20979;13;-2.70;41.51
20980;3;-2.69;41.51
20981;4;-2.37;41.51
20982;4;-2.33;41.51
20983;3;-2.07;41.51
20984;9;-1.93;41.51
20985;10;-1.87;41.51
20987;7;-1.71;41.51
20988;7;-1.68;41.51
20989;6;-1.61;41.51
20992;8;-1.52;41.51
20993;11;-1.48;41.51
20994;11;-1.42;41.51
20995;4;-1.39;41.51
20997;5;-0.98;41.51
20998;7;-0.73;41.51
20999;3;-0.72;41.51
21000;4;-0.62;41.51
21003;4;-0.50;41.51
21004;6;-0.49;41.51
21005;4;-0.44;41.52
21006;7;-0.45;41.51
21007;11;-0.29;41.51
21011;4;0.83;41.51
21012;8;0.96;41.51
21014;12;1.77;41.51
21015;4;1.78;41.51
21016;4;1.80;41.51
21017;8;1.81;41.51
21018;4;2.10;41.51
21019;4;-1.35;41.61
21021;13;-2.08;41.59
21022;7;-1.10;41.52
21023;3;-0.77;41.52
21024;7;-0.71;41.52
21027;9;-4.65;41.52
21028;13;-3.56;41.52
21030;3;-2.21;41.53
21031;4;0.13;41.52
21032;8;0.86;41.51
21033;8;1.73;41.51
21034;8;-6.22;41.51
21035;16;-6.05;41.51
21036;11;-3.39;41.51
21037;3;-2.66;41.51
21038;7;-2.43;41.51
21039;5;-2.06;41.51
21040;11;-2.05;41.51
21041;5;-1.96;41.51
21042;11;-1.50;41.51
21044;16;-6.08;41.50
21045;14;-5.88;41.50
21046;29;-5.87;41.50
21047;12;-5.86;41.50
21048;14;-5.77;41.50
21049;5;-5.76;41.50
21050;17;-5.75;41.50
21051;5;-5.64;41.50
21054;11;-4.93;41.50
21055;3;-4.91;41.50
21056;12;-4.63;41.51
21059;7;-3.66;41.50
21060;10;-3.50;41.50
21061;9;-3.29;41.50
21062;7;-3.23;41.50
21063;3;-3.20;41.51
21064;11;-3.18;41.50
21065;8;-3.11;41.50
21066;3;-3.03;41.50
21067;8;-2.94;41.50
21068;10;-2.89;41.50
21069;11;-2.88;41.50
21071;3;-2.76;41.50
21072;18;-2.75;41.50
21073;5;-2.73;41.50
21074;5;-2.25;41.50
21075;9;-2.18;41.50
21076;9;-1.88;41.50
21078;11;-1.43;41.50
21079;13;-1.42;41.50
21080;11;-1.40;41.50
21081;4;-1.35;41.50
21084;5;-0.94;41.50
21085;4;-0.69;41.50
21086;4;-0.49;41.50
21088;8;-0.31;41.50
21090;6;0.00;41.50
21092;6;0.14;41.50
21094;4;0.73;41.50
21095;4;0.80;41.50
21096;4;0.84;41.50
21097;8;0.90;41.50
21099;4;1.66;41.50
21101;8;1.80;41.50
21102;6;-2.28;41.61
21103;3;-3.31;41.52
21104;4;-5.02;41.50
21106;11;-3.91;41.50
21107;9;-3.69;41.50
21108;9;-3.61;41.51
21109;3;-3.57;41.50
21110;3;-2.86;41.51
21111;18;-2.72;41.50
21112;3;-1.71;41.50
21113;8;-6.09;41.50
21115;3;-3.92;41.50
21117;11;-3.74;41.50
21118;9;-3.72;41.50
21119;4;-3.70;41.49
21120;11;-3.56;41.50
21121;3;-2.43;41.50
21122;5;-1.90;41.49
21123;6;-1.86;41.50
21124;4;-1.76;41.50
21125;4;-1.59;41.50
21126;11;-0.72;41.50
21129;4;0.40;41.50
21130;12;-5.87;41.49
21133;8;-5.01;41.49
21135;3;-3.86;41.49
21136;7;-3.81;41.49
21137;11;-3.78;41.49
21138;3;-3.74;41.49
21139;7;-3.67;41.49
21140;7;-3.63;41.49
21141;4;-3.60;41.49
21145;10;-2.90;41.49
21148;5;-2.75;41.49
21149;16;-2.70;41.49
21150;14;-2.69;41.49
21153;9;-2.21;41.49
21154;9;-2.19;41.49
21155;7;-2.18;41.49
21156;9;-2.16;41.49
21157;11;-2.06;41.49
21158;5;-2.05;41.49
21159;7;-1.88;41.49
21161;6;-1.57;41.49
21164;4;-1.27;41.49
21165;12;-1.15;41.49
21167;4;-1.04;41.51
21168;7;-0.75;41.50
21171;10;0.12;41.49
21172;4;0.77;41.50
21174;4;0.96;41.49
21177;8;1.71;41.49
21179;4;2.10;41.49
21180;4;2.12;41.49
21181;10;-1.54;41.51
21182;7;-1.00;41.55
21183;8;-1.19;41.51
21185;8;-4.99;41.50
21186;3;-3.76;41.50
21187;5;-2.23;41.50
21188;8;-3.99;41.49
21189;3;-0.90;41.49
21190;10;0.02;41.49
21191;4;-5.22;41.56
21192;4;-4.87;41.49
21193;3;-3.64;41.50
21195;8;-1.52;41.49
21196;4;-1.38;41.49
21197;5;-0.98;41.49
21198;6;-0.49;41.49
21199;8;0.85;41.49
21200;8;0.94;41.49
21201;3;1.54;41.49
21202;15;-6.27;41.48
21203;11;-6.26;41.48
21204;14;-5.82;41.48
21207;3;-4.97;41.48
21208;3;-4.90;41.49
21209;8;-4.61;41.50
21210;8;-4.57;41.48
21212;7;-3.78;41.48
21214;3;-3.72;41.48
21215;6;-3.69;41.48
21216;9;-3.67;41.48
21217;9;-3.62;41.48
21218;10;-3.59;41.48
21219;10;-3.55;41.48
21221;7;-3.39;41.48
21222;3;-3.09;41.48
21223;10;-2.97;41.48
21225;10;-2.92;41.48
21226;8;-2.90;41.48
21227;9;-2.79;41.48
21228;7;-2.78;41.48
21229;5;-2.71;41.48
21230;5;-2.69;41.48
21234;2;-2.29;41.48
21235;5;-2.25;41.48
21236;7;-2.20;41.50
21237;7;-2.16;41.48
21238;11;-2.10;41.48
21240;4;-1.88;41.48
21242;3;-1.75;41.48
21243;5;-1.67;41.48
21244;11;-1.49;41.48
21245;7;-1.39;41.48
21246;4;-1.34;41.48
21247;12;-1.17;41.48
21248;4;-1.00;41.48
21249;7;-0.99;41.48
21250;7;-0.97;41.48
21251;5;-0.95;41.48
21252;12;-0.71;41.49
21255;4;0.74;41.48
21256;8;0.87;41.48
21257;11;1.55;41.48
21258;4;2.07;41.48
21259;4;2.15;41.48
21262;11;-3.45;41.51
21263;11;-2.13;41.51
21264;19;-6.06;41.55
21265;4;2.22;41.49
21266;9;-2.77;41.49
21268;4;-4.78;41.48
21269;7;-3.34;41.49
21270;11;-3.22;41.48
21271;13;-2.82;41.50
21272;7;-1.93;41.49
21275;13;-3.07;41.48
21276;8;-2.99;41.50
21277;10;-2.89;41.48
21278;16;-2.73;41.48
21279;7;-2.59;41.48
21281;9;-2.17;41.48
21282;13;-2.05;41.48
21283;3;-1.94;41.48
21284;8;-1.30;41.48
21285;8;-0.74;41.48
21287;10;0.13;41.48
21288;4;0.38;41.48
21289;8;0.66;41.51
21290;8;1.60;41.48
21291;5;-5.77;41.47
21292;13;-5.52;41.47
21293;4;-5.26;41.47
21295;7;-4.95;41.50
21296;3;-4.93;41.47
21300;6;-3.96;41.47
21301;11;-3.91;41.47
21302;7;-3.65;41.47
21303;8;-3.59;41.47
21304;10;-3.58;41.47
21305;13;-3.45;41.47
21308;13;-2.91;41.47
21309;3;-2.82;41.47
21310;3;-2.79;41.47
21311;18;-2.75;41.47
21313;7;-2.43;41.47
21314;7;-2.40;41.47
21316;13;-2.21;41.47
21317;11;-2.20;41.47
21318;13;-2.19;41.47
21319;6;-2.03;41.47
21320;4;-1.89;41.47
21321;2;-1.88;41.47
21322;6;-1.66;41.47
21323;4;-1.64;41.47
21324;4;-1.59;41.47
21325;4;-1.57;41.47
21326;8;-1.50;41.47
21328;11;-1.44;41.47
21330;4;-0.99;41.47
21331;7;-0.98;41.47
21332;5;-0.97;41.47
21333;7;-0.95;41.47
21334;10;0.03;41.47
21335;11;0.15;41.47
21336;8;0.68;41.47
21337;8;0.89;41.47
21338;8;0.93;41.47
21339;4;0.95;41.47
21340;4;1.59;41.47
21343;15;-6.00;41.50
21344;3;-2.57;41.52
21345;13;-1.46;41.51
21346;3;-3.81;41.48
21347;9;-2.64;41.49
21348;3;-2.10;41.49
21349;11;-3.94;41.48
21350;13;-2.87;41.48
21351;11;-2.85;41.47
21352;17;-5.75;41.47
21354;6;-3.61;41.47
21355;9;-3.31;41.47
21356;12;-2.70;41.47
21358;11;-6.28;41.47
21359;16;-6.02;41.47
21360;13;-3.88;41.53
21361;7;-3.74;41.47
21362;10;-3.49;41.47
21363;11;-3.36;41.47
21364;8;-3.15;41.51
21365;7;-2.65;41.47
21366;7;-2.46;41.48
21367;11;-2.09;41.47
21368;6;-1.62;41.47
21369;10;-1.56;41.47
21370;4;-0.93;41.47
21372;8;0.02;41.47
21373;8;0.86;41.47
21374;11;1.53;41.47
21376;8;1.68;41.47
21377;4;1.71;41.47
21378;4;2.26;41.47
21382;4;-5.51;41.46
21384;8;-4.64;41.46
21385;3;-3.74;41.46
21386;4;-3.65;41.46
21387;10;-3.59;41.46
21388;13;-3.47;41.46
21389;11;-3.45;41.46
21390;13;-3.43;41.46
21391;7;-3.41;41.47
21392;3;-3.29;41.47
21393;7;-3.27;41.48
21394;8;-3.22;41.46
21395;10;-3.13;41.46
21397;10;-2.95;41.47
21399;3;-2.92;41.46
21400;13;-2.82;41.46
21401;11;-2.80;41.46
21402;13;-2.79;41.46
21403;11;-2.78;41.46
21404;3;-2.77;41.46
21405;11;-2.75;41.46
21406;8;-2.73;41.46
21407;18;-2.72;41.46
21408;5;-2.59;41.46
21409;5;-2.56;41.46
21411;13;-2.20;41.46
21412;11;-2.18;41.46
21413;13;-2.14;41.47
21414;13;-2.07;41.46
21415;11;-2.05;41.46
21416;4;-2.00;41.48
21418;4;-1.90;41.46
21420;4;-1.80;41.46
21422;7;-1.42;41.47
21425;12;-0.56;41.46
21426;8;-0.50;41.46
21427;3;-0.28;41.46
21428;4;-0.05;41.46
21430;11;0.14;41.46
21431;13;0.15;41.46
21432;4;0.44;41.46
21433;8;0.71;41.46
21434;4;0.73;41.46
21435;8;0.95;41.46
21436;8;1.72;41.46
21437;8;1.74;41.46
21438;4;2.22;41.47
21440;5;-4.66;41.47
21441;11;-3.06;41.48
21442;11;-1.10;41.49
21443;9;-1.67;41.46
21444;12;-4.60;41.47
21445;4;1.78;41.47
21446;4;-5.17;41.47
21447;4;-5.00;41.47
21448;4;-4.86;41.46
21449;3;-4.47;41.47
21451;11;-1.48;41.46
21452;4;-0.76;41.47
21453;7;-0.48;41.46
21454;3;1.39;41.48
21456;7;-6.00;41.45
21457;16;-5.99;41.45
21461;8;-4.59;41.45
21462;5;-4.59;41.52
21463;8;-3.91;41.45
21464;8;-3.86;41.45
21465;6;-3.84;41.45
21466;8;-3.72;41.45
21467;4;-3.62;41.46
21468;3;-3.45;41.45
21469;14;-3.42;41.45
21470;3;-3.41;41.45
21472;6;-3.12;41.45
21473;7;-3.01;41.45
21475;13;-2.95;41.45
21476;11;-2.92;41.45
21478;10;-2.86;41.45
21479;8;-2.85;41.45
21480;10;-2.80;41.45
21483;5;-2.28;41.45
21484;8;-2.20;41.45
21485;8;-2.06;41.45
21486;7;-2.00;41.45
21487;11;-1.69;41.45
21488;3;-1.67;41.45
21489;13;-1.52;41.46
21490;7;-1.45;41.45
21491;3;-1.43;41.45
21492;4;-1.38;41.45
21495;12;-0.55;41.45
21497;3;-0.31;41.45
21499;4;0.00;41.45
21502;4;0.74;41.45
21503;8;0.87;41.45
21504;4;0.91;41.45
21505;4;0.96;41.45
21507;4;1.66;41.45
21508;8;1.67;41.45
21509;4;1.68;41.45
21510;8;1.69;41.45
21511;4;1.75;41.45
21512;4;1.80;41.45
21513;17;-6.20;41.49
21514;3;1.12;41.49
21515;8;0.17;41.52
21516;3;-0.44;41.48
21517;3;1.51;41.47
21518;8;-1.12;41.47
21519;8;-0.66;41.47
21521;13;0.06;41.46
21522;17;-6.13;41.45
21523;4;-5.50;41.45
21524;10;-3.83;41.45
21525;18;-3.29;41.45
21527;5;-3.02;41.45
21528;3;-2.74;41.45
21529;5;-2.70;41.45
21530;7;-2.60;41.45
21531;7;-2.56;41.45
21533;8;-2.16;41.45
21534;13;-2.03;41.45
21535;7;-1.84;41.45
21536;8;-1.78;41.45
21538;14;-0.58;41.46
21539;4;0.82;41.47
21540;11;1.58;41.45
21541;8;1.64;41.46
21542;11;-6.31;41.45
21543;15;-6.28;41.45
21544;8;-6.22;41.45
21545;15;-6.00;41.45
21548;4;-5.31;41.45
21549;4;-5.29;41.45
21550;4;-5.10;41.47
21553;4;-4.99;41.45
21554;8;-4.95;41.45
21555;7;-4.66;41.45
21556;3;-4.64;41.45
21557;7;-4.62;41.45
21558;5;-4.51;41.45
21559;8;-4.47;41.45
21561;6;-3.94;41.45
21562;8;-3.81;41.45
21563;8;-3.77;41.45
21564;10;-3.59;41.45
21565;18;-3.33;41.45
21566;4;-3.23;41.45
21567;4;-3.21;41.45
21568;6;-3.14;41.45
21569;6;-3.10;41.45
21570;13;-2.88;41.45
21571;11;-2.86;41.45
21572;10;-2.85;41.45
21573;8;-2.84;41.45
21574;10;-2.77;41.45
21575;7;-2.72;41.45
21576;3;-2.67;41.45
21577;5;-2.26;41.45
21578;3;-1.87;41.45
21579;9;-1.55;41.45
21581;3;-1.51;41.45
21582;3;-1.40;41.45
21583;3;-0.83;41.45
21584;12;-0.54;41.45
21585;8;-0.49;41.45
21587;8;0.01;41.45
21588;11;0.03;41.45
21589;11;0.06;41.45
21590;12;0.23;41.45
21591;4;0.40;41.45
21592;8;0.72;41.45
21593;4;0.76;41.45
21594;4;0.86;41.45
21595;8;0.92;41.45
21596;3;1.03;41.45
21598;11;1.52;41.45
21599;8;1.61;41.45
21600;4;1.63;41.45
21601;10;-0.54;41.49
21602;4;-0.36;41.48
21603;13;-5.61;41.51
21604;8;-4.43;41.46
21605;7;-2.51;41.47
21606;7;-0.86;41.48
21607;11;0.10;41.46
21608;17;-6.28;41.44
21609;21;-5.75;41.45
21610;10;-3.90;41.45
21611;16;-3.47;41.45
21612;8;-2.81;41.45
21614;11;-1.12;41.45
21615;13;0.15;41.44
21616;11;0.18;41.45
21617;4;0.43;41.44
21618;3;-4.66;41.44
21619;5;-4.55;41.44
21620;12;-4.45;41.44
21624;3;0.10;41.44
21626;11;0.31;41.45
21627;4;1.21;41.44
21628;4;1.72;41.44
21629;17;-6.15;41.44
21630;5;-5.81;41.44
21631;17;-5.73;41.44
21634;13;-5.51;41.44
21635;13;-5.32;41.44
21636;5;-5.30;41.44
21637;13;-5.29;41.44
21638;8;-4.45;41.44
21640;4;-3.93;41.44
21641;6;-3.87;41.44
21642;8;-3.79;41.44
21643;8;-3.60;41.44
21646;11;-2.88;41.44
21647;8;-2.85;41.44
21648;8;-2.78;41.44
21649;5;-2.66;41.44
21650;7;-2.43;41.44
21652;9;-2.26;41.44
21655;11;-1.68;41.44
21656;11;-1.65;41.44
21657;7;-1.62;41.44
21659;9;-1.53;41.44
21660;3;-1.42;41.44
21661;7;-1.40;41.44
21662;4;-1.39;41.44
21663;4;-1.30;41.44
21664;3;-0.85;41.44
21665;7;-0.83;41.44
21667;14;-0.54;41.44
21668;10;-0.49;41.44
21670;11;0.07;41.44
21671;13;0.09;41.44
21673;3;0.16;41.44
21675;15;0.21;41.44
21676;12;0.27;41.44
21677;3;0.31;41.44
21678;3;0.33;41.44
21679;4;0.74;41.44
21680;4;0.82;41.44
21681;4;0.91;41.44
21683;4;0.93;41.44
21686;11;1.56;41.44
21687;4;1.63;41.50
21688;4;1.67;41.44
21689;29;-5.81;41.47
21690;4;-1.82;41.48
21691;12;-0.72;41.45
21692;20;-6.17;41.46
21693;4;-3.84;41.44
21694;16;-3.26;41.45
21695;4;-3.08;41.44
21696;3;-1.91;41.44
21697;7;-0.28;41.47
21698;33;-5.93;41.47
21699;12;-4.48;41.44
21700;3;-2.99;41.44
21702;3;-2.93;41.44
21703;10;-1.60;41.43
21704;20;-6.24;41.43
21705;17;-6.21;41.43
21706;12;-6.08;41.46
21707;11;-6.00;41.43
21710;6;-3.91;41.43
21711;5;-3.28;41.43
21712;11;-2.90;41.45
21713;13;-2.88;41.43
21715;11;-2.75;41.43
21716;8;-2.10;41.43
21719;11;-0.32;41.43
21720;16;0.24;41.43
21721;7;1.55;41.45
21722;24;-5.82;41.43
21724;4;-5.71;41.43
21725;8;-5.67;41.43
21726;5;-5.56;41.43
21727;3;-5.50;41.43
21728;5;-5.31;41.43
21729;5;-5.29;41.43
21732;11;-4.98;41.43
21736;6;-3.85;41.43
21738;3;-3.42;41.43
21739;2;-3.27;41.43
21740;7;-3.01;41.43
21741;11;-2.99;41.43
21742;8;-2.82;41.43
21743;11;-2.72;41.43
21744;7;-2.59;41.43
21745;7;-2.40;41.43
21746;8;-2.15;41.43
21747;3;-2.03;41.43
21748;3;-2.00;41.43
21749;3;-1.89;41.43
21751;8;-1.70;41.43
21753;6;-1.40;41.43
21755;8;-0.53;41.43
21757;8;0.01;41.43
21758;11;0.04;41.43
21759;11;0.09;41.43
21760;9;0.10;41.43
21761;13;0.13;41.43
21762;7;0.14;41.43
21763;11;0.15;41.43
21764;13;0.16;41.43
21765;11;0.35;41.43
21766;9;0.38;41.43
21767;5;0.45;41.43
21773;3;-2.27;41.47
21774;4;-0.48;41.43
21775;9;-5.27;41.43
21776;9;-5.04;41.43
21777;8;-4.92;41.43
21778;8;-3.94;41.43
21779;7;-2.24;41.43
21780;7;-1.56;41.43
21781;5;0.47;41.43
21783;18;-3.29;41.42
21784;5;-3.02;41.42
21785;10;-2.79;41.43
21786;3;-2.74;41.42
21787;9;-2.23;41.45
21788;8;-2.05;41.42
21790;9;-1.55;41.42
21791;7;-1.50;41.43
21792;7;-1.17;41.43
21794;15;-0.66;41.43
21796;6;0.12;41.42
21797;17;0.17;41.42
21798;19;0.21;41.42
21799;7;0.32;41.42
21800;4;0.86;41.42
21801;3;0.99;41.44
21802;8;1.58;41.42
21803;11;-6.33;41.42
21804;21;-5.93;41.42
21806;13;-5.30;41.42
21807;5;-5.23;41.42
21808;11;-4.99;41.42
21810;7;-4.65;41.43
21811;2;-3.96;41.42
21812;4;-3.91;41.42
21814;6;-3.86;41.42
21819;4;-3.05;41.42
21820;13;-2.90;41.42
21821;11;-2.88;41.42
21822;8;-2.83;41.42
21823;8;-2.80;41.42
21824;8;-2.77;41.42
21826;7;-2.58;41.42
21827;7;-2.53;41.42
21829;8;-2.12;41.42
21830;13;-1.99;41.42
21832;8;-1.81;41.42
21834;8;-1.72;41.42
21835;11;-1.68;41.42
21836;7;-1.65;41.42
21837;4;-1.61;41.42
21838;8;-1.59;41.42
21839;10;-1.58;41.42
21840;6;-1.39;41.42
21841;4;-1.35;41.43
21842;9;-1.07;41.42
21844;7;0.09;41.42
21845;4;0.10;41.42
21846;7;0.15;41.42
21847;17;0.23;41.42
21848;11;0.33;41.42
21849;4;0.78;41.42
21850;4;0.92;41.42
21852;4;1.23;41.42
21853;4;1.59;41.42
21855;7;-3.04;41.44
21856;5;-4.89;41.43
21857;13;-1.64;41.43
21858;9;-1.44;41.43
21861;12;-1.77;41.42
21862;3;0.05;41.43
21863;6;-3.10;41.42
21864;24;-5.89;41.42
21869;2;-3.22;41.43
21870;4;-3.22;41.41
21873;10;-2.11;41.44
21874;7;-1.91;41.41
21875;3;-1.85;41.42
21876;9;-1.52;41.41
21877;7;-1.42;41.42
21878;11;0.13;41.41
21879;12;0.26;41.42
21881;4;1.21;41.41
21882;4;1.55;41.42
21883;4;-5.93;41.41
21884;5;-5.61;41.41
21885;5;-5.57;41.41
21886;5;-5.27;41.41
21888;5;-4.53;41.41
21889;6;-3.90;41.41
21890;4;-3.09;41.41
21891;3;-3.04;41.41
21892;3;-3.02;41.41
21893;7;-3.01;41.41
21895;10;-2.77;41.41
21896;13;-2.76;41.41
21897;7;-2.41;41.41
21899;3;-1.89;41.41
21902;11;-1.67;41.41
21904;13;-1.64;41.41
21905;6;-1.59;41.41
21906;4;-1.58;41.41
21908;7;-1.55;41.41
21909;3;-1.53;41.41
21910;7;-1.50;41.41
21911;9;-1.40;41.41
21912;4;-1.31;41.41
21914;7;0.08;41.41
21915;15;0.18;41.42
21916;7;0.20;41.41
21917;17;0.22;41.41
21918;4;0.34;41.41
21919;11;0.35;41.41
21920;8;0.36;41.41
21921;5;0.45;41.41
21922;4;0.77;41.41
21923;4;0.79;41.41
21924;8;-4.00;41.44
21925;12;-0.57;41.43
21926;3;-2.67;41.42
21927;7;-1.03;41.45
21928;12;-3.46;41.43
21929;4;-3.15;41.43
21930;11;0.30;41.42
21932;6;-3.06;41.41
21933;3;-2.91;41.41
21935;8;-0.50;41.41
21936;17;-6.32;41.41
21937;5;-4.73;41.43
21938;13;-4.55;41.40
21940;4;-4.07;41.46
21942;16;-3.24;41.40
21944;6;-3.13;41.41
21945;5;-2.68;41.41
21946;9;-1.86;41.41
21947;15;0.23;41.40
21948;15;0.28;41.41
21949;13;0.31;41.41
21951;15;-6.31;41.40
21952;17;-6.29;41.40
21953;4;-6.22;41.40
21954;5;-5.59;41.40
21955;5;-5.25;41.40
21957;9;-4.71;41.40
21958;3;-4.56;41.40
21959;5;-4.54;41.40
21960;9;-4.53;41.40
21961;5;-4.51;41.40
21964;4;-3.99;41.40
21966;3;-3.26;41.40
21967;4;-3.23;41.40
21968;2;-3.22;41.40
21970;6;-3.11;41.40
21971;4;-3.10;41.40
21972;6;-3.08;41.40
21973;4;-3.07;41.40
21974;11;-2.99;41.40
21975;11;-2.75;41.40
21976;7;-2.40;41.40
21977;4;-2.08;41.40
21978;11;-2.02;41.40
21979;13;-1.96;41.40
21980;7;-1.84;41.40
21981;11;-1.71;41.40
21982;6;-1.56;41.40
21983;5;-1.44;41.40
21984;4;-1.32;41.40
21986;7;0.13;41.40
21987;14;0.27;41.40
21989;11;0.34;41.40
21990;5;0.43;41.40
21991;5;0.47;41.40
21992;4;1.40;41.40
21994;4;0.01;41.41
21995;7;1.14;41.42
21996;2;-1.03;41.41
21997;5;-5.51;41.41
21998;6;-2.19;41.42
21999;13;-4.90;41.40
22000;7;-4.57;41.40
22001;16;-3.28;41.41
22002;6;-2.14;41.40
22003;4;-2.11;41.40
22004;8;-1.70;41.40
22005;17;0.25;41.40
22006;4;0.87;41.40
22007;3;-5.50;41.40
22008;5;-5.35;41.40
22009;3;-3.36;41.40
22010;18;-3.31;41.40
22011;13;-2.89;41.40
22012;5;-2.66;41.40
22013;3;-2.02;41.39
22014;3;-1.48;41.39
22015;5;-1.42;41.40
22016;9;0.40;41.41
22017;4;0.73;41.40
22018;4;0.83;41.40
22020;6;-6.32;41.39
22023;5;-4.53;41.39
22024;9;-4.49;41.41
22025;4;-4.31;41.39
22027;6;-3.91;41.39
22028;3;-3.40;41.39
22029;2;-3.17;41.39
22031;4;-3.11;41.39
22032;7;-3.07;41.39
22034;11;-2.89;41.39
22035;13;-2.76;41.39
22036;7;-2.54;41.39
22038;11;-1.97;41.43
22039;9;-1.84;41.39
22040;7;-1.83;41.39
22041;17;-1.82;41.39
22042;8;-1.81;41.39
22043;12;-1.80;41.39
22044;4;-1.57;41.39
22045;10;-1.56;41.39
22046;4;-1.54;41.39
22047;3;-1.43;41.40
22048;2;-1.38;41.39
22049;4;-1.31;41.39
22051;9;-1.02;41.39
22052;4;0.07;41.39
22054;11;0.15;41.39
22056;7;0.26;41.39
22057;13;0.29;41.39
22058;7;0.31;41.39
22059;11;0.32;41.39
22060;8;0.34;41.39
22062;11;1.09;41.39
22063;11;1.11;41.39
22064;4;1.80;41.39
22067;8;-6.01;41.42
22068;8;-0.10;41.45
22069;3;-1.93;41.40
22071;10;-3.93;41.40
22073;7;-1.87;41.43
22074;10;-1.61;41.40
22075;2;-1.40;41.39
22076;4;-1.24;41.45
22077;4;-1.19;41.42
22078;8;1.23;41.39
22079;17;-6.08;41.39
22080;5;-4.70;41.39
22081;8;-4.11;41.40
22082;16;-3.26;41.39
22084;6;-3.14;41.39
22085;7;-2.44;41.39
22086;6;-2.09;41.40
22087;10;-2.07;41.39
22088;15;0.23;41.39
22089;12;0.27;41.39
22090;3;0.98;41.39
22092;12;-6.38;41.38
22093;11;-6.34;41.38
22096;8;-4.18;41.38
22097;8;-3.93;41.38
22098;6;-3.89;41.38
22099;7;-3.11;41.38
22100;7;-3.08;41.38
22101;3;-2.89;41.38
22102;9;-2.75;41.38
22104;4;-2.09;41.38
22105;4;-1.90;41.38
22106;7;-1.89;41.38
22107;15;-1.83;41.38
22108;14;-1.80;41.38
22109;8;-1.57;41.38
22110;5;-1.43;41.38
22111;4;-0.93;41.38
22112;4;-0.91;41.38
22115;4;-0.73;41.38
22116;7;0.04;41.38
22118;8;0.13;41.38
22119;10;0.29;41.38
22120;8;0.32;41.38
22121;4;0.76;41.38
22122;8;0.83;41.38
22123;4;0.84;41.38
22124;4;0.90;41.38
22125;11;1.08;41.38
22126;7;1.14;41.38
22128;11;1.37;41.38
22130;4;-3.66;41.41
22131;8;-3.54;41.44
22132;7;-1.07;41.40
22133;10;-2.84;41.41
22134;11;-0.67;41.40
22135;11;-4.96;41.40
22136;11;-2.94;41.40
22137;2;-2.35;41.44
22139;8;-3.77;41.40
22140;9;-4.54;41.38
22141;16;-3.38;41.41
22142;3;-3.45;41.38
22143;4;-3.03;41.39
22144;3;-2.98;41.38
22146;8;-2.78;41.39
22147;9;-1.87;41.38
22148;7;-1.71;41.38
22149;2;-0.98;41.38
22151;8;-0.42;41.39
22152;4;0.80;41.38
22153;17;-6.31;41.38
22155;5;-5.38;41.38
22156;5;-4.73;41.38
22159;12;-3.94;41.38
22160;4;-3.87;41.40
22161;5;-3.29;41.38
22162;7;-2.75;41.38
22163;5;-2.72;41.38
22165;11;-2.02;41.38
22166;11;-1.94;41.38
22167;11;-1.84;41.38
22168;13;-1.81;41.38
22169;3;-1.55;41.38
22170;4;-1.49;41.38
22173;17;0.26;41.38
22174;13;0.38;41.38
22175;8;0.87;41.38
22176;9;-6.02;41.37
22178;5;-4.91;41.37
22179;5;-4.85;41.37
22180;5;-4.79;41.37
22181;9;-4.45;41.37
22182;4;-4.29;41.37
22183;4;-4.25;41.42
22184;4;-4.10;41.37
22185;12;-3.97;41.37
22186;7;-3.88;41.37
22188;18;-3.26;41.38
22190;11;-2.98;41.37
22191;3;-2.92;41.37
22192;13;-2.91;41.37
22193;13;-2.89;41.37
22194;10;-2.81;41.38
22195;9;-2.73;41.37
22196;7;-2.70;41.39
22198;4;-2.11;41.37
22199;6;-2.09;41.37
22200;8;-2.08;41.37
22201;11;-1.99;41.37
22202;3;-1.95;41.37
22203;13;-1.93;41.37
22204;3;-1.91;41.37
22206;13;-1.83;41.37
22207;17;-1.82;41.37
22208;12;-1.80;41.37
22209;7;-1.74;41.37
22210;11;-1.72;41.37
22211;8;-1.65;41.38
22213;11;-1.58;41.37
22214;3;-1.51;41.37
22215;2;-1.43;41.37
22216;4;-1.29;41.37
22218;9;-1.02;41.37
22219;7;0.07;41.37
22220;3;0.08;41.37
22222;11;0.19;41.37
22223;14;0.27;41.37
22224;8;0.29;41.37
22225;4;0.32;41.37
22226;4;0.34;41.37
22227;4;0.77;41.37
22228;12;0.85;41.37
22231;4;1.11;41.38
22232;7;1.12;41.37
22235;8;-5.01;41.40
22236;9;-4.76;41.40
22237;17;-5.96;41.39
22238;9;-2.49;41.44
22239;13;-4.83;41.42
22240;3;-4.61;41.40
22242;13;-1.99;41.39
22243;9;-4.69;41.40
22244;7;-4.66;41.37
22245;5;-4.38;41.45
22246;8;-1.60;41.37
22247;3;-0.32;41.37
22248;7;0.19;41.38
22249;12;0.35;41.38
22251;4;-4.02;41.37
22253;4;-3.19;41.38
22255;3;-1.39;41.37
22257;3;0.04;41.37
22259;8;1.85;41.37
22260;6;-6.39;41.36
22261;17;-6.29;41.36
22262;3;-5.50;41.36
22263;7;-5.49;41.36
22266;8;-4.93;41.37
22267;16;-4.86;41.38
22268;9;-4.79;41.36
22269;5;-4.55;41.36
22270;8;-4.03;41.36
22271;19;-3.85;41.36
22272;16;-3.84;41.36
22273;6;-3.83;41.36
22274;8;-3.47;41.36
22275;11;-3.28;41.36
22276;11;-3.25;41.36
22278;7;-3.05;41.37
22279;13;-2.77;41.36
22280;9;-2.58;41.36
22281;3;-2.51;41.36
22282;6;-2.35;41.36
22283;9;-1.99;41.36
22284;7;-1.97;41.36
22285;7;-1.94;41.36
22286;9;-1.93;41.36
22287;7;-1.89;41.36
22288;11;-1.88;41.36
22289;7;-1.84;41.36
22290;11;-1.83;41.36
22291;14;-1.81;41.36
22292;8;-1.80;41.36
22293;4;-1.78;41.36
22294;11;-1.75;41.36
22296;3;-1.53;41.36
22297;4;-1.25;41.36
22298;4;-1.10;41.37
22299;6;-1.02;41.36
22300;3;-0.93;41.36
22302;11;-0.17;41.36
22303;3;0.07;41.36
22304;4;0.10;41.38
22305;15;0.23;41.36
22307;14;0.28;41.36
22308;14;0.34;41.36
22309;13;0.41;41.36
22310;4;0.79;41.36
22311;11;0.88;41.36
22312;11;1.04;41.36
22313;8;1.22;41.36
22314;8;1.25;41.36
22316;7;1.37;41.36
22317;4;1.80;41.36
22318;8;1.81;41.36
22320;9;-5.09;41.39
22321;4;-0.13;41.50
22322;21;-5.85;41.39
22323;15;-1.76;41.38
22325;19;-6.26;41.36
22326;3;-5.42;41.41
22327;4;-4.16;41.37
22330;9;-5.34;41.39
22331;12;-5.12;41.36
22332;18;-2.91;41.36
22333;13;-2.81;41.36
22334;5;-2.67;41.37
22335;2;-2.09;41.36
22336;7;-1.87;41.36
22337;3;-1.72;41.36
22339;8;0.14;41.36
22340;11;1.18;41.37
22341;4;2.03;41.36
22344;7;-5.44;41.38
22346;18;-4.64;41.35
22347;8;-4.02;41.35
22348;8;-3.97;41.35
22349;17;-3.91;41.35
22352;2;-3.15;41.36
22353;7;-3.08;41.35
22354;9;-3.04;41.36
22355;9;-3.01;41.35
22356;9;-2.54;41.35
22358;7;-2.00;41.35
22359;3;-1.99;41.35
22360;3;-1.96;41.35
22361;11;-1.94;41.35
22362;10;-1.81;41.35
22363;12;-1.80;41.35
22365;6;-1.07;41.35
22366;8;-1.05;41.35
22367;10;-1.04;41.35
22368;9;-0.93;41.35
22369;3;-0.92;41.35
22370;3;-0.31;41.35
22371;3;-0.23;41.35
22372;3;0.06;41.35
22373;7;0.23;41.35
22374;6;0.31;41.35
22375;6;0.33;41.35
22376;15;0.39;41.35
22377;4;0.74;41.35
22378;4;0.78;41.35
22379;4;0.94;41.37
22380;4;1.06;41.35
22381;4;1.20;41.35
22382;8;1.21;41.35
22383;4;1.28;41.35
22385;8;1.79;41.35
22387;4;-2.18;41.38
22388;18;-5.57;41.38
22389;17;-6.35;41.36
22390;11;-0.34;41.37
22391;9;-3.09;41.37
22392;7;-0.37;41.36
22393;4;-5.66;41.38
22395;8;-0.45;41.35
22396;8;0.18;41.35
22397;4;0.88;41.35
22398;17;-5.79;41.37
22399;7;-5.50;41.35
22400;18;-4.69;41.35
22401;15;-3.71;41.35
22404;7;-1.74;41.35
22406;12;0.20;41.35
22407;14;0.36;41.35
22409;7;1.18;41.35
22410;4;1.27;41.40
22411;11;1.34;41.35
22413;6;-6.43;41.35
22414;12;-6.41;41.35
22415;14;-6.38;41.36
22416;11;-6.27;41.35
22417;4;-6.25;41.35
22418;17;-6.12;41.35
22422;8;-5.72;41.39
22426;17;-3.92;41.35
22427;4;-3.73;41.35
22430;18;-2.97;41.35
22431;11;-2.92;41.35
22432;3;-2.89;41.35
22433;18;-2.88;41.35
22434;13;-2.84;41.35
22435;13;-2.78;41.35
22436;11;-2.67;41.35
22437;9;-2.52;41.35
22440;11;-1.93;41.35
22441;7;-1.84;41.35
22442;8;-1.77;41.35
22444;3;-1.50;41.35
22447;11;-1.07;41.35
22448;11;-1.05;41.35
22450;3;-0.90;41.35
22453;3;-0.32;41.35
22454;11;-0.30;41.36
22456;11;-0.21;41.36
22457;11;-0.16;41.35
22459;8;0.15;41.35
22460;4;0.21;41.35
22461;12;0.22;41.35
22462;13;0.39;41.35
22463;9;0.44;41.35
22464;7;0.77;41.35
22465;11;0.79;41.35
22466;11;0.86;41.35
22469;11;1.15;41.35
22470;4;1.21;41.35
22471;7;1.36;41.35
22474;8;1.77;41.35
22476;6;-3.20;41.36
22477;15;-6.27;41.40
22478;4;-6.00;41.36
22479;13;-5.94;41.35
22480;3;-1.41;41.35
22481;8;-6.16;41.37
22482;7;-4.86;41.35
22483;18;-4.74;41.35
22484;4;-3.52;41.37
22485;4;-6.19;41.34
22486;21;-4.57;41.34
22487;18;-3.94;41.34
22488;6;-3.79;41.34
22490;4;-3.14;41.35
22491;3;-3.04;41.34
22492;5;-1.94;41.34
22493;8;-1.80;41.34
22496;11;0.91;41.34
22498;7;0.97;41.34
22499;7;1.13;41.34
22500;9;-5.93;41.34
22501;3;-5.84;41.34
22502;15;-5.77;41.34
22506;18;-4.59;41.35
22508;8;-4.56;41.34
22509;12;-4.05;41.34
22510;8;-3.96;41.34
22511;4;-3.93;41.34
22512;7;-3.92;41.34
22513;5;-3.87;41.34
22514;4;-3.72;41.34
22516;6;-3.13;41.34
22517;13;-2.85;41.34
22518;13;-1.93;41.34
22519;9;-1.89;41.34
22520;7;-1.52;41.34
22522;11;-1.08;41.34
22524;4;-0.98;41.34
22525;3;-0.83;41.34
22528;7;-0.35;41.34
22530;3;-0.20;41.34
22531;7;-0.18;41.34
22534;3;0.09;41.34
22537;12;0.21;41.34
22538;4;0.26;41.34
22539;4;0.36;41.34
22540;3;0.38;41.34
22541;7;0.42;41.34
22542;3;0.44;41.34
22543;3;0.48;41.34
22544;11;0.84;41.34
22547;11;1.11;41.34
22548;4;1.16;41.34
22550;4;1.29;41.34
22551;11;1.36;41.34
22553;8;1.78;41.34
22554;6;-2.39;41.35
22555;3;-0.17;41.34
22556;7;0.04;41.35
22557;5;-2.46;41.35
22558;13;-1.87;41.35
22559;7;-1.56;41.35
22560;8;-1.00;41.35
22561;7;1.07;41.35
22562;3;-3.90;41.34
22563;2;-1.33;41.34
22564;13;-1.03;41.33
22566;12;-6.39;41.33
22567;20;-6.37;41.33
22568;22;-6.34;41.33
22569;12;-6.20;41.38
22570;8;-4.17;41.35
22572;3;-2.41;41.33
22574;10;-1.87;41.33
22575;4;-1.86;41.33
22576;7;-0.31;41.33
22577;8;1.31;41.36
22579;6;-6.43;41.33
22581;7;-6.28;41.33
22582;8;-6.18;41.33
22584;8;-5.27;41.33
22585;8;-5.16;41.33
22587;21;-4.56;41.33
22588;8;-3.99;41.33
22589;21;-3.92;41.33
22590;3;-3.87;41.33
22591;4;-3.73;41.33
22592;6;-3.72;41.33
22594;9;-3.29;41.33
22595;3;-3.26;41.33
22596;2;-3.13;41.33
22597;3;-3.10;41.33
22598;18;-2.90;41.33
22599;13;-2.88;41.33
22600;13;-2.84;41.33
22601;7;-2.40;41.33
22602;5;-1.93;41.33
22603;15;-1.90;41.33
22604;7;-1.89;41.33
22605;4;-1.83;41.33
22606;3;-1.51;41.33
22608;8;-1.18;41.33
22611;9;-1.07;41.33
22612;6;-0.97;41.33
22613;3;-0.94;41.33
22614;3;-0.87;41.33
22618;7;0.08;41.33
22619;4;0.09;41.33
22620;8;0.20;41.33
22621;12;0.26;41.33
22623;4;0.31;41.33
22625;12;0.36;41.33
22627;7;0.44;41.33
22628;7;0.89;41.33
22631;4;1.21;41.33
22632;5;-4.70;41.34
22633;16;-2.95;41.34
22634;18;-4.78;41.33
22635;4;-3.79;41.35
22636;7;-2.57;41.36
22637;9;-6.03;41.34
22638;12;-4.06;41.38
22639;9;-3.31;41.34
22640;13;-5.73;41.33
22641;10;-1.83;41.33
22643;11;0.81;41.33
22644;11;-6.44;41.32
22645;4;-3.58;41.33
22646;4;-2.33;41.34
22647;11;-1.03;41.32
22649;4;0.33;41.32
22650;11;0.39;41.33
22651;11;0.87;41.33
22652;11;0.90;41.32
22653;8;1.81;41.33
22655;5;-5.90;41.32
22657;8;-5.36;41.32
22658;5;-4.64;41.32
22659;21;-4.59;41.32
22660;4;-4.13;41.32
22661;4;-3.72;41.32
22664;7;-3.23;41.32
22665;6;-3.13;41.32
22666;3;-3.11;41.32
22667;7;-3.06;41.34
22668;16;-2.96;41.32
22669;5;-2.89;41.32
22670;13;-2.86;41.32
22671;2;-2.85;41.32
22672;13;-2.81;41.32
22673;9;-2.47;41.32
22674;3;-2.43;41.32
22675;7;-2.41;41.32
22676;3;-2.40;41.32
22679;9;-1.89;41.32
22680;11;-1.88;41.32
22681;4;-1.87;41.32
22682;8;-1.86;41.32
22683;4;-1.84;41.32
22686;3;-1.32;41.32
22687;11;-1.10;41.32
22688;7;-1.08;41.32
22689;11;-1.07;41.32
22690;3;-0.91;41.32
22691;11;-0.74;41.32
22693;4;0.08;41.32
22695;12;0.28;41.32
22697;6;0.35;41.32
22699;11;0.93;41.32
22700;3;1.05;41.32
22701;7;1.09;41.32
22703;4;1.23;41.32
22704;11;1.36;41.32
22707;5;-4.63;41.34
22708;4;-3.21;41.33
22710;11;-1.97;41.33
22711;17;-1.91;41.33
22712;7;1.40;41.39
22713;7;-0.21;41.32
22714;14;-5.88;41.33
22716;8;-3.40;41.34
22717;18;-2.78;41.32
22718;10;-0.99;41.32
22719;18;-4.65;41.32
22721;8;-4.14;41.31
22722;8;-3.96;41.31
22723;17;-3.87;41.33
22724;2;-2.88;41.31
22725;15;-1.92;41.31
22727;7;-0.91;41.34
22733;5;-5.58;41.31
22734;5;-5.37;41.31
22735;5;-5.21;41.31
22736;5;-4.67;41.31
22737;5;-4.63;41.31
22738;21;-4.57;41.31
22739;12;-4.08;41.31
22740;14;-3.85;41.31
22741;11;-3.84;41.31
22742;4;-3.78;41.31
22744;3;-3.36;41.31
22745;3;-3.33;41.31
22746;3;-3.23;41.31
22747;7;-3.22;41.31
22748;16;-2.94;41.31
22749;3;-2.77;41.31
22750;13;-1.89;41.31
22751;6;-1.88;41.31
22754;4;-1.49;41.31
22756;11;-1.08;41.31
22759;8;0.22;41.31
22760;3;0.40;41.31
22761;4;0.84;41.34
22762;11;0.85;41.31
22763;11;0.87;41.31
22765;3;1.01;41.31
22766;7;1.06;41.31
22767;8;1.09;41.31
22768;7;1.40;41.31
22769;11;1.43;41.31
22771;4;1.60;41.31
22774;4;1.54;41.34
22775;11;-5.81;41.32
22777;16;-5.13;41.33
22778;18;-3.93;41.31
22780;8;-4.04;41.30
22781;8;-3.98;41.31
22782;4;-3.92;41.30
22783;3;-2.57;41.31
22784;3;-2.49;41.31
22785;7;-1.10;41.30
22786;3;-0.81;41.30
22788;4;0.03;41.31
22789;12;0.31;41.33
22790;6;0.36;41.30
22791;14;-6.46;41.30
22792;6;-6.45;41.30
22793;11;-6.44;41.30
22795;3;-5.81;41.30
22797;18;-4.63;41.30
22798;18;-4.61;41.30
22799;21;-4.55;41.30
22800;4;-4.08;41.30
22801;8;-4.06;41.30
22802;18;-3.89;41.30
22804;18;-3.86;41.30
22805;14;-3.84;41.30
22807;9;-3.61;41.30
22808;8;-3.40;41.30
22809;3;-3.24;41.30
22810;3;-3.02;41.31
22811;16;-2.99;41.30
22812;16;-2.97;41.30
22813;7;-2.50;41.30
22814;4;-1.89;41.30
22815;8;-1.88;41.30
22816;8;-1.84;41.30
22817;3;-1.74;41.30
22819;8;-1.19;41.30
22820;11;-1.12;41.30
22821;4;-1.11;41.30
22822;13;-1.08;41.30
22823;7;-1.07;41.30
22828;4;0.16;41.30
22829;8;0.29;41.30
22830;4;0.34;41.30
22832;11;0.39;41.30
22833;5;0.41;41.30
22835;11;0.78;41.30
22836;11;0.80;41.30
22837;11;0.84;41.30
22838;11;0.91;41.30
22839;11;0.96;41.30
22840;8;1.15;41.30
22841;7;1.35;41.30
22842;4;1.56;41.30
22844;4;0.00;41.33
22845;4;-1.67;41.34
22847;5;-4.76;41.33
22848;9;-2.43;41.31
22849;4;-1.52;41.31
22851;8;-1.13;41.33
22852;7;0.43;41.30
22853;6;-3.16;41.30
22854;7;-3.09;41.30
22855;15;-2.83;41.34
22856;16;-2.71;41.32
22857;9;-6.28;41.30
22858;11;-3.37;41.30
22859;3;-3.34;41.30
22860;9;-3.21;41.29
22861;15;-2.88;41.30
22862;13;-2.86;41.29
22863;13;-2.81;41.29
22864;12;-1.92;41.30
22865;4;-0.68;41.33
22868;12;0.26;41.30
22869;4;0.87;41.30
22872;11;1.46;41.30
22873;8;1.49;41.30
22874;6;-6.48;41.29
22875;22;-6.37;41.29
22876;4;-6.06;41.29
22877;5;-5.87;41.29
22879;8;-4.08;41.29
22880;13;-3.94;41.29
22881;14;-3.92;41.29
22882;18;-3.91;41.29
22883;13;-3.87;41.29
22884;4;-3.81;41.29
22886;18;-2.94;41.31
22887;16;-2.92;41.29
22888;16;-2.90;41.29
22890;3;-2.50;41.29
22893;8;-1.81;41.30
22894;3;-1.72;41.29
22895;7;-1.11;41.29
22897;13;-0.76;41.29
22903;8;0.25;41.29
22904;4;0.27;41.29
22905;4;0.32;41.29
22906;12;0.34;41.29
22907;12;0.36;41.29
22908;4;0.71;41.29
22909;15;0.76;41.29
22910;9;0.79;41.29
22911;7;0.84;41.29
22912;11;0.86;41.29
22913;11;0.89;41.29
22914;7;0.93;41.32
22915;3;1.01;41.29
22916;3;1.04;41.29
22917;11;1.42;41.29
22918;7;1.48;41.29
22922;5;-1.36;41.33
22923;11;-2.59;41.32
22924;3;-4.53;41.32
22925;9;-4.20;41.32
22926;8;-1.97;41.30
22927;8;-4.58;41.31
22928;4;-1.78;41.30
22929;15;-6.40;41.31
22930;13;-6.08;41.35
22932;6;-3.76;41.31
22933;7;-1.71;41.30
22934;13;-1.05;41.31
22935;8;-4.11;41.29
22936;3;-2.71;41.29
22937;11;-1.03;41.29
22938;20;-6.44;41.29
22939;4;-6.25;41.29
22940;5;-5.36;41.29
22941;3;-3.28;41.30
22942;11;-1.06;41.29
22944;8;-0.04;41.28
22947;6;0.36;41.28
22948;5;0.38;41.29
22950;3;0.44;41.29
22951;7;0.45;41.29
22952;7;1.33;41.29
22953;8;1.67;41.29
22956;5;-4.69;41.28
22957;8;-4.00;41.28
22958;8;-3.97;41.28
22959;18;-3.92;41.28
22961;18;-3.90;41.28
22962;18;-3.86;41.28
22963;10;-3.83;41.28
22964;6;-3.81;41.28
22965;4;-3.78;41.28
22966;4;-3.72;41.28
22967;4;-3.54;41.28
22968;4;-3.49;41.30
22969;3;-3.33;41.28
22970;3;-3.18;41.28
22971;12;-3.16;41.28
22972;10;-2.97;41.28
22973;3;-2.77;41.28
22974;3;-2.73;41.28
22975;11;-2.72;41.28
22977;7;-2.47;41.29
22978;3;-2.43;41.28
22979;8;-1.80;41.28
22980;3;-1.71;41.28
22981;4;-1.63;41.28
22984;6;-1.13;41.28
22986;4;-1.07;41.28
22988;7;-0.40;41.28
22993;9;0.32;41.28
22995;3;0.39;41.28
22996;11;0.40;41.28
22997;4;0.68;41.28
22998;8;0.70;41.28
22999;15;0.85;41.28
23001;3;1.02;41.28
23002;7;1.05;41.29
23003;11;1.06;41.28
23006;8;1.69;41.28
23007;8;1.73;41.29
23008;8;1.78;41.28
23009;4;2.03;41.29
23010;10;-5.93;41.30
23011;3;1.02;41.37
23012;8;1.18;41.32
23013;4;-6.00;41.29
23014;11;-2.38;41.30
23015;8;-1.57;41.30
23016;18;-6.47;41.28
23017;20;-6.30;41.31
23019;10;-1.85;41.29
23020;17;0.83;41.28
23022;17;-6.41;41.28
23023;22;-6.34;41.28
23024;18;-4.70;41.29
23025;3;-3.38;41.28
23026;14;-3.22;41.28
23027;7;-3.04;41.28
23028;11;-1.15;41.28
23029;4;-1.10;41.28
23032;12;0.28;41.28
23033;13;0.89;41.28
23034;11;1.43;41.28
23035;4;1.77;41.28
23036;16;-6.52;41.27
23037;6;-6.48;41.27
23038;18;-6.44;41.27
23039;20;-6.43;41.27
23040;15;-6.40;41.27
23041;13;-6.38;41.28
23042;3;-5.81;41.27
23044;4;-4.86;41.31
23046;4;-4.80;41.27
23048;4;-4.19;41.27
23049;9;-4.18;41.27
23050;17;-4.02;41.27
23051;4;-4.00;41.27
23052;15;-3.83;41.27
23053;11;-3.79;41.27
23054;11;-3.74;41.27
23055;11;-3.72;41.27
23056;9;-3.54;41.27
23057;9;-3.49;41.27
23058;9;-3.47;41.27
23059;3;-3.35;41.27
23060;12;-3.21;41.27
23061;12;-3.18;41.27
23062;12;-3.15;41.27
23063;9;-3.14;41.27
23065;3;-2.98;41.27
23066;3;-2.72;41.27
23067;3;-2.65;41.27
23068;11;-2.49;41.27
23069;3;-2.44;41.27
23071;6;-1.90;41.27
23072;8;-1.88;41.27
23074;7;-1.71;41.27
23075;7;-1.68;41.27
23077;10;-1.17;41.27
23078;13;-1.13;41.27
23079;9;-1.11;41.27
23080;8;-1.06;41.27
23081;8;-1.00;41.29
23082;11;-0.70;41.27
23084;3;-0.40;41.27
23085;11;-0.38;41.27
23088;8;-0.12;41.27
23089;8;-0.02;41.27
23090;4;0.00;41.27
23093;9;0.34;41.27
23094;12;0.35;41.27
23095;11;0.38;41.27
23097;3;0.45;41.27
23099;12;0.71;41.27
23100;4;0.72;41.27
23101;13;0.79;41.27
23102;4;0.80;41.27
23103;11;1.05;41.27
23104;7;1.42;41.27
23105;4;1.55;41.27
23106;4;1.60;41.27
23107;13;-5.13;41.33
23108;4;-4.16;41.30
23109;4;-0.88;41.38
23110;11;-0.79;41.30
23111;21;-5.33;41.30
23112;5;-4.60;41.28
23113;8;-0.65;41.36
23114;8;-6.00;41.27
23115;8;-3.36;41.27
23116;8;-2.89;41.27
23117;8;-0.43;41.27
23120;4;1.68;41.27
23121;16;-5.09;41.28
23122;13;-1.82;41.27
23123;8;-1.51;41.27
23125;15;0.30;41.27
23126;3;0.42;41.27
23127;4;0.70;41.27
23128;11;0.92;41.27
23130;12;-6.54;41.26
23131;14;-6.53;41.26
23132;10;-6.51;41.26
23133;14;-6.50;41.26
23134;20;-6.48;41.26
23135;17;-6.46;41.26
23136;4;-6.01;41.26
23140;9;-4.16;41.26
23141;22;-4.08;41.26
23142;4;-3.97;41.26
23144;9;-3.45;41.26
23145;14;-3.26;41.26
23146;10;-2.89;41.26
23148;11;-2.44;41.26
23150;3;-1.84;41.26
23151;7;-1.80;41.26
23152;3;-1.68;41.26
23153;8;-1.61;41.26
23154;5;-1.10;41.26
23158;3;-0.38;41.26
23159;8;-0.04;41.26
23160;3;0.09;41.26
23162;4;0.25;41.26
23164;7;0.40;41.26
23165;3;0.46;41.30
23167;12;0.72;41.26
23168;7;0.76;41.30
23169;15;0.82;41.26
23170;15;0.85;41.26
23171;8;1.05;41.26
23172;4;1.48;41.26
23173;8;1.72;41.26
23174;4;1.74;41.26
23175;14;-5.57;41.30
23176;8;-2.32;41.29
23177;9;-5.68;41.29
23178;9;-3.07;41.29
23179;7;-5.80;41.27
23180;11;-2.26;41.28
23181;20;-6.35;41.26
23182;14;-3.16;41.27
23183;15;-6.45;41.27
23184;8;-6.22;41.29
23185;3;-3.21;41.26
23186;3;-2.25;41.26
23187;15;-1.74;41.26
23188;3;-1.38;41.29
23189;4;-1.20;41.26
23190;4;0.36;41.26
23191;8;1.13;41.27
23192;17;-6.43;41.26
23193;14;-6.41;41.26
23194;12;-6.40;41.26
23195;15;-6.38;41.26
23196;9;-3.35;41.26
23197;11;-3.13;41.27
23198;3;-3.02;41.26
23200;11;-2.40;41.26
23201;3;-2.37;41.26
23202;8;-0.41;41.26
23203;7;0.34;41.26
23204;3;0.38;41.26
23205;7;0.83;41.26
23206;7;0.87;41.26
23207;8;1.84;41.28
23208;14;-6.54;41.25
23209;20;-6.51;41.25
23210;19;-6.48;41.25
23211;18;-6.47;41.25
23212;11;-6.44;41.25
23213;4;-6.22;41.25
23214;4;-5.99;41.25
23215;5;-5.90;41.25
23216;3;-5.75;41.25
23219;5;-5.38;41.25
23220;10;-5.36;41.25
23224;22;-4.09;41.25
23225;17;-4.04;41.25
23228;2;-3.81;41.25
23229;9;-3.52;41.25
23230;9;-3.47;41.25
23232;14;-3.24;41.25
23233;14;-3.20;41.25
23234;10;-2.91;41.25
23235;13;-2.89;41.25
23236;3;-2.87;41.25
23237;4;-2.83;41.25
23239;3;-2.39;41.25
23240;11;-2.38;41.25
23241;3;-2.27;41.25
23243;11;-1.84;41.25
23244;2;-1.80;41.25
23245;15;-1.78;41.25
23246;4;-1.63;41.25
23248;7;-1.15;41.25
23253;8;-0.17;41.36
23254;8;-0.05;41.25
23256;4;0.19;41.25
23258;4;0.21;41.25
23260;9;0.28;41.25
23261;17;0.29;41.25
23262;9;0.31;41.25
23263;17;0.32;41.25
23265;7;0.39;41.25
23266;3;0.40;41.25
23267;7;0.43;41.26
23268;4;0.47;41.25
23269;4;0.64;41.25
23270;4;0.71;41.25
23271;15;0.74;41.25
23272;4;0.85;41.25
23273;4;1.47;41.25
23274;4;1.55;41.26
23275;4;1.59;41.25
23276;5;-3.41;41.26
23277;8;-2.60;41.26
23278;13;-2.40;41.28
23279;11;-1.55;41.26
23280;18;-5.97;41.25
23281;14;-5.92;41.26
23282;17;-3.97;41.26
23285;9;-1.13;41.26
23286;8;-0.55;41.25
23288;8;0.22;41.25
23289;15;0.88;41.26
23290;8;1.67;41.26
23291;18;-6.52;41.25
23293;4;-1.17;41.25
23295;4;1.42;41.25
23296;8;1.81;41.25
23297;6;-6.64;41.25
23298;6;-6.60;41.25
23299;11;-6.55;41.25
23300;8;-6.22;41.25
23301;10;-6.21;41.25
23302;7;-5.50;41.25
23303;4;-5.00;41.25
23306;5;-3.45;41.25
23307;12;-3.21;41.25
23308;3;-3.20;41.25
23309;12;-3.17;41.25
23310;11;-2.88;41.25
23311;7;-2.83;41.25
23312;6;-2.82;41.25
23313;8;-2.77;41.25
23314;3;-2.41;41.25
23316;3;-2.26;41.25
23319;2;-1.81;41.25
23320;2;-1.78;41.25
23322;9;-1.15;41.25
23323;5;-1.14;41.25
23325;3;-0.92;41.25
23326;9;-0.89;41.25
23327;9;-0.87;41.25
23329;8;-0.06;41.25
23331;8;-0.03;41.25
23332;3;0.06;41.25
23335;4;0.26;41.25
23336;15;0.31;41.25
23337;7;0.32;41.25
23338;11;0.35;41.25
23339;4;0.38;41.25
23341;7;0.50;41.25
23342;3;0.51;41.25
23344;8;0.65;41.25
23346;12;0.71;41.25
23347;4;0.73;41.25
23348;7;0.74;41.25
23349;15;0.76;41.25
23350;7;0.77;41.25
23351;15;0.80;41.25
23353;4;1.44;41.25
23354;4;1.68;41.25
23355;4;1.78;41.25
23357;4;1.07;41.29
23358;9;-4.10;41.25
23359;5;-3.58;41.25
23360;9;-3.55;41.25
23361;12;-1.77;41.26
23362;7;-1.86;41.26
23363;6;-1.17;41.25
23364;12;-6.00;41.25
23365;11;-5.09;41.25
23366;22;-4.16;41.25
23367;3;-3.10;41.25
23368;13;-2.92;41.25
23369;7;-1.82;41.25
23370;15;0.33;41.25
23372;8;1.11;41.25
23373;5;-3.41;41.24
23376;15;0.28;41.24
23377;9;0.29;41.24
23379;4;0.62;41.24
23380;12;0.68;41.24
23381;8;1.00;41.24
23382;8;1.41;41.24
23383;16;-6.62;41.24
23384;6;-6.58;41.24
23385;16;-6.57;41.24
23386;16;-6.41;41.24
23387;8;-6.21;41.24
23388;15;-6.13;41.24
23389;19;-6.09;41.24
23390;19;-6.06;41.24
23391;19;-6.02;41.24
23395;9;-4.74;41.24
23396;9;-4.13;41.24
23398;3;-3.37;41.24
23399;3;-3.31;41.24
23400;11;-3.23;41.24
23402;9;-3.09;41.24
23403;3;-3.08;41.24
23407;13;-2.41;41.24
23408;11;-2.40;41.24
23409;3;-2.35;41.24
23411;11;-1.56;41.24
23413;4;-1.22;41.24
23415;5;-1.12;41.24
23416;7;-1.02;41.24
23418;3;-0.97;41.24
23419;9;-0.91;41.24
23421;7;-0.74;41.24
23423;14;0.26;41.24
23424;12;0.27;41.24
23425;17;0.31;41.24
23427;4;0.35;41.24
23428;3;0.52;41.24
23429;4;0.66;41.24
23430;14;0.73;41.24
23431;12;0.86;41.24
23434;4;1.55;41.24
23435;4;1.67;41.24
23436;8;1.68;41.24
23437;4;1.69;41.24
23438;4;1.87;41.34
23439;5;-4.26;41.32
23440;12;0.24;41.25
23441;17;-6.08;41.26
23442;9;-3.63;41.29
23443;4;-4.95;41.25
23444;11;-2.95;41.25
23446;16;-2.70;41.25
23447;3;-2.65;41.24
23448;3;0.92;41.24
23449;13;-6.38;41.24
23451;3;-5.53;41.24
23452;5;-4.55;41.24
23454;9;-3.76;41.25
23455;14;-3.20;41.24
23456;7;-3.01;41.24
23457;3;-2.89;41.24
23458;17;-1.79;41.24
23459;11;-0.38;41.25
23462;18;-6.60;41.23
23463;4;-5.01;41.23
23464;5;-4.21;41.24
23465;7;-2.86;41.24
23466;11;-2.75;41.25
23467;7;-2.21;41.31
23468;4;-1.68;41.23
23469;4;-1.65;41.24
23470;7;-1.52;41.24
23473;3;0.07;41.23
23474;4;0.21;41.24
23477;17;0.77;41.25
23478;7;0.82;41.23
23479;4;0.99;41.23
23480;4;1.13;41.23
23481;4;1.59;41.23
23482;6;-6.66;41.23
23483;14;-6.60;41.23
23484;18;-6.56;41.23
23485;8;-6.25;41.23
23486;13;-6.13;41.23
23487;17;-6.06;41.23
23488;17;-6.02;41.23
23490;5;-5.32;41.23
23493;5;-4.16;41.23
23494;9;-4.15;41.23
23496;13;-4.06;41.23
23497;17;-4.03;41.23
23498;13;-3.89;41.25
23499;3;-3.90;41.23
23500;8;-3.58;41.23
23502;5;-3.53;41.23
23503;5;-3.47;41.23
23504;8;-3.37;41.23
23505;12;-3.33;41.23
23506;5;-3.21;41.23
23508;11;-3.16;41.23
23509;9;-3.14;41.23
23510;7;-3.11;41.23
23511;9;-3.10;41.23
23513;9;-3.08;41.23
23514;3;-3.01;41.23
23515;18;-2.72;41.23
23516;8;-2.59;41.23
23517;11;-2.41;41.23
23518;9;-2.39;41.23
23520;13;-1.81;41.23
23521;12;-1.78;41.23
23522;4;-1.74;41.23
23524;4;-1.63;41.23
23526;7;-1.12;41.23
23527;9;-1.10;41.23
23530;8;-0.40;41.23
23531;7;-0.35;41.26
23533;8;0.23;41.23
23534;7;0.28;41.23
23536;7;0.33;41.23
23537;10;0.36;41.23
23538;6;0.38;41.23
23541;12;0.70;41.23
23543;4;0.87;41.23
23544;7;0.90;41.23
23546;8;1.56;41.23
23548;13;-3.69;41.29
23549;3;-2.06;41.25
23551;8;0.67;41.24
23552;18;-6.42;41.23
23553;7;-2.37;41.23
23554;14;-6.00;41.23
23555;9;-3.02;41.23
23556;3;-2.98;41.23
23557;11;-2.43;41.23
23558;11;-1.83;41.23
23559;3;-1.58;41.23
23561;4;1.36;41.24
23563;4;-5.68;41.23
23564;22;-4.11;41.22
23565;3;-3.87;41.22
23566;16;-3.85;41.22
23568;11;-3.13;41.22
23569;13;-2.41;41.22
23570;7;-1.85;41.22
23571;7;-1.56;41.22
23572;3;-1.54;41.22
23573;4;-1.17;41.22
23574;9;-1.14;41.22
23575;7;-0.74;41.25
23578;15;0.78;41.22
23579;15;0.80;41.22
23580;7;0.85;41.22
23581;4;1.49;41.23
23582;17;-6.67;41.22
23584;14;-6.57;41.22
23585;10;-6.25;41.22
23586;4;-6.10;41.22
23587;17;-6.05;41.22
23588;12;-6.00;41.22
23592;4;-5.00;41.22
23594;5;-4.76;41.22
23597;7;-4.00;41.22
23598;16;-3.96;41.22
23599;3;-3.93;41.22
23600;3;-3.57;41.22
23601;8;-3.51;41.22
23602;3;-3.49;41.22
23603;11;-3.18;41.22
23604;9;-3.16;41.22
23605;9;-3.11;41.22
23606;7;-3.10;41.22
23607;9;-3.09;41.22
23608;3;-3.08;41.22
23609;9;-3.05;41.22
23611;6;-2.91;41.22
23612;7;-2.89;41.22
23613;9;-2.77;41.22
23614;13;-2.75;41.22
23615;5;-2.73;41.22
23616;18;-2.70;41.22
23617;8;-2.61;41.22
23621;7;-1.81;41.22
23622;14;-1.80;41.22
23623;2;-1.78;41.22
23625;7;-1.15;41.22
23629;7;0.08;41.22
23632;8;0.26;41.22
23633;4;0.28;41.22
23634;15;0.31;41.22
23635;7;0.32;41.22
23636;6;0.36;41.22
23638;4;0.66;41.22
23639;12;0.68;41.22
23641;4;0.89;41.22
23642;4;1.06;41.22
23643;4;1.58;41.22
23646;15;-6.40;41.23
23647;4;-1.04;41.25
23648;7;0.05;41.23
23649;17;-5.97;41.22
23650;4;-2.31;41.24
23651;18;-6.61;41.22
23652;18;-6.37;41.22
23653;8;-6.16;41.24
23654;10;-6.14;41.23
23655;8;-3.34;41.22
23657;9;-2.90;41.22
23658;7;-2.78;41.22
23659;8;1.09;41.22
23660;4;1.68;41.22
23663;4;-4.02;41.30
23665;3;-3.63;41.21
23666;6;-2.99;41.21
23667;7;-2.96;41.22
23668;9;-2.85;41.23
23669;3;-2.39;41.21
23670;17;-1.71;41.22
23671;4;-1.64;41.21
23672;6;-1.22;41.21
23673;4;0.24;41.21
23674;8;0.41;41.23
23676;9;0.75;41.21
23677;8;1.42;41.21
23678;4;-6.25;41.21
23679;5;-4.10;41.21
23680;9;-4.08;41.21
23681;16;-4.00;41.21
23682;3;-3.91;41.21
23683;3;-3.85;41.21
23684;5;-3.46;41.21
23685;8;-3.39;41.21
23687;3;-3.36;41.21
23688;5;-3.32;41.21
23689;12;-3.29;41.27
23691;9;-3.20;41.21
23692;11;-3.14;41.21
23693;9;-3.13;41.21
23695;3;-2.89;41.21
23698;7;-2.34;41.21
23699;6;-2.33;41.21
23701;4;-2.15;41.21
23703;10;-1.81;41.21
23704;7;-1.78;41.21
23705;9;-1.76;41.21
23706;7;-1.70;41.21
23711;7;0.10;41.24
23713;8;0.28;41.21
23714;12;0.29;41.21
23715;8;0.64;41.22
23716;17;0.78;41.21
23717;7;0.80;41.21
23718;7;0.84;41.21
23719;4;0.86;41.21
23720;4;0.91;41.21
23721;8;0.99;41.21
23722;8;1.06;41.21
23723;4;1.08;41.21
23724;4;1.43;41.21
23725;4;1.52;41.21
23726;8;1.56;41.21
23727;4;1.59;41.21
23728;8;-2.47;41.23
23730;9;-5.40;41.23
23731;12;-3.60;41.21
23732;5;-3.39;41.21
23733;11;-2.67;41.24
23734;9;-1.74;41.21
23735;7;-1.08;41.24
23737;4;1.63;41.22
23738;17;-6.69;41.20
23739;9;-6.29;41.25
23740;19;-6.05;41.21
23741;14;-6.00;41.21
23742;12;-5.99;41.20
23743;5;-4.55;41.20
23744;8;-3.49;41.21
23745;3;-3.46;41.20
23746;7;-3.08;41.21
23747;6;-2.96;41.20
23748;4;-2.93;41.21
23749;7;-2.84;41.21
23750;5;-2.76;41.20
23751;16;-2.70;41.20
23752;4;-2.55;41.23
23753;11;-2.41;41.20
23754;15;-1.72;41.20
23755;4;-1.56;41.20
23756;3;0.08;41.20
23757;6;0.70;41.21
23759;4;1.06;41.20
23761;11;-6.57;41.20
23762;17;-6.07;41.20
23763;15;-6.06;41.20
23764;17;-6.05;41.20
23765;17;-6.02;41.20
23766;8;-6.01;41.20
23768;4;-4.34;41.20
23769;5;-4.11;41.20
23770;9;-4.06;41.20
23771;16;-3.94;41.20
23772;12;-3.64;41.20
23773;3;-3.55;41.20
23775;5;-3.37;41.20
23776;8;-3.35;41.20
23777;5;-3.33;41.20
23778;8;-3.29;41.20
23779;12;-3.27;41.20
23780;11;-3.23;41.20
23781;9;-3.21;41.20
23782;7;-2.89;41.20
23784;4;-2.81;41.25
23785;2;-2.79;41.20
23786;18;-2.71;41.20
23787;9;-2.37;41.21
23788;7;-2.37;41.20
23789;7;-2.33;41.20
23790;6;-2.31;41.20
23791;4;-2.28;41.20
23792;3;-2.27;41.20
23793;3;-2.13;41.20
23794;3;-2.06;41.20
23796;4;-1.90;41.20
23798;6;-1.82;41.20
23799;9;-1.81;41.20
23800;4;-1.21;41.20
23801;8;-1.02;41.20
23802;11;-1.01;41.20
23803;3;-0.25;41.20
23804;7;0.06;41.20
23807;8;0.24;41.20
23808;12;0.26;41.20
23809;8;0.32;41.21
23810;7;0.39;41.20
23811;15;0.40;41.20
23812;4;0.43;41.21
23813;4;0.58;41.20
23814;8;0.59;41.20
23815;4;0.61;41.20
23816;6;0.65;41.20
23817;15;0.77;41.20
23818;7;0.82;41.20
23819;8;0.97;41.20
23820;8;1.08;41.20
23821;4;1.09;41.20
23822;4;1.32;41.20
23824;8;1.37;41.20
23825;4;1.47;41.20
23828;4;-6.18;41.27
23829;9;-4.62;41.23
23830;15;-1.76;41.22
23831;3;0.51;41.21
23832;18;-4.14;41.21
23833;3;-3.96;41.20
23834;12;-3.77;41.22
23835;16;-3.70;41.20
23836;7;-0.99;41.20
23837;4;1.40;41.22
23838;13;-6.10;41.20
23839;22;-4.17;41.20
23840;3;-3.42;41.21
23842;2;-3.21;41.20
23843;17;-1.79;41.20
23844;6;-1.18;41.20
23845;3;-1.12;41.20
23846;15;0.83;41.22
23847;8;1.34;41.21
23848;8;-6.18;41.20
23849;10;-6.16;41.19
23850;4;-6.14;41.20
23851;4;-6.08;41.19
23852;9;-4.25;41.21
23853;3;-4.02;41.20
23854;3;-3.61;41.19
23855;2;-3.17;41.21
23856;16;-2.72;41.19
23857;4;-1.69;41.20
23859;12;0.28;41.19
23860;8;1.02;41.20
23861;4;1.39;41.19
23862;8;1.53;41.19
23863;4;-6.25;41.19
23864;8;-6.22;41.20
23865;4;-6.18;41.19
23866;4;-6.12;41.19
23867;13;-6.02;41.19
23868;14;-5.99;41.19
23869;4;-4.91;41.19
23870;4;-4.31;41.19
23872;21;-4.08;41.19
23874;8;-3.67;41.19
23875;3;-3.35;41.19
23876;3;-3.33;41.19
23879;7;-3.24;41.19
23880;6;-3.23;41.19
23881;4;-2.95;41.19
23882;10;-2.82;41.19
23883;3;-2.76;41.19
23884;10;-2.73;41.20
23886;13;-2.38;41.19
23887;4;-2.29;41.19
23888;2;-2.28;41.19
23890;7;-2.04;41.19
23891;7;-1.90;41.19
23892;11;-1.89;41.19
23893;7;-1.87;41.19
23894;7;-1.81;41.19
23895;17;-1.77;41.19
23896;17;-1.75;41.19
23897;15;-1.74;41.19
23898;7;-1.72;41.19
23899;17;-1.70;41.19
23901;4;-1.08;41.19
23902;7;-0.81;41.19
23904;3;-0.26;41.19
23910;4;0.30;41.19
23912;11;0.36;41.20
23913;8;0.65;41.19
23914;6;0.66;41.19
23915;15;0.80;41.19
23916;8;0.98;41.19
23917;8;1.06;41.19
23918;8;1.32;41.19
23919;4;1.34;41.19
23920;4;1.48;41.19
23921;8;1.55;41.19
23922;9;-4.77;41.23
23923;7;-5.52;41.21
23924;11;-0.98;41.21
23925;7;0.47;41.21
23926;13;-5.97;41.19
23927;7;-2.14;41.19
23929;15;0.37;41.19
23930;6;-6.70;41.19
23931;13;-4.65;41.19
23932;3;-3.89;41.19
23933;3;-3.57;41.19
23934;7;-3.04;41.22
23935;10;-2.78;41.19
23936;8;-2.66;41.19
23938;3;-2.21;41.19
23940;4;-1.23;41.18
23941;8;-0.63;41.19
23944;13;-6.66;41.18
23945;11;-6.57;41.18
23946;7;-6.50;41.18
23947;13;-6.07;41.18
23948;8;-6.01;41.18
23949;8;-5.99;41.18
23953;4;-4.98;41.19
23955;9;-4.73;41.18
23956;9;-4.38;41.18
23957;22;-4.28;41.18
23958;8;-4.03;41.18
23959;12;-4.01;41.18
23960;8;-3.94;41.18
23961;3;-3.92;41.18
23962;3;-3.72;41.18
23963;8;-3.68;41.18
23964;3;-3.52;41.20
23965;6;-3.41;41.18
23966;3;-3.37;41.18
23968;3;-3.34;41.18
23969;4;-3.20;41.18
23970;7;-3.18;41.18
23971;3;-3.09;41.18
23972;7;-2.99;41.18
23973;3;-2.95;41.18
23974;4;-2.94;41.18
23975;2;-2.76;41.18
23976;16;-2.74;41.18
23979;8;-2.48;41.18
23980;5;-2.25;41.18
23981;3;-2.07;41.18
23983;7;-1.89;41.18
23984;11;-1.87;41.18
23985;7;-1.86;41.18
23988;3;-1.76;41.18
23989;9;-1.71;41.18
23991;9;-1.69;41.18
23993;3;-0.24;41.18
23996;12;0.31;41.18
23997;8;0.32;41.18
23999;15;0.34;41.18
24000;4;0.65;41.18
24001;15;0.82;41.18
24002;11;0.84;41.18
24003;8;1.29;41.18
24004;8;1.45;41.23
24005;4;1.50;41.18
24006;23;-5.33;41.21
24007;13;-6.39;41.19
24008;4;-5.46;41.26
24010;7;-5.61;41.19
24011;8;-1.05;41.20
24013;9;-1.78;41.18
24014;12;-0.64;41.19
24015;8;0.43;41.18
24016;12;0.72;41.19
24018;4;0.95;41.19
24019;4;1.00;41.18
24020;9;-6.12;41.19
24021;8;-3.91;41.18
24022;21;-3.85;41.18
24023;6;-3.51;41.18
24024;7;-1.74;41.18
24025;9;-0.82;41.18
24026;8;-0.75;41.18
24028;12;0.23;41.18
24029;11;0.40;41.18
24030;4;0.47;41.17
24031;4;0.57;41.18
24033;13;-6.70;41.17
24034;17;-6.67;41.17
24035;8;-6.21;41.17
24036;4;-5.59;41.17
24037;7;-5.39;41.17
24038;26;-5.37;41.17
24039;13;-5.13;41.17
24040;5;-5.06;41.17
24041;22;-4.30;41.17
24042;22;-4.24;41.17
24043;8;-3.89;41.17
24044;3;-3.83;41.17
24045;3;-3.74;41.17
24046;6;-3.40;41.17
24047;5;-3.36;41.17
24048;3;-3.18;41.17
24049;7;-3.10;41.17
24050;3;-3.01;41.17
24051;3;-2.96;41.17
24053;5;-2.75;41.17
24054;8;-2.65;41.17
24055;11;-2.22;41.21
24056;7;-2.12;41.17
24057;7;-2.05;41.17
24058;8;-1.93;41.19
24059;13;-1.89;41.17
24060;7;-1.80;41.17
24061;7;-1.77;41.17
24062;7;-1.71;41.17
24063;3;-1.69;41.17
24064;4;-1.59;41.17
24065;4;-1.18;41.18
24066;2;-0.83;41.17
24067;7;-0.80;41.18
24068;11;-0.76;41.17
24069;10;-0.74;41.17
24070;8;-0.59;41.17
24072;4;0.22;41.17
24074;15;0.32;41.17
24075;7;0.41;41.17
24076;4;0.64;41.17
24077;8;0.67;41.18
24078;4;0.72;41.17
24079;7;0.84;41.17
24080;8;0.93;41.17
24082;4;1.03;41.17
24083;8;1.35;41.17
24084;4;1.43;41.17
24085;4;-5.21;41.22
24086;5;-5.78;41.21
24087;3;-5.64;41.19
24088;4;-2.89;41.18
24089;5;-2.31;41.18
24090;10;-6.23;41.19
24091;6;-6.20;41.17
24092;10;-6.18;41.17
24093;3;-3.27;41.19
24094;16;-2.43;41.18
24095;11;-1.81;41.17
24096;4;-1.56;41.17
24097;7;0.80;41.17
24098;15;-6.58;41.20
24099;16;-6.32;41.20
24100;6;-6.25;41.17
24101;13;-6.14;41.17
24102;15;-6.13;41.17
24103;9;-6.08;41.17
24105;7;-5.68;41.17
24107;3;-3.67;41.19
24108;3;-3.62;41.17
24109;3;-3.56;41.17
24110;6;-2.92;41.18
24111;13;-2.71;41.17
24113;11;-2.64;41.17
24114;11;-2.41;41.17
24115;7;-1.87;41.17
24116;9;-1.75;41.17
24117;4;-0.60;41.18
24118;11;-0.28;41.17
24119;3;-0.22;41.18
24120;8;0.20;41.17
24121;4;0.27;41.18
24122;8;1.01;41.17
24123;16;-6.72;41.16
24124;7;-6.59;41.16
24125;12;-6.38;41.16
24126;12;-6.27;41.16
24127;8;-6.19;41.16
24128;13;-6.11;41.17
24129;13;-6.05;41.16
24130;5;-5.97;41.16
24131;4;-5.69;41.16
24132;7;-5.64;41.16
24133;8;-5.59;41.16
24134;5;-5.11;41.16
24136;5;-4.74;41.16
24137;8;-3.87;41.16
24138;16;-3.83;41.16
24139;16;-3.74;41.16
24140;12;-3.71;41.18
24141;3;-3.60;41.16
24142;8;-3.54;41.16
24144;2;-3.20;41.16
24145;9;-2.91;41.16
24146;8;-2.68;41.17
24147;8;-2.46;41.16
24149;7;-1.76;41.16
24150;3;-1.72;41.17
24151;4;-1.26;41.16
24152;16;-0.76;41.16
24153;18;-0.75;41.16
24154;16;-0.74;41.16
24155;6;-0.73;41.16
24157;8;-0.31;41.17
24158;3;-0.26;41.16
24160;4;-0.18;41.16
24161;4;-0.16;41.16
24162;3;-0.15;41.16
24165;12;0.22;41.16
24166;4;0.23;41.16
24167;12;0.26;41.16
24169;15;0.36;41.16
24170;11;0.39;41.16
24171;4;0.44;41.16
24172;8;0.60;41.17
24173;11;0.67;41.16
24174;15;0.72;41.16
24175;7;0.73;41.16
24179;8;1.30;41.16
24180;4;1.33;41.16
24181;8;1.37;41.16
24182;8;1.46;41.16
24183;7;-0.91;41.22
24184;7;-0.24;41.19
24185;23;-4.15;41.17
24186;7;-2.97;41.17
24188;4;-1.43;41.22
24189;15;-6.04;41.17
24190;10;-6.01;41.17
24192;8;0.87;41.17
24193;12;-6.43;41.17
24194;13;-4.32;41.16
24195;5;-4.30;41.16
24196;5;-4.23;41.17
24197;10;-4.17;41.16
24198;2;-3.36;41.16
24199;3;-3.16;41.16
24200;3;-3.09;41.16
24201;7;-3.01;41.16
24203;11;-2.17;41.16
24204;9;-1.80;41.16
24205;9;-1.77;41.16
24206;3;-1.65;41.16
24207;4;-1.14;41.16
24208;14;-0.83;41.16
24209;8;0.40;41.16
24210;15;0.76;41.17
24211;4;1.35;41.16
24212;16;-6.73;41.15
24213;12;-6.47;41.15
24214;8;-6.32;41.15
24215;15;-6.10;41.16
24216;13;-6.07;41.15
24217;5;-5.64;41.15
24219;8;-5.57;41.15
24222;8;-4.00;41.15
24223;3;-3.85;41.16
24224;8;-3.59;41.18
24225;5;-3.37;41.15
24226;3;-2.68;41.15
24227;8;-2.65;41.15
24228;3;-2.45;41.15
24229;11;-2.43;41.15
24230;12;-2.41;41.15
24231;7;-2.40;41.15
24233;7;-1.96;41.15
24234;11;-1.85;41.16
24235;7;-1.81;41.15
24236;7;-1.75;41.15
24237;3;-1.68;41.15
24238;3;-0.46;41.15
24239;15;-0.26;41.15
24241;12;0.23;41.15
24243;4;0.28;41.15
24244;4;0.32;41.15
24245;11;0.36;41.15
24247;4;0.41;41.15
24251;8;0.96;41.15
24252;4;1.30;41.15
24253;8;1.31;41.15
24255;4;1.37;41.15
24256;4;1.41;41.15
24257;11;-2.57;41.17
24258;3;-3.76;41.16
24259;12;-0.82;41.15
24260;3;-3.80;41.16
24261;8;-2.86;41.16
24262;7;-1.78;41.15
24263;8;1.34;41.15
24264;29;-6.72;41.15
24265;29;-6.66;41.16
24266;6;-5.89;41.15
24267;16;-3.81;41.15
24268;16;-3.82;41.20
24269;8;-3.56;41.15
24270;5;-3.51;41.17
24271;5;-3.39;41.15
24272;9;-2.99;41.18
24274;3;-2.10;41.17
24275;13;-1.88;41.15
24276;14;-0.75;41.15
24277;9;-0.73;41.15
24279;11;0.60;41.15
24280;10;-6.03;41.14
24283;3;-3.53;41.14
24284;6;-3.45;41.14
24285;3;-3.37;41.14
24286;3;-3.17;41.14
24287;7;-3.11;41.14
24288;3;-3.02;41.14
24289;3;-2.96;41.14
24290;3;-2.55;41.15
24291;8;-2.47;41.14
24292;16;-2.46;41.14
24293;3;-2.41;41.14
24294;7;-2.11;41.14
24295;7;-2.03;41.16
24296;7;-1.98;41.14
24298;6;-1.94;41.14
24299;7;-1.93;41.14
24300;3;-1.70;41.14
24302;4;-1.45;41.14
24304;7;-0.79;41.14
24305;7;-0.75;41.14
24307;4;-0.25;41.14
24309;7;-0.09;41.20
24311;4;0.22;41.14
24312;8;0.25;41.15
24313;8;0.29;41.14
24314;11;0.35;41.14
24315;7;0.38;41.15
24317;8;0.57;41.14
24319;11;0.68;41.14
24320;8;0.94;41.14
24321;4;0.97;41.15
24322;4;1.33;41.14
24323;4;1.36;41.14
24325;13;-2.49;41.17
24326;9;-6.40;41.15
24327;21;-3.92;41.16
24328;4;-6.19;41.15
24330;3;-2.22;41.15
24332;7;-0.15;41.14
24333;8;-6.07;41.14
24334;4;-6.05;41.14
24335;10;-6.00;41.14
24337;2;-3.29;41.14
24338;3;-2.98;41.14
24339;12;-2.42;41.14
24340;3;-2.32;41.14
24342;8;-1.83;41.16
24343;4;0.27;41.14
24344;11;0.63;41.14
24345;11;0.82;41.16
24346;6;-6.77;41.14
24347;29;-6.71;41.14
24348;29;-6.65;41.14
24349;8;-6.09;41.14
24350;3;-5.57;41.14
24352;21;-3.90;41.14
24353;3;-3.71;41.14
24354;3;-3.68;41.14
24355;8;-3.54;41.14
24356;3;-3.48;41.14
24358;3;-3.16;41.14
24359;7;-3.06;41.14
24360;7;-3.00;41.14
24361;11;-2.47;41.14
24362;8;-2.46;41.14
24363;16;-2.45;41.14
24364;3;-2.24;41.14
24365;7;-2.15;41.14
24366;7;-2.09;41.14
24368;3;-2.06;41.14
24369;3;-2.03;41.14
24371;4;-1.75;41.14
24372;7;-1.70;41.14
24373;3;-0.78;41.14
24375;4;-0.23;41.14
24378;4;0.21;41.14
24379;8;0.22;41.14
24380;7;0.58;41.14
24382;7;0.71;41.14
24383;11;0.73;41.14
24385;8;0.96;41.14
24386;12;-4.05;41.17
24387;4;-0.43;41.26
24388;7;0.66;41.15
24389;8;-6.16;41.16
24390;5;-3.58;41.14
24391;11;-2.75;41.14
24392;3;-2.62;41.15
24393;9;-1.71;41.14
24394;7;-1.68;41.15
24395;11;-0.11;41.14
24396;10;-6.11;41.14
24397;4;-6.02;41.14
24398;12;-3.81;41.13
24399;9;-2.95;41.15
24400;3;-2.13;41.14
24403;8;-3.90;41.14
24404;8;-3.59;41.13
24405;6;-3.50;41.14
24406;9;-1.99;41.13
24407;3;-1.96;41.13
24408;11;-1.91;41.15
24409;10;-1.82;41.13
24410;4;-1.78;41.13
24412;4;0.24;41.13
24413;14;-6.75;41.13
24414;29;-6.72;41.13
24415;27;-6.71;41.13
24416;4;-6.16;41.13
24419;8;-3.96;41.13
24420;3;-3.94;41.13
24421;3;-3.79;41.13
24422;3;-3.60;41.13
24423;3;-3.57;41.13
24426;3;-3.07;41.13
24427;11;-2.63;41.13
24428;11;-2.46;41.13
24429;8;-2.45;41.13
24431;7;-2.14;41.13
24432;7;-2.07;41.13
24433;4;-1.97;41.25
24435;4;-1.91;41.13
24436;7;-1.90;41.13
24437;4;-1.64;41.13
24438;4;-1.61;41.13
24439;4;-1.12;41.13
24441;12;-0.80;41.13
24442;7;-0.79;41.13
24444;8;-0.54;41.15
24447;3;-0.15;41.13
24448;7;-0.12;41.13
24449;7;-0.09;41.13
24451;4;0.12;41.13
24453;8;-0.63;41.19
24454;12;-0.59;41.15
24455;4;-6.32;41.14
24456;3;-3.64;41.14
24457;23;-4.18;41.14
24458;3;-0.74;41.13
24459;4;-4.54;41.13
24460;5;-3.62;41.13
24461;3;-3.35;41.13
24462;6;-6.04;41.12
24464;3;-3.53;41.12
24468;2;-3.14;41.12
24469;18;-2.77;41.12
24470;13;-2.75;41.12
24471;3;-2.48;41.12
24472;3;-1.93;41.12
24473;7;-0.69;41.12
24475;11;-0.41;41.12
24476;4;-0.24;41.12
24477;4;0.11;41.23
24478;7;0.37;41.12
24479;7;0.61;41.13
24480;11;0.63;41.12
24481;10;-6.76;41.12
24482;6;-6.11;41.12
24483;4;-6.08;41.12
24484;4;-6.05;41.12
24487;5;-5.67;41.12
24490;8;-3.97;41.12
24491;8;-3.87;41.12
24492;3;-3.78;41.12
24494;3;-3.70;41.12
24495;3;-3.67;41.12
24496;7;-3.63;41.12
24497;7;-3.58;41.12
24498;5;-3.56;41.12
24499;8;-3.52;41.12
24500;5;-3.37;41.13
24501;5;-3.34;41.12
24502;6;-3.13;41.12
24503;7;-3.11;41.12
24504;4;-2.98;41.12
24505;16;-2.80;41.12
24506;3;-2.69;41.12
24507;3;-2.58;41.12
24508;16;-2.50;41.13
24511;7;-1.93;41.12
24512;11;-1.91;41.12
24513;6;-1.71;41.12
24514;7;-1.70;41.12
24515;9;-1.68;41.12
24516;4;-1.67;41.12
24517;6;-1.65;41.12
24518;10;-1.64;41.12
24519;4;-1.57;41.12
24521;4;-1.15;41.12
24522;11;-0.63;41.12
24523;7;-0.49;41.12
24526;7;-0.14;41.12
24527;11;-0.12;41.12
24528;7;-0.10;41.12
24529;11;-0.09;41.12
24530;4;-0.07;41.12
24531;4;-0.03;41.12
24532;4;0.06;41.12
24533;4;0.26;41.12
24534;3;0.40;41.12
24535;3;0.42;41.12
24536;4;0.48;41.12
24538;11;0.60;41.12
24539;7;0.64;41.12
24540;7;0.68;41.12
24541;8;-5.36;41.14
24542;8;-2.73;41.14
24543;2;-5.94;41.13
24544;12;-5.34;41.13
24545;16;-2.83;41.16
24546;6;-1.76;41.13
24547;3;-5.39;41.14
24549;9;-2.90;41.12
24550;11;-2.68;41.13
24552;3;-2.65;41.12
24553;16;-2.46;41.12
24554;4;-1.89;41.12
24555;12;-6.75;41.11
24558;3;-3.89;41.11
24559;3;-3.81;41.12
24560;12;-3.79;41.11
24561;7;-3.54;41.11
24562;7;-2.91;41.13
24563;18;-2.87;41.12
24564;8;-2.80;41.12
24565;3;-2.75;41.11
24566;11;-2.31;41.14
24567;3;-2.28;41.11
24568;7;-1.96;41.12
24569;12;-0.77;41.12
24570;4;0.10;41.11
24571;14;-6.76;41.11
24572;29;-6.73;41.11
24573;6;-6.08;41.11
24574;4;-5.89;41.11
24575;2;-5.87;41.11
24576;13;-4.09;41.11
24577;21;-3.85;41.13
24578;3;-3.84;41.11
24579;7;-3.65;41.11
24580;8;-3.48;41.11
24581;3;-3.34;41.11
24582;5;-3.33;41.11
24584;3;-3.14;41.11
24586;7;-3.02;41.11
24587;6;-2.97;41.12
24588;9;-2.94;41.11
24589;3;-2.92;41.11
24590;5;-2.80;41.11
24592;11;-2.65;41.11
24593;11;-2.57;41.12
24594;16;-2.48;41.11
24595;3;-2.47;41.11
24596;11;-2.45;41.11
24597;8;-2.44;41.11
24598;9;-2.42;41.12
24600;7;-2.05;41.11
24601;4;-2.01;41.11
24603;7;-1.91;41.11
24611;7;-0.62;41.11
24613;7;-0.47;41.11
24614;4;0.13;41.11
24615;3;0.41;41.11
24616;8;0.48;41.11
24617;4;0.51;41.11
24618;11;0.70;41.11
24620;4;-4.84;41.14
24621;8;-4.60;41.14
24622;13;-4.34;41.12
24623;4;-1.22;41.13
24624;22;-4.25;41.13
24626;9;-4.39;41.12
24627;3;-3.19;41.11
24629;3;-0.45;41.12
24630;29;-6.69;41.12
24631;16;-4.00;41.14
24632;21;-3.92;41.11
24633;4;-1.61;41.11
24635;7;-0.45;41.13
24636;3;-0.42;41.11
24637;8;-4.11;41.11
24638;3;-2.53;41.10
24639;11;-2.49;41.10
24640;3;-2.14;41.11
24641;3;-1.97;41.10
24642;4;-1.14;41.10
24643;10;-6.75;41.10
24646;26;-4.12;41.13
24647;3;-3.68;41.10
24648;7;-3.67;41.10
24649;7;-3.60;41.10
24650;8;-3.43;41.10
24652;6;-3.01;41.10
24653;6;-2.87;41.10
24655;3;-2.80;41.10
24656;3;-2.77;41.10
24658;7;-2.75;41.10
24659;4;-2.18;41.10
24660;4;-2.13;41.10
24661;3;-2.05;41.10
24662;6;-2.00;41.10
24663;7;-1.93;41.10
24664;8;-1.84;41.11
24665;6;-1.67;41.10
24666;4;-1.57;41.10
24670;3;-0.96;41.10
24671;5;-0.94;41.10
24673;4;-0.49;41.10
24674;4;-0.12;41.10
24675;4;-0.09;41.10
24676;4;0.09;41.10
24677;3;0.39;41.10
24678;3;0.44;41.10
24679;4;0.47;41.10
24681;4;0.50;41.10
24682;8;0.57;41.10
24683;7;0.71;41.10
24684;11;0.72;41.10
24685;7;0.75;41.10
24688;18;-4.76;41.13
24690;9;-5.08;41.13
24691;11;-5.59;41.12
24692;8;-5.14;41.17
24694;16;-5.63;41.13
24695;18;-4.68;41.13
24696;7;-2.09;41.10
24697;4;-5.14;41.10
24698;9;-0.47;41.11
24699;4;-6.01;41.09
24700;6;-3.49;41.10
24701;7;-2.67;41.10
24702;4;-1.08;41.10
24703;4;-0.72;41.09
24704;7;-0.60;41.10
24706;11;0.78;41.10
24707;6;-6.77;41.09
24708;14;-6.65;41.09
24710;4;-5.90;41.09
24712;4;-5.86;41.09
24714;4;-4.87;41.09
24715;12;-4.19;41.09
24716;5;-3.67;41.09
24717;8;-3.45;41.09
24718;3;-3.22;41.09
24719;16;-2.99;41.09
24720;16;-2.92;41.09
24722;3;-2.79;41.09
24723;7;-2.77;41.09
24724;3;-2.76;41.09
24726;4;-2.54;41.09
24730;4;-2.09;41.09
24731;3;-2.06;41.09
24732;4;-2.02;41.09
24733;10;-1.66;41.09
24734;4;-1.56;41.09
24736;7;-1.14;41.09
24737;3;-1.13;41.09
24738;9;-0.99;41.09
24739;6;-0.92;41.09
24740;10;-0.53;41.09
24742;4;-0.48;41.09
24743;7;-0.45;41.09
24744;3;-0.44;41.09
24745;4;0.08;41.09
24746;3;0.38;41.09
24747;8;0.48;41.09
24749;8;0.58;41.09
24750;11;0.65;41.09
24751;7;0.70;41.09
24752;7;0.73;41.09
24754;16;-6.52;41.16
24755;9;-0.80;41.11
24756;12;-6.51;41.11
24757;8;-6.46;41.12
24758;12;-3.82;41.10
24759;7;-1.47;41.10
24760;3;-0.66;41.10
24761;8;-0.39;41.11
24762;4;0.55;41.12
24763;5;-5.35;41.09
24764;7;-3.62;41.09
24765;10;-3.57;41.09
24766;11;-3.37;41.09
24767;4;-2.83;41.09
24768;4;-1.74;41.10
24769;8;-0.51;41.10
24771;14;-6.74;41.09
24772;3;-4.08;41.09
24773;11;-4.01;41.08
24774;12;-3.60;41.09
24775;2;-3.35;41.09
24776;2;-3.27;41.11
24778;4;-3.08;41.09
24780;4;-2.15;41.09
24781;11;-1.18;41.09
24782;9;-1.15;41.08
24784;11;-0.58;41.11
24785;4;0.03;41.10
24786;4;0.52;41.08
24787;8;0.54;41.09
24788;8;0.61;41.09
24789;7;-6.77;41.08
24790;27;-6.67;41.12
24792;8;-6.00;41.08
24794;4;-5.92;41.08
24796;8;-5.53;41.12
24797;9;-5.37;41.08
24798;8;-5.24;41.08
24802;5;-3.71;41.08
24803;15;-3.53;41.09
24804;8;-3.47;41.08
24805;11;-3.40;41.08
24806;3;-3.21;41.08
24807;4;-3.10;41.08
24808;7;-3.07;41.08
24809;4;-2.76;41.08
24811;4;-2.59;41.08
24813;4;-2.12;41.08
24814;5;-2.08;41.08
24815;7;-2.06;41.08
24816;3;-2.05;41.08
24817;7;-2.02;41.08
24818;9;-2.00;41.08
24820;6;-1.75;41.08
24824;3;-1.19;41.08
24825;7;-1.13;41.08
24826;9;-1.12;41.08
24827;7;-0.92;41.08
24829;3;-0.72;41.08
24830;7;-0.64;41.08
24831;4;-0.49;41.08
24832;6;-0.48;41.08
24833;4;-0.43;41.08
24834;11;-0.38;41.08
24835;15;-0.36;41.08
24837;4;-0.10;41.08
24838;3;0.41;41.08
24839;7;0.72;41.08
24841;11;0.74;41.08
24843;9;-5.85;41.16
24844;13;-5.69;41.11
24845;12;-0.32;41.12
24846;9;-5.30;41.13
24847;5;-3.14;41.15
24848;4;-0.19;41.11
24849;6;-3.10;41.09
24850;4;-2.71;41.08
24852;13;-0.55;41.09
24853;8;-0.08;41.11
24854;10;-5.98;41.08
24855;13;-5.84;41.08
24856;17;-3.94;41.08
24857;4;-2.61;41.09
24858;7;-2.49;41.08
24859;3;-1.55;41.08
24861;6;-5.87;41.08
24862;10;-3.50;41.08
24863;6;-3.32;41.08
24866;2;-2.13;41.08
24869;7;-1.53;41.07
24870;9;-0.94;41.08
24871;13;-0.58;41.07
24872;4;-0.24;41.08
24873;4;-0.03;41.08
24875;3;-6.45;41.07
24876;5;-6.41;41.10
24877;4;-6.00;41.07
24878;6;-5.95;41.11
24879;4;-5.89;41.07
24886;3;-4.08;41.07
24887;11;-3.98;41.07
24888;8;-3.87;41.07
24889;6;-3.40;41.07
24890;2;-3.21;41.07
24891;2;-3.14;41.07
24892;7;-2.75;41.07
24893;6;-2.56;41.07
24895;3;-2.35;41.07
24896;8;-2.29;41.07
24898;3;-2.06;41.07
24899;4;-1.94;41.07
24900;4;-1.91;41.07
24901;3;-1.74;41.07
24903;7;-1.37;41.07
24905;9;-1.01;41.07
24907;9;-0.70;41.07
24908;9;-0.68;41.07
24909;13;-0.48;41.07
24910;15;-0.34;41.07
24911;8;-0.27;41.07
24913;9;-0.22;41.07
24916;4;-0.07;41.07
24917;4;0.00;41.07
24918;4;0.29;41.07
24919;4;0.32;41.07
24920;4;0.34;41.07
24922;7;0.54;41.07
24924;7;0.57;41.07
24926;4;0.73;41.07
24929;4;0.90;41.12
24930;4;-1.87;41.08
24931;17;-4.32;41.08
24934;8;-2.94;41.08
24935;4;0.05;41.07
24936;6;-6.78;41.07
24937;18;-6.77;41.07
24939;8;-5.41;41.07
24940;4;-5.33;41.07
24941;5;-4.74;41.07
24942;7;-3.60;41.07
24944;3;-3.10;41.07
24945;6;-3.08;41.07
24946;7;-3.04;41.07
24947;3;-2.78;41.07
24949;7;-1.99;41.07
24950;3;-1.15;41.07
24952;6;-0.89;41.07
24954;11;-0.53;41.07
24955;7;-0.50;41.07
24956;7;-0.36;41.07
24958;4;0.70;41.07
24959;13;-6.75;41.06
24960;14;-6.64;41.06
24962;5;-4.93;41.06
24964;11;-4.04;41.06
24965;7;-3.64;41.06
24966;5;-3.48;41.06
24967;4;-3.16;41.06
24968;3;-3.14;41.06
24969;7;-3.11;41.06
24970;7;-3.07;41.06
24971;9;-3.01;41.06
24972;18;-2.94;41.06
24974;11;-2.82;41.06
24975;9;-2.80;41.06
24976;3;-2.60;41.06
24977;6;-2.57;41.06
24978;4;-2.56;41.06
24979;6;-2.54;41.06
24981;7;-2.06;41.06
24982;3;-1.97;41.06
24983;4;-1.96;41.06
24984;2;-1.93;41.06
24986;3;-1.53;41.06
24988;3;-1.37;41.06
24989;3;-1.19;41.06
24990;3;-1.12;41.06
24991;6;-1.10;41.06
24992;3;-1.08;41.06
24996;5;-0.23;41.06
24998;11;-0.13;41.06
24999;7;-0.12;41.06
25000;7;-0.05;41.06
25001;8;0.26;41.06
25002;4;0.38;41.06
25003;11;0.46;41.06
25004;7;0.50;41.06
25005;4;0.67;41.06
25010;4;0.89;41.06
25012;8;-3.34;41.08
25013;3;-1.50;41.09
25014;4;-4.54;41.07
25015;17;-3.87;41.08
25016;11;-0.59;41.07
25017;3;-3.72;41.07
25018;10;-3.55;41.07
25019;5;-3.30;41.06
25020;4;-1.70;41.07
25021;5;-0.19;41.06
25023;8;-3.93;41.07
25024;16;-3.84;41.06
25025;8;-3.39;41.08
25026;4;-3.18;41.06
25027;16;-2.96;41.06
25029;4;-2.66;41.06
25030;3;-1.77;41.06
25031;9;-0.99;41.06
25032;11;-0.11;41.06
25033;4;0.27;41.06
25034;4;0.35;41.06
25035;7;0.39;41.06
25036;7;0.72;41.06
25037;14;-6.77;41.05
25040;5;-5.19;41.05
25041;9;-4.70;41.05
25042;11;-4.03;41.05
25043;17;-3.94;41.05
25044;7;-3.61;41.05
25045;10;-3.59;41.05
25046;15;-3.48;41.05
25047;8;-3.45;41.05
25049;6;-3.21;41.06
25050;7;-3.14;41.05
25051;3;-3.11;41.05
25052;9;-3.09;41.05
25054;16;-2.99;41.05
25055;18;-2.95;41.05
25056;5;-2.94;41.05
25057;13;-2.82;41.05
25058;11;-2.80;41.05
25059;3;-2.75;41.05
25060;7;-2.63;41.05
25061;4;-2.57;41.05
25062;6;-2.56;41.05
25063;5;-2.39;41.05
25064;8;-2.37;41.05
25065;7;-2.08;41.05
25066;4;-1.80;41.06
25067;7;-1.78;41.05
25068;7;-1.71;41.05
25069;7;-1.51;41.06
25072;7;-1.12;41.05
25073;6;-1.11;41.05
25074;7;-1.10;41.05
25075;9;-1.04;41.05
25076;3;-0.63;41.05
25077;13;-0.57;41.05
25078;9;-0.56;41.05
25079;13;-0.55;41.05
25080;3;-0.50;41.05
25081;3;-0.48;41.05
25084;4;-0.02;41.05
25086;8;0.28;41.05
25087;8;0.68;41.05
25088;4;0.78;41.05
25089;4;-1.42;41.09
25090;8;-2.85;41.07
25091;3;-3.43;41.11
25092;18;-2.95;41.08
25094;8;-3.74;41.11
25095;6;-3.35;41.06
25096;13;-1.17;41.07
25097;7;-0.62;41.06
25098;5;-3.74;41.05
25100;9;-1.13;41.06
25102;7;-5.29;41.05
25103;3;-3.75;41.05
25104;6;-2.67;41.06
25106;4;-1.93;41.05
25107;7;-1.37;41.05
25109;3;-0.66;41.05
25110;3;-0.04;41.05
25111;4;0.21;41.05
25112;4;-6.81;41.04
25113;18;-6.74;41.05
25114;23;-6.73;41.04
25118;5;-5.54;41.04
25119;5;-4.31;41.04
25120;11;-4.08;41.04
25121;6;-3.80;41.04
25122;7;-3.55;41.04
25123;8;-3.40;41.04
25124;9;-3.30;41.04
25125;4;-3.28;41.04
25126;7;-3.20;41.04
25127;3;-3.18;41.04
25128;9;-3.17;41.04
25129;9;-3.13;41.05
25130;18;-2.99;41.04
25131;8;-2.95;41.04
25132;5;-2.77;41.04
25133;2;-2.75;41.04
25134;9;-2.73;41.04
25135;7;-2.72;41.04
25136;7;-2.69;41.04
25137;7;-2.28;41.04
25138;3;-1.86;41.04
25139;2;-1.69;41.04
25140;3;-1.14;41.04
25141;7;-1.11;41.04
25143;3;-0.70;41.04
25144;5;-0.57;41.04
25145;13;-0.56;41.04
25146;11;-0.55;41.04
25147;9;-0.50;41.04
25148;5;-0.22;41.04
25149;13;-0.21;41.04
25150;3;-0.12;41.04
25152;4;0.37;41.04
25153;7;0.67;41.04
25154;11;0.70;41.05
25159;7;-6.48;41.06
25160;9;-3.06;41.12
25161;7;-3.01;41.05
25163;5;-2.00;41.05
25164;11;-1.32;41.06
25166;13;-2.87;41.05
25167;11;-2.32;41.06
25168;7;-0.32;41.05
25169;4;-0.28;41.05
25170;17;-0.19;41.05
25171;3;-4.10;41.04
25172;2;-1.96;41.05
25173;9;-0.95;41.04
25174;9;-0.68;41.05
25178;4;-4.52;41.04
25179;13;-4.22;41.05
25180;20;-3.91;41.04
25181;15;-3.58;41.06
25182;7;-3.45;41.05
25183;7;-3.22;41.04
25184;18;-2.94;41.04
25185;8;-2.92;41.04
25186;7;-1.77;41.04
25187;3;-1.76;41.04
25189;5;-1.06;41.05
25190;2;-0.52;41.04
25191;3;-0.09;41.04
25192;11;0.73;41.04
25193;4;-6.92;41.04
25194;11;-6.90;41.04
25195;4;-6.89;41.04
25196;18;-6.79;41.04
25197;14;-6.75;41.04
25198;25;-6.73;41.04
25199;23;-6.72;41.04
25200;23;-6.68;41.04
25201;3;-3.74;41.04
25202;8;-3.41;41.04
25203;11;-3.40;41.04
25204;7;-3.35;41.04
25205;9;-3.32;41.04
25206;3;-3.30;41.04
25207;9;-3.19;41.04
25208;7;-3.12;41.04
25209;9;-3.01;41.04
25210;16;-2.95;41.04
25212;3;-2.64;41.04
25213;7;-2.62;41.04
25215;4;-1.81;41.04
25216;7;-1.75;41.05
25217;13;-1.69;41.04
25219;13;-1.14;41.04
25221;7;-1.10;41.04
25222;5;-0.53;41.04
25223;5;-0.21;41.04
25225;8;0.21;41.04
25228;9;0.60;41.04
25229;6;0.63;41.04
25230;11;0.64;41.04
25231;7;0.65;41.04
25232;7;0.70;41.04
25234;4;0.78;41.04
25236;12;-0.16;41.04
25238;11;-1.17;41.04
25239;13;-0.22;41.04
25240;8;0.24;41.04
25241;5;-4.27;41.06
25242;16;-2.37;41.04
25243;11;-2.35;41.04
25244;4;0.33;41.04
25245;5;-4.33;41.03
25246;10;-3.58;41.03
25247;10;-3.54;41.04
25248;6;-3.43;41.03
25250;8;-2.37;41.08
25251;5;-2.08;41.04
25252;7;-2.05;41.04
25254;6;-1.12;41.03
25255;3;-1.04;41.03
25256;7;-1.01;41.03
25257;4;0.23;41.03
25258;12;-6.92;41.03
25260;14;-6.78;41.03
25261;18;-6.75;41.03
25262;23;-6.73;41.03
25263;3;-5.45;41.03
25266;16;-3.89;41.03
25267;7;-3.64;41.03
25268;9;-3.59;41.03
25269;12;-3.56;41.03
25270;7;-3.46;41.03
25271;11;-3.37;41.03
25272;3;-3.21;41.03
25273;3;-3.18;41.03
25274;7;-3.16;41.03
25275;6;-3.04;41.03
25276;5;-2.85;41.03
25277;11;-2.84;41.03
25278;7;-2.69;41.03
25280;5;-2.12;41.03
25282;2;-2.06;41.03
25283;3;-2.03;41.03
25284;7;-2.00;41.03
25285;3;-1.82;41.03
25287;3;-1.78;41.03
25288;7;-1.76;41.03
25289;3;-1.74;41.03
25290;4;-1.46;41.03
25291;7;-1.41;41.04
25292;3;-1.38;41.03
25293;4;-1.13;41.03
25294;6;-0.91;41.03
25299;8;0.35;41.03
25300;7;0.44;41.04
25302;7;0.73;41.03
25303;4;0.76;41.03
25304;11;0.77;41.03
25307;23;-6.66;41.06
25308;3;-0.36;41.05
25309;8;-5.67;41.05
25310;8;-0.24;41.04
25311;16;-5.25;41.04
25312;21;-5.13;41.04
25313;8;-3.86;41.04
25314;13;-2.39;41.04
25315;13;0.57;41.04
25316;3;-3.34;41.03
25317;9;-2.61;41.04
25318;7;-1.85;41.05
25319;3;-1.32;41.04
25320;7;-0.07;41.04
25321;4;0.17;41.04
25322;14;-6.62;41.03
25323;4;-3.26;41.03
25324;3;-3.10;41.03
25325;8;-2.96;41.03
25326;9;-2.69;41.03
25327;3;-2.58;41.03
25328;9;-0.60;41.03
25329;11;-6.85;41.02
25330;3;-3.29;41.02
25333;4;-3.01;41.02
25334;13;-1.68;41.02
25335;7;-1.35;41.02
25336;8;-1.31;41.12
25337;3;-0.50;41.03
25339;11;0.86;41.03
25340;4;-6.92;41.02
25341;12;-6.90;41.02
25342;20;-6.81;41.02
25343;23;-6.66;41.02
25344;14;-6.64;41.02
25346;5;-4.69;41.02
25349;4;-4.54;41.02
25350;20;-3.93;41.02
25351;15;-3.52;41.04
25352;10;-3.53;41.02
25353;11;-3.42;41.02
25354;7;-3.40;41.02
25355;6;-3.39;41.02
25356;15;-3.37;41.02
25357;9;-3.35;41.02
25358;7;-3.23;41.02
25359;3;-3.16;41.02
25360;7;-3.09;41.02
25361;3;-3.08;41.02
25362;4;-3.06;41.02
25364;8;-2.99;41.02
25365;8;-2.87;41.02
25366;7;-2.82;41.02
25367;5;-2.73;41.02
25368;9;-2.69;41.02
25369;3;-2.67;41.02
25370;7;-2.64;41.02
25372;9;-2.59;41.02
25375;3;-2.33;41.03
25376;13;-2.32;41.02
25377;10;-2.29;41.02
25378;4;-1.99;41.02
25379;11;-1.89;41.02
25380;3;-1.85;41.02
25383;11;-1.32;41.02
25384;7;-1.11;41.02
25385;3;-1.01;41.02
25386;5;-1.00;41.02
25387;4;-0.97;41.02
25391;6;-0.68;41.02
25392;9;-0.51;41.02
25393;6;-0.50;41.02
25394;4;-0.26;41.02
25395;12;-0.22;41.02
25397;4;0.33;41.02
25398;8;0.34;41.02
25400;4;0.36;41.02
25401;7;0.41;41.02
25402;11;0.52;41.02
25403;7;0.57;41.02
25404;9;0.60;41.02
25405;4;0.63;41.02
25406;11;0.82;41.02
25407;7;0.83;41.02
25408;7;0.86;41.02
25409;4;0.87;41.02
25410;13;-4.37;41.05
25411;11;-0.44;41.04
25412;7;-1.00;41.06
25413;7;-0.12;41.03
25415;9;-4.26;41.05
25416;9;-1.09;41.03
25417;8;-6.91;41.01
25418;18;-6.87;41.02
25419;11;-6.80;41.02
25420;9;-4.60;41.05
25421;16;-4.20;41.04
25422;7;-3.70;41.05
25426;25;-6.69;41.03
25428;5;-3.77;41.02
25429;7;-3.14;41.01
25432;3;-2.06;41.01
25433;11;-1.76;41.01
25434;5;-1.71;41.03
25436;7;-1.05;41.01
25438;8;-0.17;41.02
25439;8;0.23;41.01
25440;9;0.45;41.02
25441;16;-6.62;41.01
25447;5;-5.58;41.01
25448;5;-5.50;41.01
25450;5;-4.24;41.01
25451;12;-4.22;41.01
25452;12;-3.73;41.01
25453;7;-3.62;41.01
25457;4;-3.24;41.01
25458;4;-3.20;41.01
25459;11;-3.16;41.01
25460;11;-3.11;41.01
25461;8;-2.89;41.01
25462;3;-2.86;41.01
25463;4;-2.75;41.01
25464;11;-2.69;41.01
25465;13;-2.67;41.01
25466;7;-2.66;41.01
25467;4;-2.65;41.01
25468;9;-2.54;41.01
25469;7;-2.33;41.01
25472;3;-1.88;41.01
25473;7;-1.85;41.01
25474;7;-1.72;41.01
25476;4;-1.46;41.01
25477;7;-1.38;41.01
25478;3;-1.37;41.01
25479;8;-1.32;41.01
25480;7;-1.10;41.01
25481;3;-1.02;41.01
25482;7;-0.95;41.01
25483;4;-0.94;41.01
25484;7;-0.80;41.01
25486;7;-0.73;41.01
25488;3;-0.64;41.01
25489;3;-0.53;41.01
25490;9;-0.50;41.01
25491;13;-0.49;41.01
25492;3;-0.48;41.01
25493;3;-0.45;41.01
25495;3;-0.07;41.01
25497;11;0.40;41.01
25499;11;0.51;41.01
25500;7;0.54;41.01
25502;11;0.59;41.01
25503;7;0.64;41.01
25504;7;0.66;41.01
25505;11;0.78;41.01
25506;11;0.83;41.01
25507;4;0.84;41.01
25508;8;-4.89;41.14
25509;7;-0.70;41.04
25510;20;-6.76;41.02
25511;16;-5.17;41.03
25512;6;-3.81;41.02
25513;11;-1.66;41.02
25514;11;0.71;41.02
25515;15;-6.88;41.01
25517;18;-6.80;41.00
25518;8;-6.45;41.01
25520;8;-2.38;41.01
25521;11;0.22;41.00
25522;4;0.28;41.02
25523;20;-6.84;41.01
25524;23;-6.65;41.00
25525;25;-6.63;41.00
25526;18;-5.07;41.04
25527;19;-3.53;41.00
25528;7;-3.35;41.00
25529;8;-2.94;41.00
25530;14;-2.62;41.01
25531;12;-2.60;41.00
25532;14;-2.59;41.00
25533;3;-2.58;41.00
25534;6;-2.52;41.00
25535;4;-2.46;41.00
25536;8;-2.45;41.00
25539;3;-1.22;41.00
25540;4;-1.11;41.01
25541;9;-1.03;41.02
25543;8;-0.26;41.00
25544;7;0.20;41.00
25545;4;0.34;41.00
25546;15;0.39;41.00
25547;13;0.42;41.00
25548;11;0.51;41.04
25549;13;0.54;41.01
25551;18;-6.85;41.00
25552;20;-6.77;41.00
25553;14;-6.72;41.00
25554;14;-6.66;41.00
25555;13;-6.62;41.00
25556;13;-6.59;41.00
25560;3;-5.45;41.00
25562;8;-5.27;41.00
25563;5;-5.13;41.00
25565;5;-4.55;41.00
25566;11;-4.19;41.00
25567;16;-3.90;41.00
25568;5;-3.89;41.00
25569;8;-3.79;41.00
25570;12;-3.74;41.00
25571;7;-3.67;41.00
25572;12;-3.62;41.00
25573;7;-3.61;41.00
25574;7;-3.30;41.00
25575;4;-3.15;41.00
25576;4;-3.13;41.00
25578;8;-2.76;41.00
25579;9;-2.73;41.00
25580;11;-2.71;41.00
25581;6;-2.70;41.00
25582;12;-2.63;41.00
25583;8;-2.43;41.00
25584;3;-2.07;41.00
25585;7;-2.06;41.00
25586;3;-1.74;41.00
25587;5;-1.68;41.00
25588;3;-1.67;41.00
25590;11;-1.29;41.00
25592;8;-1.17;41.00
25593;7;-1.08;41.00
25594;7;-1.02;41.00
25595;7;-0.94;41.00
25599;3;-0.50;41.00
25600;13;-0.48;41.00
25601;3;-0.47;41.00
25602;3;-0.43;41.01
25604;3;-0.04;41.01
25606;12;0.29;41.00
25607;11;0.43;41.00
25609;7;0.52;41.00
25611;8;0.64;41.00
25612;7;0.65;41.00
25614;4;0.86;41.00
25615;13;-5.56;41.03
25616;8;-5.36;41.04
25617;11;-5.31;41.02
25618;4;-6.47;41.02
25619;7;-5.46;41.01
25620;7;-2.11;41.02
25621;7;-0.39;41.02
25622;16;-5.51;41.01
25623;4;-5.43;41.05
25625;23;-6.71;41.00
25626;5;-4.33;41.00
25627;6;-3.41;41.00
25628;8;-3.26;41.00
25629;3;-0.11;41.01
25630;4;-6.43;41.00
25632;7;-3.71;41.00
25633;3;-2.82;41.00
25634;7;-2.68;41.00
25635;4;-2.32;41.00
25637;9;-0.58;40.99
25638;11;-0.45;40.99
25639;12;0.27;40.99
25640;6;0.36;41.00
25641;4;0.83;40.99
25643;10;-6.83;40.99
25644;14;-6.82;40.99
25645;18;-6.77;40.99
25646;18;-6.75;40.99
25647;14;-6.70;40.99
25648;18;-6.65;40.99
25649;13;-6.57;40.99
25651;5;-5.26;40.99
25652;5;-4.87;40.99
25653;5;-4.62;40.99
25654;3;-4.22;40.99
25655;16;-3.93;40.99
25656;5;-3.79;40.99
25657;8;-3.77;40.99
25658;7;-3.75;40.99
25659;7;-3.55;40.99
25660;19;-3.52;40.99
25661;6;-3.37;40.99
25662;7;-3.33;40.99
25663;3;-2.79;40.99
25665;4;-2.75;40.99
25666;11;-2.73;40.99
25667;6;-2.71;40.99
25668;7;-2.70;40.99
25669;6;-2.69;40.99
25670;11;-2.60;40.99
25672;8;-2.44;40.99
25673;8;-2.41;40.99
25674;3;-2.13;40.99
25677;3;-1.69;40.99
25678;7;-1.39;40.99
25679;11;-1.22;41.01
25680;6;-1.03;40.99
25681;4;-1.01;40.99
25682;3;-0.98;40.99
25683;3;-0.70;40.99
25684;6;-0.60;40.99
25687;7;-0.38;40.99
25689;7;-0.07;40.99
25691;4;0.17;40.99
25692;4;0.30;40.99
25693;8;0.32;40.99
25694;12;0.37;40.99
25695;17;0.40;40.99
25696;15;0.41;40.99
25697;7;0.47;40.99
25699;7;0.53;40.99
25701;8;0.63;40.99
25702;4;0.66;40.99
25703;11;0.67;40.99
25704;8;0.73;40.99
25705;11;0.76;40.99
25706;8;-5.90;41.03
25707;5;-6.32;41.03
25708;3;-1.41;41.01
25709;24;-4.10;41.05
25710;4;-2.49;41.05
25711;12;-0.21;40.99
25712;12;-6.88;40.99
25713;3;-3.77;41.00
25714;10;-3.47;41.01
25715;10;-3.38;40.99
25716;8;-2.65;40.99
25717;3;-0.76;41.00
25719;7;0.16;40.99
25721;7;0.69;40.99
25722;11;-6.85;40.99
25723;11;-6.80;40.98
25724;11;-6.56;41.03
25727;4;-5.02;40.98
25728;4;-4.43;40.99
25729;19;-3.49;40.99
25730;10;-3.41;40.98
25731;6;-3.40;40.98
25732;10;-3.29;40.98
25734;4;-1.99;40.99
25735;7;-1.44;40.99
25737;7;-0.12;40.98
25738;7;0.22;40.98
25739;12;0.25;40.98
25740;11;0.46;40.98
25742;14;-6.89;40.98
25743;7;-6.84;40.98
25744;8;-6.83;40.98
25745;4;-6.82;40.98
25746;7;-6.65;40.98
25747;12;-6.48;40.98
25749;13;-5.92;40.98
25750;6;-5.38;40.98
25751;21;-5.32;40.98
25752;5;-5.16;40.98
25756;8;-3.79;40.98
25757;15;-3.75;40.98
25758;10;-3.74;40.98
25759;7;-3.68;40.98
25760;10;-3.48;40.98
25761;4;-3.45;40.98
25763;10;-3.32;40.98
25764;8;-3.17;40.98
25765;4;-3.16;40.98
25766;8;-2.92;40.98
25767;9;-2.72;40.98
25768;11;-2.70;40.98
25769;4;-2.67;40.98
25770;7;-2.13;40.98
25771;3;-2.10;40.98
25774;3;-1.70;40.98
25775;11;-1.68;40.98
25778;7;-0.98;40.98
25780;9;-0.81;40.98
25781;7;-0.76;40.98
25782;7;-0.72;40.98
25783;6;-0.61;40.98
25784;4;-0.60;40.98
25786;6;-0.48;40.98
25787;8;-0.45;40.98
25789;8;-0.42;40.98
25792;3;-0.06;40.98
25793;7;-0.04;40.98
25794;4;-0.02;40.98
25795;7;0.29;40.98
25797;7;0.32;40.98
25798;7;0.34;40.98
25799;15;0.39;40.98
25801;11;0.44;40.98
25802;11;0.52;40.98
25803;7;0.54;40.98
25804;13;0.55;40.98
25806;7;0.63;40.98
25807;4;0.64;40.98
25809;8;0.90;40.98
25810;6;-6.00;41.02
25811;4;-0.88;41.09
25812;20;-4.12;40.99
25813;4;-3.27;40.98
25814;7;-2.86;40.99
25816;16;-3.87;40.99
25817;5;-3.85;40.98
25818;3;-3.81;40.98
25819;11;-3.34;41.00
25820;14;-3.31;40.98
25821;11;-3.23;40.99
25823;11;-1.72;40.98
25824;4;-1.05;40.98
25825;3;-0.93;40.98
25827;4;0.27;40.98
25828;8;0.91;41.03
25829;11;-6.75;40.98
25830;7;-5.70;40.98
25832;9;-2.53;40.98
25833;6;-2.32;40.98
25834;4;-2.20;40.98
25835;3;-1.21;40.97
25836;7;-1.19;40.98
25837;7;-0.56;41.00
25838;4;0.72;40.98
25839;8;0.74;40.98
25840;15;-6.87;40.97
25841;11;-6.78;40.97
25842;12;-5.96;40.97
25845;5;-4.59;40.97
25846;11;-3.86;40.97
25847;11;-3.83;40.97
25848;11;-3.77;40.97
25849;9;-3.67;40.97
25850;10;-3.45;40.97
25851;10;-3.42;40.97
25852;3;-3.41;40.97
25853;13;-3.20;40.97
25854;4;-3.13;40.97
25857;6;-2.72;40.97
25858;11;-2.63;40.97
25860;4;-2.00;40.97
25861;3;-1.69;40.97
25862;3;-1.01;40.97
25863;7;-1.00;40.97
25864;7;-0.95;40.97
25865;6;-0.91;40.97
25866;4;-0.89;40.97
25867;4;-0.61;40.97
25868;6;-0.59;40.97
25869;9;-0.56;40.97
25871;3;-0.38;40.97
25873;4;-0.22;40.97
25874;4;-0.05;40.97
25875;11;0.28;40.97
25876;4;0.29;40.97
25877;15;0.31;40.97
25878;7;0.33;40.97
25881;11;0.47;40.97
25882;13;0.54;40.97
25883;9;0.57;40.99
25884;9;0.60;40.97
25885;7;0.61;40.97
25886;4;0.66;40.97
25887;11;0.76;40.97
25888;4;0.89;40.97
25889;4;-4.27;40.99
25890;9;-3.59;40.99
25891;11;-5.83;40.99
25892;16;-4.17;40.98
25893;7;-0.82;40.98
25894;15;-6.69;40.97
25895;18;-6.50;40.97
25896;3;-5.50;40.97
25897;5;-4.40;40.97
25898;7;-3.20;40.99
25899;11;0.60;40.98
25900;8;0.67;40.97
25901;7;0.80;41.07
25902;2;-6.26;40.97
25903;15;-3.73;40.97
25904;3;-3.07;40.97
25905;3;-2.82;40.97
25906;8;-2.69;40.97
25907;10;-2.66;40.97
25908;4;-2.65;40.97
25909;9;-2.56;40.97
25910;3;-1.29;40.98
25911;4;-1.07;40.97
25915;17;-6.86;40.96
25916;6;-6.84;40.96
25917;12;-6.47;40.96
25919;7;-5.71;40.96
25920;7;-5.63;40.96
25922;16;-4.12;40.96
25924;16;-3.86;40.96
25925;16;-3.84;40.96
25927;6;-3.76;40.96
25928;10;-3.74;40.96
25930;7;-3.70;40.96
25931;7;-3.62;40.96
25932;7;-3.58;40.96
25933;7;-3.55;40.96
25934;10;-3.46;40.96
25935;10;-3.40;40.96
25936;7;-3.35;40.96
25937;16;-3.32;40.97
25938;12;-3.30;40.96
25939;11;-3.22;40.96
25940;4;-2.72;40.96
25948;7;-1.01;40.96
25949;3;-0.99;40.96
25950;7;-0.97;40.96
25951;7;-0.80;40.96
25952;4;-0.75;40.96
25953;7;-0.68;40.96
25954;6;-0.62;40.96
25956;7;-0.53;40.96
25961;7;0.22;40.96
25962;4;0.26;40.96
25963;4;0.28;40.96
25964;9;0.35;40.97
25965;7;0.54;40.96
25966;11;0.57;40.96
25967;13;0.58;40.96
25968;4;0.74;40.96
25969;11;0.77;40.96
25970;5;-5.45;40.97
25971;14;-3.33;40.97
25972;11;-2.55;40.98
25973;8;0.71;40.96
25974;14;-6.44;40.97
25975;7;-3.51;40.96
25976;6;-3.37;40.97
25977;11;-3.27;40.96
25980;4;0.00;40.96
25981;13;0.49;40.97
25982;7;-6.83;40.96
25983;4;-6.78;40.96
25984;2;-6.22;40.97
25985;7;-5.48;40.96
25986;5;-4.79;40.96
25987;5;-4.57;40.96
25989;3;-4.20;40.96
25991;6;-3.82;40.97
25992;9;-3.29;40.96
25993;8;-2.93;40.96
25996;4;-0.59;40.96
25998;3;-0.56;40.96
26000;4;0.23;40.96
26002;4;-6.54;40.95
26003;14;-6.50;40.95
26005;8;-5.84;40.95
26006;7;-5.79;40.98
26009;11;-5.68;40.95
26011;16;-3.87;40.95
26012;8;-3.80;40.95
26014;7;-3.60;40.95
26015;7;-3.56;40.95
26016;10;-3.32;40.95
26017;14;-3.30;40.95
26018;7;-3.26;40.95
26019;7;-3.22;40.95
26020;3;-3.04;40.95
26021;4;-2.70;40.95
26023;11;-2.56;40.95
26024;4;-2.51;40.95
26025;3;-2.48;40.95
26026;7;-2.47;40.95
26028;7;-2.34;40.95
26029;9;-2.28;40.95
26034;8;-1.16;40.95
26035;3;-1.01;40.95
26036;4;-0.89;40.95
26037;7;-0.75;40.95
26038;4;-0.62;40.95
26039;3;-0.60;40.95
26041;7;0.01;40.95
26042;3;0.03;40.95
26043;3;0.06;40.95
26044;3;0.17;40.95
26045;3;0.20;40.97
26047;7;0.38;40.95
26048;11;0.47;40.95
26049;11;0.52;40.95
26051;4;0.58;40.95
26052;10;0.64;40.95
26054;7;0.84;40.95
26055;6;-2.23;40.98
26056;4;-5.98;40.96
26057;17;-5.92;40.96
26058;8;-2.97;40.96
26059;6;-2.52;40.96
26060;11;-1.60;40.97
26061;6;-3.42;40.95
26063;4;-3.18;40.96
26064;9;-2.62;40.97
26065;9;-2.30;40.97
26066;3;-1.62;40.95
26067;3;-1.24;40.95
26068;7;0.76;40.95
26069;12;-3.39;40.95
26070;14;-3.36;40.95
26071;9;-0.97;40.98
26072;7;-0.93;40.95
26074;7;-0.64;40.95
26076;17;0.39;40.95
26077;7;0.51;40.95
26078;4;-6.51;40.94
26079;14;-6.43;40.94
26084;11;-5.69;40.94
26085;5;-4.82;40.94
26089;3;-4.13;40.94
26091;20;-4.10;40.94
26093;7;-3.66;40.94
26094;7;-3.53;40.94
26095;10;-3.46;40.94
26096;6;-3.40;40.94
26097;16;-3.33;40.94
26098;14;-3.32;40.94
26099;13;-3.29;40.94
26100;4;-3.14;40.94
26102;3;-2.77;40.94
26103;7;-2.32;40.94
26105;4;-2.18;40.94
26107;4;-2.13;40.94
26108;3;-2.07;40.94
26109;4;-1.07;40.94
26110;4;-1.05;40.94
26111;3;-1.00;40.94
26112;9;-0.61;40.94
26113;7;-0.60;40.94
26115;3;-0.57;40.94
26117;3;-0.43;40.94
26120;4;-0.03;40.94
26121;3;0.01;40.94
26122;4;0.26;40.94
26124;9;0.40;40.94
26125;17;0.41;40.94
26126;9;0.53;40.94
26127;7;0.54;40.94
26128;4;0.64;40.94
26131;11;-6.82;40.96
26132;9;-4.76;41.02
26133;4;-1.36;40.98
26134;14;-6.47;40.94
26135;12;-5.89;40.95
26137;16;-4.08;40.95
26138;16;-3.61;40.95
26139;7;-0.84;40.95
26141;15;0.29;40.95
26142;6;-6.85;40.94
26144;8;-5.73;40.94
26146;11;-3.84;40.95
26147;11;-3.24;40.94
26149;2;-2.33;40.94
26151;5;-0.70;40.94
26156;3;-6.40;40.93
26159;4;-5.52;40.93
26161;5;-4.78;40.93
26163;5;-4.32;40.93
26165;16;-3.96;40.93
26166;5;-3.80;40.94
26167;7;-3.51;40.93
26168;14;-3.33;40.93
26169;7;-3.28;40.94
26170;7;-3.21;40.93
26172;3;-3.02;40.93
26173;8;-2.95;40.93
26174;7;-2.79;40.99
26175;8;-2.65;40.93
26176;4;-2.52;40.93
26177;7;-2.44;40.93
26178;4;-2.34;40.93
26179;4;-2.20;40.93
26180;6;-2.18;40.93
26181;4;-2.20;41.03
26182;2;-2.14;40.93
26185;4;-1.06;40.93
26187;9;-0.93;40.93
26188;4;-0.92;40.93
26189;9;-0.72;40.93
26190;6;-0.67;40.93
26192;7;-0.59;40.93
26193;7;-0.02;40.93
26194;7;0.27;40.93
26195;4;0.36;40.93
26197;16;-3.52;40.97
26198;4;-1.87;40.97
26199;14;-3.46;40.96
26200;8;-2.72;40.95
26201;7;-1.57;40.96
26202;20;-3.56;40.95
26203;3;-2.85;40.95
26204;13;-5.01;40.94
26205;19;-3.48;40.94
26206;4;-5.62;40.94
26207;15;-3.73;40.94
26208;11;-3.35;40.94
26209;16;-2.94;41.00
26210;11;-2.64;40.94
26211;11;-2.58;40.94
26212;12;-6.49;40.94
26213;16;-3.99;40.98
26214;12;-2.91;40.94
26215;4;-2.75;40.93
26216;10;-2.66;40.94
26217;11;-1.62;40.93
26218;3;-1.58;40.93
26219;8;-1.20;40.94
26220;4;-1.01;40.93
26221;6;-0.90;40.98
26222;11;0.44;40.94
26223;14;-6.39;40.93
26225;4;-4.54;40.93
26226;16;-3.85;40.93
26227;6;-3.78;40.93
26228;11;-3.49;40.93
26229;12;-3.41;40.93
26230;10;-3.39;40.93
26231;16;-3.37;40.93
26232;16;-3.31;40.93
26235;2;-2.27;40.93
26236;7;-2.09;40.94
26238;11;-1.92;40.93
26240;9;-0.72;40.96
26241;9;-0.65;40.93
26243;15;0.37;40.95
26244;7;0.42;40.93
26245;7;0.45;40.97
26246;11;0.50;40.93
26247;15;-6.82;40.93
26251;8;-5.63;40.93
26252;3;-5.49;40.93
26253;5;-5.30;40.93
26254;5;-5.26;40.93
26256;9;-4.78;40.93
26259;20;-4.09;40.93
26261;20;-4.01;41.01
26262;11;-3.89;41.01
26263;13;-3.91;40.93
26264;5;-3.90;40.93
26265;11;-3.89;40.93
26266;8;-3.82;40.93
26267;3;-3.80;40.93
26270;7;-3.58;40.93
26271;11;-3.55;40.93
26272;18;-3.45;40.93
26273;12;-3.37;40.93
26274;13;-3.33;40.93
26275;13;-3.30;40.93
26276;10;-3.28;40.93
26277;4;-3.24;40.94
26278;3;-3.03;40.93
26279;11;-3.04;40.95
26280;12;-2.96;40.93
26281;5;-2.93;40.93
26282;8;-2.89;40.93
26283;7;-2.85;40.93
26284;7;-2.82;40.93
26285;11;-2.80;40.93
26286;7;-2.77;40.93
26287;4;-2.67;40.93
26288;9;-2.60;40.93
26289;9;-2.55;40.94
26290;2;-2.34;40.93
26291;4;-2.14;40.93
26292;3;-2.12;40.93
26293;2;-2.09;40.93
26294;7;-1.94;40.93
26296;3;-1.90;40.93
26297;8;-1.82;40.93
26300;6;-0.93;40.93
26302;7;-0.68;40.93
26306;11;0.25;40.93
26308;7;0.34;40.93
26309;15;0.40;40.93
26311;4;0.46;40.93
26312;8;0.71;40.93
26313;7;0.76;40.93
26314;14;-4.61;40.96
26315;18;-4.37;40.96
26317;7;-4.23;40.95
26318;20;-4.15;40.94
26319;7;-0.97;40.94
26320;3;-4.28;40.93
26321;11;-4.19;40.93
26322;5;-4.56;40.94
26324;12;-3.65;41.01
26325;12;-1.78;40.94
26328;11;0.82;40.96
26329;13;-6.85;40.94
26330;12;-6.79;40.92
26331;5;-4.80;40.92
26332;10;-3.72;40.92
26333;7;-3.34;40.92
26335;4;-2.00;40.93
26336;11;-1.23;40.93
26339;4;0.70;40.94
26340;7;-6.83;40.92
26342;2;-6.09;40.92
26343;2;-6.06;40.92
26345;4;-5.99;40.92
26349;5;-4.85;40.92
26350;18;-4.79;40.92
26351;18;-4.55;40.92
26352;21;-4.32;40.92
26353;13;-3.98;40.92
26354;8;-3.89;40.92
26355;11;-3.83;40.92
26356;16;-3.62;40.92
26357;5;-3.59;40.92
26358;16;-3.54;40.92
26359;15;-3.51;40.92
26360;28;-3.49;40.92
26361;22;-3.46;40.92
26362;10;-3.44;40.93
26363;20;-3.42;40.92
26364;20;-3.37;40.92
26365;7;-3.32;40.92
26366;8;-3.30;40.92
26367;10;-3.29;40.92
26370;7;-3.04;40.92
26372;4;-2.77;40.92
26373;4;-2.62;40.92
26374;4;-2.55;40.92
26376;5;-2.34;40.92
26378;7;-2.14;40.92
26379;7;-2.10;40.92
26383;7;-1.59;40.92
26384;4;-0.92;40.92
26385;4;-0.88;40.92
26386;6;-0.87;40.92
26387;3;-0.86;40.92
26388;7;-0.76;40.92
26389;11;-0.75;40.92
26390;7;-0.66;40.92
26391;3;-0.55;40.92
26393;5;-0.28;40.92
26396;7;-0.02;40.92
26399;8;0.22;40.92
26400;4;0.25;40.92
26401;4;0.32;40.92
26403;7;0.44;40.92
26404;9;0.45;40.92
26405;7;0.77;40.92
26406;8;-5.07;40.95
26407;13;-4.95;41.02
26408;2;-6.24;40.92
26409;6;-5.42;40.93
26411;14;-6.47;40.92
26412;5;-4.36;40.92
26413;4;-2.41;40.95
26414;7;-0.82;40.92
26415;4;-0.67;40.91
26416;4;0.20;40.92
26417;15;0.28;40.92
26419;9;-6.85;40.91
26420;17;-6.82;40.91
26421;7;-6.51;40.91
26422;3;-6.50;40.91
26423;4;-5.52;40.91
26424;13;-4.02;40.91
26425;8;-3.86;40.91
26426;6;-3.80;40.91
26427;11;-3.76;40.93
26428;18;-3.61;40.91
26429;15;-3.56;40.91
26430;20;-3.40;40.91
26431;18;-3.39;40.91
26432;6;-3.28;40.91
26435;4;-3.00;40.92
26437;8;-2.79;40.91
26438;6;-2.63;40.91
26439;6;-2.57;40.91
26440;4;-2.24;40.93
26441;3;-2.07;40.92
26444;9;0.41;40.91
26445;13;-6.83;40.91
26450;3;-5.75;40.91
26452;5;-5.37;40.91
26453;5;-5.17;40.91
26454;4;-5.02;40.91
26457;16;-4.19;40.91
26460;6;-3.83;40.91
26461;11;-3.81;40.91
26463;6;-3.73;40.91
26464;12;-3.70;40.91
26465;14;-3.64;40.91
26466;12;-3.62;40.91
26467;16;-3.60;40.91
26468;15;-3.59;40.91
26469;24;-3.58;40.91
26470;28;-3.53;40.91
26471;16;-3.51;40.91
26472;30;-3.49;40.91
26473;6;-3.09;40.91
26476;7;-2.54;40.91
26477;4;-2.53;40.91
26479;7;-2.08;40.91
26481;8;-1.29;40.91
26482;6;-0.91;40.91
26483;4;-0.89;40.91
26484;4;-0.87;40.91
26485;11;-0.73;40.91
26486;8;-0.69;40.91
26489;7;-0.25;40.92
26491;5;-0.23;40.91
26492;2;-0.22;40.91
26495;5;0.01;40.91
26496;4;0.13;40.91
26498;4;0.17;40.91
26499;11;0.22;40.91
26501;9;0.30;40.91
26502;15;0.32;40.91
26503;7;0.33;40.91
26504;15;0.34;40.91
26505;15;0.38;40.91
26506;15;0.41;40.91
26507;17;0.44;40.91
26508;4;0.67;40.91
26509;18;-4.85;40.95
26512;7;-0.40;40.94
26513;8;-6.77;40.94
26514;12;-6.68;40.93
26515;6;-5.39;40.92
26516;7;-5.50;40.92
26517;3;-2.46;40.92
26518;2;-2.21;40.92
26519;3;0.02;40.92
26520;3;-5.59;40.91
26521;9;-5.46;40.93
26522;17;-4.06;40.91
26523;8;-3.98;40.91
26524;24;-3.47;40.91
26525;15;-3.34;40.91
26527;7;-2.38;40.91
26528;9;-0.79;40.91
26529;5;-0.61;40.92
26531;15;0.24;40.91
26532;7;0.46;40.91
26533;11;0.49;40.91
26534;15;-6.79;40.91
26536;4;-5.73;40.99
26537;5;-5.21;40.90
26538;14;-4.69;40.90
26539;8;-3.90;40.90
26541;11;-3.72;40.90
26542;34;-3.48;40.90
26543;12;-3.31;40.91
26545;4;-2.18;40.91
26546;7;-2.13;40.90
26547;3;-1.96;40.90
26548;11;-1.89;40.91
26549;9;-0.85;40.91
26550;10;-0.76;40.90
26551;7;-0.64;40.90
26552;9;-0.58;40.90
26553;20;-6.81;40.90
26554;11;-6.78;40.90
26555;4;-6.62;40.90
26556;16;-6.51;40.90
26560;7;-5.46;40.90
26561;2;-5.40;40.95
26562;18;-5.32;40.94
26563;5;-4.75;40.90
26564;20;-4.19;40.90
26566;13;-3.99;40.90
26567;13;-3.93;40.90
26568;6;-3.81;40.90
26569;6;-3.77;40.91
26570;8;-3.71;40.90
26571;14;-3.61;40.90
26572;18;-3.60;40.90
26573;24;-3.56;40.90
26574;15;-3.51;40.90
26575;11;-3.35;40.90
26576;8;-3.30;40.90
26577;6;-3.10;40.90
26582;2;-2.28;40.90
26583;7;-2.23;40.90
26585;3;-2.08;40.90
26586;7;-2.06;40.90
26588;4;-0.91;40.90
26589;7;-0.83;40.90
26591;5;-0.79;40.90
26592;6;-0.78;40.90
26593;9;-0.60;40.90
26594;3;-0.46;40.90
26595;3;-0.27;40.90
26596;5;-0.02;40.90
26597;7;0.00;40.90
26598;7;0.04;40.90
26599;4;0.10;40.90
26601;7;0.22;40.90
26602;9;0.23;40.90
26603;15;0.31;40.90
26604;7;0.32;40.90
26606;4;0.66;40.90
26607;7;0.76;40.90
26608;8;0.82;40.90
26609;13;-5.21;41.00
26611;7;-3.67;40.91
26613;7;-1.29;40.95
26616;4;-1.98;40.90
26618;25;-4.14;40.90
26619;16;-3.55;40.90
26620;3;-2.40;40.90
26621;5;-2.37;40.90
26622;8;-1.81;40.90
26623;4;-0.07;40.90
26624;18;-6.84;40.89
26625;16;-6.81;40.89
26626;12;-6.43;40.93
26627;14;-6.42;40.90
26628;7;-5.75;40.89
26630;11;-3.83;40.89
26631;5;-3.70;40.89
26632;12;-3.67;40.90
26633;22;-3.37;40.90
26637;3;-2.27;40.89
26638;3;-2.25;40.89
26639;4;-0.19;40.94
26641;4;0.20;40.89
26642;6;0.29;40.89
26643;13;0.44;40.89
26644;7;0.58;40.89
26645;8;0.68;40.90
26646;9;-6.84;40.89
26647;18;-6.79;40.89
26648;2;-6.21;40.89
26649;2;-6.12;40.89
26650;7;-5.76;40.91
26651;12;-5.51;40.89
26654;3;-3.98;40.89
26655;8;-3.81;40.89
26656;7;-3.66;40.89
26657;12;-3.65;40.89
26658;12;-3.62;40.89
26659;14;-3.60;40.89
26660;5;-3.56;40.89
26661;32;-3.48;40.89
26662;16;-3.35;40.89
26663;10;-3.30;40.89
26667;3;-2.54;40.89
26668;3;-2.52;40.89
26669;7;-2.46;40.89
26670;9;-2.39;40.89
26671;7;-2.26;40.89
26673;7;-2.21;40.89
26674;2;-1.99;40.89
26675;3;-1.93;40.89
26679;9;-0.82;40.89
26680;7;-0.80;40.89
26681;6;-0.79;40.89
26682;5;-0.78;40.89
26683;4;-0.76;40.89
26684;8;-0.70;40.89
26685;11;-0.64;40.89
26686;9;-0.62;40.89
26688;4;-0.32;40.89
26689;9;-0.21;40.89
26691;4;0.02;40.89
26692;8;0.03;40.89
26693;4;0.05;40.89
26694;4;0.15;40.89
26695;8;0.21;40.89
26696;15;0.22;40.89
26698;15;0.27;40.89
26699;7;0.42;40.89
26700;13;0.51;40.89
26701;7;0.52;40.89
26702;11;0.57;40.89
26703;10;0.70;40.89
26704;8;0.71;40.89
26705;8;0.73;40.89
26706;8;-1.91;40.97
26707;4;-5.83;40.91
26708;8;-5.92;40.91
26709;4;-4.49;40.92
26710;2;-2.02;40.89
26711;4;-0.43;40.90
26712;2;-6.09;41.00
26713;11;-5.65;40.91
26714;11;-3.74;40.89
26715;26;-3.58;40.89
26716;8;-0.66;40.89
26718;5;-4.55;40.88
26719;16;-4.19;40.88
26720;21;-4.09;40.90
26721;28;-3.54;40.88
26722;4;-2.59;40.89
26723;6;-2.43;40.88
26724;9;-2.31;40.88
26725;4;-2.02;40.95
26726;3;-1.89;40.88
26728;4;-0.89;40.88
26730;11;-0.28;40.88
26731;3;-0.09;40.88
26732;9;-6.82;40.88
26733;14;-6.25;40.88
26735;2;-6.10;40.88
26737;5;-4.80;40.88
26738;5;-4.78;40.88
26740;21;-4.18;40.88
26741;8;-4.16;40.88
26742;21;-4.14;40.88
26743;8;-4.12;40.88
26744;3;-4.00;40.88
26745;6;-3.83;40.88
26746;13;-3.72;40.88
26747;4;-3.66;40.88
26748;7;-3.65;40.88
26749;4;-3.62;40.88
26750;15;-3.60;40.88
26751;5;-3.59;40.88
26752;24;-3.56;40.88
26753;30;-3.55;40.88
26754;18;-3.42;40.89
26755;18;-3.34;40.88
26756;15;-3.33;40.88
26757;4;-3.03;40.88
26758;3;-2.56;40.88
26759;4;-2.50;40.88
26760;3;-2.22;40.88
26764;6;-0.82;40.88
26765;4;-0.81;40.88
26766;10;-0.63;40.88
26768;7;-0.56;40.90
26769;4;-0.40;40.88
26771;7;-0.10;40.88
26772;2;0.00;40.88
26773;12;0.07;40.88
26774;4;0.08;40.88
26776;15;0.32;40.88
26777;7;0.34;40.88
26778;13;0.42;40.88
26779;4;0.45;40.88
26780;4;0.48;40.88
26781;8;0.50;40.88
26782;11;0.52;40.88
26783;8;0.70;40.88
26784;4;0.73;40.88
26785;13;-3.86;40.90
26786;4;-6.00;40.89
26787;8;-4.03;40.89
26788;3;-1.38;40.89
26789;4;-2.63;40.89
26790;6;-0.87;40.89
26791;13;-6.76;40.88
26793;8;-5.03;40.88
26794;5;-4.71;41.05
26795;8;-3.89;40.88
26796;10;-3.70;40.88
26797;20;-3.46;40.89
26798;8;-3.15;40.94
26799;7;-2.88;40.88
26800;7;-1.93;40.89
26801;4;-0.49;40.93
26802;7;-0.24;40.89
26803;6;-0.18;40.88
26804;4;0.76;40.88
26805;10;-5.97;40.88
26806;3;-5.77;40.88
26807;8;-4.09;40.88
26808;8;-3.85;40.88
26809;11;-3.80;40.89
26812;7;-2.51;40.91
26813;7;-2.40;40.88
26815;2;-1.97;40.88
26817;7;-0.07;40.87
26818;8;0.12;40.88
26821;7;-5.75;40.87
26822;5;-5.23;40.87
26823;5;-4.81;40.87
26824;12;-4.12;40.87
26825;21;-4.10;40.87
26826;3;-4.08;40.87
26827;13;-3.90;40.87
26828;13;-3.84;40.87
26829;2;-3.70;40.87
26830;10;-3.66;40.87
26831;8;-3.65;40.87
26832;5;-3.64;40.87
26833;9;-3.62;40.87
26835;10;-3.60;40.87
26836;24;-3.58;40.87
26837;24;-3.55;40.87
26838;30;-3.51;40.88
26839;28;-3.52;40.87
26840;24;-3.51;40.87
26841;15;-3.46;40.87
26842;13;-3.33;40.87
26843;10;-3.32;40.87
26845;5;-3.29;40.87
26848;3;-2.54;40.87
26849;3;-2.52;40.87
26850;7;-2.38;40.87
26852;3;-1.90;40.87
26853;4;-1.84;40.87
26854;3;-1.13;40.87
26855;3;-1.04;40.87
26857;3;-0.79;40.87
26858;13;-0.75;40.87
26859;7;-0.73;40.87
26860;4;-0.63;40.87
26863;4;-0.35;40.87
26864;4;-0.30;40.87
26865;2;-0.20;40.87
26866;4;-0.15;40.87
26867;3;-0.11;40.87
26868;12;0.00;40.87
26869;12;0.08;40.87
26870;4;0.13;40.87
26871;15;0.25;40.87
26872;6;0.27;40.87
26873;7;0.28;40.87
26874;4;0.31;40.87
26875;9;0.32;40.87
26876;7;0.33;40.87
26877;15;0.34;40.87
26878;4;0.35;40.87
26879;15;0.36;40.87
26881;13;0.41;40.87
26882;7;0.55;40.87
26883;11;0.59;40.87
26885;4;0.67;40.87
26886;10;0.71;40.87
26887;10;0.64;40.90
26889;11;-5.72;40.91
26891;8;-5.59;40.88
26892;13;-4.05;40.88
26893;4;-1.75;40.89
26894;14;-6.17;40.87
26896;27;-3.37;40.88
26897;3;-2.35;40.87
26898;7;-0.33;40.87
26899;3;-0.21;40.87
26900;6;0.03;40.87
26901;18;-6.80;40.87
26902;7;-5.63;40.88
26903;14;-5.49;40.87
26904;5;-3.73;40.88
26905;22;-3.41;40.87
26906;16;-3.34;40.87
26907;4;-3.22;40.88
26908;7;-2.57;40.88
26909;4;-0.87;40.87
26910;11;-0.74;40.87
26911;6;-0.72;40.87
26913;9;-0.61;40.87
26914;9;-0.56;40.87
26915;11;-0.37;40.88
26916;7;-0.13;40.86
26917;16;-6.78;40.87
26918;18;-6.76;40.86
26922;3;-5.75;40.86
26923;7;-5.74;40.86
26925;5;-5.21;40.86
26929;25;-4.09;40.86
26930;7;-4.08;40.86
26931;8;-3.87;40.86
26932;10;-3.86;40.86
26933;13;-3.85;40.86
26934;11;-3.74;40.86
26936;3;-3.66;40.86
26937;3;-3.64;40.86
26939;26;-3.57;40.86
26940;22;-3.55;40.86
26941;15;-3.37;40.86
26942;8;-3.35;40.86
26943;15;-3.33;40.86
26944;4;-3.27;40.86
26945;6;-3.23;40.86
26946;5;-3.21;40.86
26947;5;-3.18;40.86
26949;7;-2.51;40.86
26950;6;-2.41;40.86
26951;3;-2.29;40.86
26952;7;-2.24;40.86
26954;4;-1.78;40.86
26955;2;-0.85;40.86
26956;8;-0.63;40.86
26957;7;-0.54;40.86
26958;4;-0.40;40.86
26960;7;-0.10;40.86
26961;5;-0.07;40.86
26962;8;0.13;40.86
26964;5;0.22;40.86
26965;9;0.31;40.86
26966;7;0.32;40.86
26967;11;0.34;40.86
26968;15;0.35;40.86
26969;17;0.39;40.88
26970;7;0.41;40.86
26971;4;0.42;40.86
26972;8;0.47;40.86
26973;6;0.69;40.86
26974;8;0.73;40.86
26975;4;0.78;40.86
26976;4;-1.51;40.97
26978;9;-6.33;40.88
26979;4;-3.01;40.87
26980;4;-0.83;40.87
26981;14;-5.40;40.88
26982;4;-2.15;40.87
26983;4;-1.03;40.89
26984;9;0.31;40.89
26986;13;-5.96;40.86
26987;5;-3.93;40.93
26988;8;-3.79;40.87
26989;5;-5.36;40.86
26990;13;-3.96;40.86
26991;13;-3.78;40.86
26992;6;-3.60;40.86
26993;11;-3.59;40.86
26994;25;-3.47;40.86
26995;23;-3.45;40.86
26996;4;-3.10;40.88
26997;4;-2.60;40.86
26998;3;-2.25;40.86
26999;4;-2.18;40.86
27000;4;-2.05;40.86
27001;7;-0.95;40.86
27003;4;-0.19;40.86
27004;9;0.01;40.86
27005;15;0.29;40.86
27006;4;0.65;40.86
27007;7;-6.79;40.85
27009;7;-6.75;40.85
27011;4;-6.00;40.85
27013;7;-4.11;40.86
27014;25;-4.10;40.85
27015;5;-3.97;40.85
27016;15;-3.86;40.85
27017;13;-3.81;40.85
27018;13;-3.74;40.85
27019;6;-3.73;40.85
27020;8;-3.64;40.85
27021;3;-3.62;40.85
27022;11;-3.55;40.85
27023;24;-3.52;40.85
27024;10;-3.39;40.85
27025;27;-3.37;40.85
27026;20;-3.35;40.85
27027;13;-3.34;40.85
27028;5;-3.29;40.85
27029;11;-3.23;40.85
27030;2;-2.99;40.85
27031;3;-2.58;40.85
27032;3;-2.54;40.85
27033;6;-2.43;40.85
27034;7;-2.40;40.85
27035;3;-2.34;40.85
27036;7;-2.22;40.85
27037;3;-2.21;40.85
27038;4;-2.20;40.85
27040;7;-0.98;40.85
27042;3;-0.94;40.85
27043;4;-0.90;40.86
27044;4;-0.86;40.85
27045;7;-0.74;40.85
27046;8;-0.64;40.85
27047;10;-0.63;40.85
27048;7;-0.62;40.85
27049;3;-0.54;40.85
27051;9;-0.40;40.85
27053;5;-0.05;40.85
27054;8;0.06;40.85
27055;7;0.10;40.85
27056;4;0.14;40.85
27057;2;0.23;40.85
27058;11;0.31;40.85
27059;13;0.35;40.85
27060;11;0.38;40.86
27061;6;0.40;40.85
27062;11;0.51;40.85
27063;9;0.63;40.85
27064;8;-0.31;40.88
27067;7;0.17;40.87
27068;6;-0.80;40.86
27069;26;-6.73;40.85
27070;11;-3.72;40.85
27071;26;-3.51;40.86
27072;27;-3.42;40.85
27073;9;-3.28;40.85
27074;9;-0.77;40.86
27075;2;-0.57;40.85
27076;11;-0.34;40.85
27077;4;0.00;40.85
27078;24;-6.71;40.85
27080;8;-5.68;40.88
27083;11;-3.75;40.85
27084;8;-3.69;40.86
27085;15;-3.44;40.85
27086;9;-3.33;40.85
27087;4;-3.04;40.85
27088;7;-2.54;40.85
27089;3;-1.04;40.85
27090;4;-0.41;40.85
27091;7;-0.37;40.85
27092;4;-0.31;40.85
27093;10;-0.29;40.85
27094;3;-0.13;40.85
27096;11;0.12;40.85
27097;7;0.21;40.85
27099;7;-6.76;40.84
27100;2;-6.75;40.84
27101;13;-6.72;40.84
27102;9;-6.27;40.84
27104;4;-5.99;40.84
27108;3;-4.40;40.84
27110;12;-4.13;40.84
27111;5;-3.98;40.84
27112;13;-3.97;40.84
27113;5;-3.96;40.84
27114;13;-3.79;40.84
27115;8;-3.66;40.84
27116;3;-3.64;40.84
27117;8;-3.62;40.84
27118;11;-3.56;40.84
27119;8;-3.55;40.84
27120;20;-3.54;40.84
27121;24;-3.51;40.84
27122;5;-3.49;40.84
27123;5;-3.47;40.84
27124;29;-3.46;40.84
27125;15;-3.41;40.84
27126;22;-3.39;40.84
27127;29;-3.36;40.84
27128;22;-3.35;40.84
27129;6;-3.16;40.84
27132;4;-3.10;40.84
27133;4;-3.07;40.84
27134;4;-2.60;40.84
27137;3;-1.01;40.84
27139;3;-0.97;40.84
27140;9;-0.95;40.84
27142;6;-0.73;40.84
27143;11;-0.72;40.84
27144;11;-0.69;40.84
27146;7;-0.60;40.84
27147;4;-0.52;40.85
27148;7;-0.40;40.84
27149;4;-0.36;40.84
27150;8;-0.31;40.84
27151;7;-0.05;40.84
27152;7;0.01;40.84
27153;11;0.02;40.84
27154;6;0.04;40.84
27155;12;0.08;40.84
27156;7;0.14;40.84
27157;4;0.15;40.84
27159;7;0.24;40.84
27160;4;0.39;40.84
27162;4;0.68;40.84
27163;10;-0.68;40.88
27164;7;-2.30;40.91
27167;9;-3.20;40.86
27168;6;-5.98;40.85
27169;5;-4.56;40.85
27170;10;-4.00;40.86
27171;11;-3.61;40.85
27172;11;-3.31;40.85
27173;25;-4.15;40.85
27174;10;-3.67;40.85
27175;22;-3.57;40.84
27176;6;-3.24;40.84
27177;11;-3.18;40.84
27180;6;-0.82;40.84
27181;7;-0.55;40.84
27182;7;-0.15;40.85
27183;7;0.36;40.84
27184;4;0.74;40.85
27185;23;-6.64;40.84
27186;25;-4.11;40.84
27187;6;-3.76;40.84
27188;13;-3.73;40.84
27189;20;-3.59;40.84
27190;10;-3.34;40.84
27191;11;-3.21;40.84
27193;9;-2.37;40.85
27195;7;-0.90;40.84
27196;9;-0.59;40.84
27198;4;-0.38;40.84
27200;5;0.26;40.84
27201;11;0.33;40.84
27202;2;0.40;40.84
27203;15;-6.82;40.83
27204;15;-6.79;40.83
27205;2;-6.73;40.83
27207;5;-5.36;40.83
27208;5;-5.30;40.83
27209;5;-5.20;40.83
27210;5;-5.17;40.83
27211;5;-5.14;40.83
27215;3;-4.30;40.83
27216;3;-4.28;40.83
27217;12;-4.21;40.86
27218;25;-4.18;40.83
27220;10;-3.90;40.86
27221;13;-3.89;40.83
27222;13;-3.84;40.84
27223;10;-3.71;40.83
27224;3;-3.70;40.83
27225;3;-3.65;40.83
27226;20;-3.55;40.83
27227;22;-3.53;40.83
27228;30;-3.51;40.83
27229;26;-3.49;40.83
27230;24;-3.48;40.83
27231;25;-3.47;40.83
27232;27;-3.45;40.83
27233;15;-3.42;40.83
27234;24;-3.38;40.84
27235;17;-3.35;40.83
27236;9;-3.29;40.83
27237;6;-2.41;40.83
27238;7;-2.40;40.83
27239;3;-2.33;40.84
27240;9;-2.31;40.83
27241;4;-2.28;40.83
27242;4;-2.18;40.83
27244;4;-1.59;40.83
27245;5;-0.95;40.83
27246;7;-0.85;40.83
27248;7;-0.79;40.83
27249;2;-0.76;40.84
27250;4;-0.72;40.83
27251;4;-0.54;40.83
27252;7;-0.51;40.83
27254;4;-0.35;40.83
27255;8;-0.29;40.83
27256;6;-0.26;40.83
27260;7;-0.06;40.83
27262;9;0.00;40.83
27264;7;0.02;40.83
27267;4;0.14;40.83
27268;7;0.15;40.83
27269;3;0.19;40.85
27270;9;0.22;40.83
27271;2;0.25;40.83
27272;7;0.27;40.83
27273;9;0.38;40.83
27274;7;0.57;40.83
27275;4;0.66;40.83
27276;4;0.70;40.83
27277;4;0.72;40.83
27278;18;-4.61;40.87
27280;4;-1.23;40.89
27281;14;-4.82;40.87
27282;14;-4.67;40.86
27284;3;-1.17;40.85
27285;13;-0.71;40.88
27286;3;-2.93;40.86
27287;4;-1.73;40.84
27288;3;-1.07;40.84
27289;4;0.08;40.85
27290;23;-6.67;40.84
27294;4;-5.97;40.83
27295;5;-4.69;40.83
27296;18;-4.68;40.83
27297;11;-3.79;40.83
27298;5;-3.54;40.83
27299;15;-3.33;40.83
27300;4;-3.01;40.83
27301;9;-0.86;40.83
27302;9;-0.61;40.83
27303;5;-0.60;40.83
27305;8;-0.32;40.83
27306;15;0.30;40.83
27307;16;-6.76;40.83
27308;21;-6.69;40.83
27309;21;-6.68;40.87
27310;5;-6.16;40.83
27313;5;-5.13;40.83
27315;5;-4.57;40.83
27316;18;-4.55;40.84
27317;3;-4.29;40.83
27318;12;-4.16;40.83
27320;3;-3.89;40.83
27321;8;-3.85;40.83
27322;13;-3.81;40.83
27323;8;-3.78;40.83
27324;8;-3.71;40.83
27325;10;-3.70;40.83
27326;8;-3.68;40.83
27327;26;-3.57;40.83
27328;18;-3.35;40.83
27329;20;-3.32;40.83
27330;16;-3.30;40.83
27331;12;-3.29;40.83
27332;9;-3.24;40.83
27333;11;-3.23;40.83
27334;5;-3.16;40.83
27335;9;-3.15;40.83
27336;4;-3.05;40.83
27337;4;-2.64;40.83
27338;4;-2.58;40.83
27339;6;-2.39;40.83
27340;10;-2.35;40.83
27341;4;-2.31;40.83
27342;7;-2.15;40.83
27343;7;-2.10;40.83
27344;2;-2.09;40.83
27346;3;-0.99;40.83
27348;7;-0.89;40.83
27350;7;-0.83;40.83
27351;2;-0.82;40.83
27352;7;-0.80;40.83
27353;7;-0.72;40.83
27354;4;-0.70;40.83
27355;10;-0.68;40.83
27356;3;-0.59;40.83
27357;9;-0.57;40.83
27358;4;-0.45;40.83
27359;6;-0.44;40.83
27360;4;-0.43;40.83
27361;4;-0.41;40.83
27362;10;-0.38;40.83
27363;8;-0.36;40.83
27364;10;-0.28;40.83
27365;8;-0.25;40.83
27366;6;-0.24;40.83
27367;6;-0.22;40.83
27368;11;0.00;40.83
27369;6;0.05;40.83
27370;7;0.12;40.83
27371;4;0.13;40.83
27372;7;0.18;40.83
27373;2;0.23;40.83
27374;11;0.35;40.83
27375;9;0.36;40.83
27376;7;0.38;40.83
27377;13;0.58;40.90
27378;4;0.71;40.83
27379;9;-4.96;40.90
27380;5;-4.41;40.88
27381;9;-5.20;40.85
27382;4;-0.23;40.84
27383;11;-0.73;40.82
27384;13;-6.81;40.82
27385;23;-6.70;40.82
27386;4;-6.35;40.82
27387;13;-5.31;40.86
27388;4;-5.09;40.86
27389;15;-4.24;40.82
27390;15;-4.17;40.82
27391;8;-3.93;40.82
27393;27;-3.50;40.82
27395;3;-2.77;40.82
27396;9;-0.97;40.82
27397;7;-0.95;40.82
27398;3;-0.88;40.82
27399;8;-0.30;40.82
27400;11;0.15;40.82
27401;3;0.20;40.82
27402;11;0.57;40.82
27403;7;-6.78;40.82
27404;21;-6.71;40.82
27405;24;-6.69;40.82
27406;23;-6.63;40.82
27410;5;-5.44;40.82
27414;15;-4.15;40.82
27416;3;-3.90;40.82
27418;2;-3.83;40.82
27419;3;-3.78;40.82
27420;8;-3.73;40.82
27421;3;-3.66;40.82
27422;14;-3.60;40.82
27423;8;-3.35;40.82
27424;3;-2.82;40.82
27425;2;-2.64;40.82
27426;2;-2.53;40.82
27427;6;-2.38;40.82
27428;13;-2.35;40.82
27429;10;-2.32;40.82
27430;9;-2.12;40.82
27431;2;-2.07;40.82
27434;8;-1.63;40.82
27435;7;-1.16;40.82
27438;3;-0.91;40.82
27439;9;-0.83;40.82
27440;3;-0.81;40.82
27441;10;-0.69;40.82
27442;13;-0.65;40.83
27443;11;-0.64;40.82
27444;7;-0.62;40.82
27445;6;-0.57;40.82
27446;4;-0.55;40.82
27447;4;-0.44;40.82
27448;4;-0.40;40.82
27449;8;-0.38;40.82
27450;8;-0.34;40.82
27451;6;-0.28;40.82
27452;4;-0.26;40.82
27455;7;-0.10;40.82
27457;12;0.05;40.82
27460;2;0.19;40.82
27461;11;0.22;40.82
27462;15;0.23;40.82
27463;15;0.27;40.82
27464;7;0.36;40.82
27465;11;0.53;40.82
27466;7;-0.46;40.86
27468;18;-6.77;40.83
27469;5;-5.56;40.85
27470;17;-5.44;40.84
27471;8;-5.51;40.83
27472;8;-5.71;40.82
27473;8;-4.31;40.86
27474;14;-4.09;40.83
27475;3;-3.75;40.82
27476;8;-2.40;40.82
27477;11;-2.19;40.82
27478;4;-1.00;40.81
27479;5;-0.06;40.82
27480;9;0.03;40.82
27481;6;0.40;40.82
27482;15;-6.79;40.81
27483;24;-6.65;40.81
27484;10;-4.66;40.81
27485;5;-4.46;40.81
27486;11;-4.30;40.81
27487;12;-4.11;40.81
27489;23;-3.53;40.82
27490;10;-3.20;40.81
27491;4;-3.11;40.81
27492;8;-2.29;40.82
27493;7;-2.08;40.82
27494;4;-2.02;40.81
27495;5;-0.77;40.82
27496;3;-0.51;40.82
27497;9;-0.45;40.81
27499;4;0.11;40.81
27500;3;0.17;40.81
27501;16;-6.76;40.81
27502;13;-6.75;40.81
27503;10;-6.61;40.81
27505;8;-5.69;40.81
27508;16;-5.40;40.81
27510;4;-5.14;40.81
27511;3;-5.07;40.81
27512;4;-4.92;40.81
27514;5;-4.59;40.81
27516;14;-4.10;40.81
27517;12;-4.08;40.81
27519;6;-3.93;40.81
27520;3;-3.92;40.81
27522;10;-3.72;40.82
27523;3;-3.71;40.81
27524;12;-3.60;40.81
27525;8;-3.59;40.81
27526;5;-3.56;40.81
27527;5;-3.53;40.81
27528;5;-3.34;40.81
27529;13;-3.33;40.81
27530;2;-2.65;40.81
27531;4;-2.28;40.81
27532;9;-2.21;40.81
27533;6;-2.20;40.81
27534;7;-2.03;40.81
27535;7;-1.53;40.81
27539;7;-0.83;40.81
27540;7;-0.74;40.81
27541;9;-0.68;40.81
27542;5;-0.60;40.81
27543;7;-0.54;40.81
27545;6;-0.42;40.82
27546;6;-0.30;40.81
27547;10;-0.26;40.81
27548;6;-0.23;40.81
27549;3;-0.17;40.81
27551;6;0.06;40.81
27552;8;0.07;40.81
27553;7;0.09;40.81
27554;6;0.15;40.81
27555;5;0.20;40.81
27556;15;0.26;40.81
27557;11;0.50;40.81
27558;7;0.55;40.81
27559;11;0.58;40.81
27560;11;0.61;40.81
27561;13;-6.33;40.83
27562;16;-6.21;40.84
27563;6;-5.98;40.81
27564;5;-3.98;40.82
27565;20;-3.45;40.81
27566;11;-1.12;40.81
27567;20;-6.26;40.80
27568;9;-5.90;40.84
27569;14;-4.61;40.81
27571;9;-3.23;40.81
27572;11;-3.14;40.81
27574;8;-1.61;40.81
27575;7;-1.06;40.84
27576;7;-0.86;40.81
27577;10;-6.81;40.80
27578;13;-5.85;40.81
27579;3;-3.97;40.80
27580;3;-3.61;40.80
27581;16;-3.19;40.81
27582;11;-2.36;40.80
27583;7;-1.14;40.80
27584;9;-0.79;40.80
27585;4;-0.70;40.80
27586;3;-0.61;40.81
27587;8;-0.31;40.80
27588;13;0.05;40.80
27589;7;0.13;40.81
27590;6;0.25;40.81
27591;8;-6.79;40.80
27592;8;-6.76;40.80
27593;10;-6.75;40.80
27594;5;-6.15;40.80
27596;5;-5.52;40.80
27597;5;-5.36;40.80
27598;5;-4.69;40.80
27599;15;-4.16;40.80
27602;14;-4.09;40.80
27604;11;-3.79;40.80
27605;8;-3.78;40.80
27606;3;-3.72;40.80
27607;8;-3.70;40.80
27610;5;-3.52;40.80
27611;8;-3.49;40.80
27612;22;-3.45;40.80
27613;20;-3.43;40.80
27614;9;-3.35;40.80
27615;5;-3.33;40.80
27616;5;-3.27;40.80
27617;5;-3.24;40.80
27618;9;-3.16;40.80
27619;4;-3.08;40.80
27623;13;-2.32;40.80
27624;11;-2.20;40.80
27625;7;-2.16;40.80
27626;7;-2.12;40.80
27627;2;-1.93;40.80
27628;7;-1.51;40.80
27629;3;-1.10;40.80
27630;4;-0.83;40.80
27631;7;-0.80;40.80
27632;5;-0.78;40.80
27633;3;-0.75;40.80
27634;9;-0.73;40.80
27635;9;-0.61;40.80
27636;11;-0.48;40.80
27637;4;-0.30;40.80
27638;13;-0.24;40.80
27639;4;-0.23;40.80
27640;3;-0.21;40.80
27641;5;-0.17;40.80
27642;11;-0.15;40.80
27643;9;-0.13;40.80
27644;2;-0.08;40.80
27645;4;-0.04;40.80
27646;4;0.08;40.80
27647;3;0.12;40.80
27648;15;0.29;40.80
27649;11;0.35;40.80
27650;11;0.54;40.80
27651;7;0.58;40.80
27652;6;0.68;40.80
27653;4;-2.47;40.83
27654;2;-6.07;40.84
27655;17;-4.14;40.80
27656;22;-3.39;40.81
27658;2;-0.65;40.80
27659;10;-0.34;40.81
27660;16;-5.47;40.80
27661;5;-4.62;40.79
27662;16;-4.29;40.80
27663;4;-2.44;40.79
27664;8;-2.40;40.79
27665;8;-2.26;40.80
27666;6;-2.17;40.80
27667;7;-0.67;40.80
27668;3;-0.60;40.79
27669;4;-0.49;40.79
27670;8;-0.40;40.79
27673;2;0.19;40.80
27674;4;-6.77;40.79
27675;10;-6.76;40.79
27676;26;-6.75;40.79
27677;24;-6.73;40.79
27678;11;-6.63;40.79
27679;4;-6.59;40.79
27682;8;-5.52;40.79
27684;8;-4.70;40.79
27685;10;-4.60;40.79
27687;15;-4.15;40.79
27689;7;-4.00;40.79
27690;3;-3.99;40.79
27691;11;-3.81;40.79
27693;3;-3.71;40.79
27696;25;-3.50;40.80
27697;5;-3.49;40.79
27698;8;-3.39;40.79
27699;11;-3.34;40.79
27700;5;-3.30;40.79
27703;4;-2.41;40.79
27704;11;-2.39;40.79
27705;11;-2.33;40.79
27706;4;-2.27;40.79
27707;7;-2.19;40.79
27708;4;-1.93;40.79
27709;2;-1.87;40.79
27711;3;-1.11;40.79
27712;11;-1.10;40.79
27713;3;-0.90;40.79
27714;7;-0.88;40.79
27715;9;-0.86;40.79
27716;4;-0.85;40.79
27717;9;-0.80;40.79
27718;7;-0.79;40.79
27719;7;-0.74;40.79
27720;4;-0.68;40.79
27721;7;-0.52;40.79
27722;4;-0.37;40.79
27723;8;-0.34;40.79
27725;8;-0.28;40.79
27726;7;-0.15;40.79
27727;11;-0.13;40.79
27728;4;-0.09;40.79
27729;12;0.04;40.79
27730;7;0.09;40.79
27731;7;0.15;40.79
27732;5;0.21;40.79
27733;7;0.26;40.79
27734;8;0.47;40.79
27735;11;0.51;40.79
27736;8;0.53;40.79
27737;8;0.55;40.79
27738;10;0.66;40.79
27739;8;-1.67;40.95
27740;12;-3.64;40.81
27741;4;-1.98;40.79
27742;6;-2.23;40.81
27743;5;-4.54;40.79
27744;4;-0.26;40.79
27747;5;-4.47;40.78
27748;12;-4.45;40.78
27749;8;-4.37;40.78
27750;8;-4.32;40.79
27751;3;-3.77;40.79
27752;3;-3.68;40.78
27753;20;-3.45;40.78
27754;9;-3.33;40.78
27755;4;-3.11;40.78
27757;7;-1.59;40.78
27759;13;-0.47;40.79
27760;7;-0.19;40.80
27761;11;-0.17;40.78
27762;11;-0.05;40.78
27763;6;0.40;40.78
27764;8;-6.78;40.78
27765;10;-6.77;40.78
27766;13;-6.63;40.78
27768;5;-5.57;40.78
27769;3;-5.07;40.78
27771;13;-4.38;40.78
27772;13;-4.30;40.78
27773;15;-4.26;40.78
27775;15;-4.21;40.78
27777;11;-3.83;40.78
27778;8;-3.79;40.78
27780;5;-3.67;40.78
27781;9;-3.35;40.78
27782;5;-3.34;40.78
27783;3;-2.96;40.78
27784;7;-2.91;40.78
27787;7;-2.50;40.78
27788;11;-2.31;40.78
27789;8;-2.24;40.78
27790;11;-2.18;40.78
27791;7;-2.16;40.78
27792;7;-2.06;40.79
27793;3;-2.05;40.78
27794;6;-2.01;40.78
27796;4;-1.91;40.78
27797;2;-1.88;40.78
27800;4;-0.81;40.78
27801;6;-0.71;40.79
27802;4;-0.72;40.78
27803;3;-0.66;40.78
27804;9;-0.61;40.78
27806;4;-0.38;40.78
27807;4;-0.32;40.78
27810;11;-0.24;40.78
27811;2;-0.21;40.78
27812;3;0.06;40.78
27813;12;0.07;40.78
27814;7;0.16;40.78
27815;2;0.21;40.78
27816;4;0.58;40.78
27817;8;0.60;40.78
27818;6;0.67;40.78
27820;2;-0.58;40.79
27822;9;-0.93;40.80
27823;6;-5.16;40.79
27824;15;-4.18;40.78
27825;11;-0.50;40.78
27826;16;-0.04;40.78
27827;2;0.14;40.78
27829;11;-4.29;40.78
27830;17;-4.15;40.78
27831;21;-3.53;40.78
27832;20;-3.40;40.78
27833;8;-1.10;40.78
27834;7;-0.75;40.78
27835;7;-0.63;40.78
27836;3;-0.52;40.78
27837;5;0.12;40.78
27838;8;0.50;40.78
27839;11;-6.63;40.77
27840;4;-6.62;40.77
27842;5;-5.42;40.77
27843;5;-4.86;40.77
27844;10;-4.54;40.77
27846;13;-4.41;40.77
27848;8;-4.30;40.77
27849;16;-4.28;40.77
27850;12;-4.10;40.77
27851;2;-3.98;40.77
27852;11;-3.84;40.77
27853;6;-3.83;40.77
27854;11;-3.81;40.77
27855;8;-3.80;40.77
27856;3;-3.79;40.77
27857;12;-3.68;40.77
27858;5;-3.65;40.77
27859;3;-3.63;40.77
27860;20;-3.47;40.77
27861;8;-3.45;40.77
27862;8;-3.39;40.77
27863;19;-3.37;40.78
27864;11;-3.33;40.77
27865;5;-3.28;40.77
27866;9;-3.20;40.77
27868;5;-3.14;40.77
27870;3;-2.51;40.77
27871;4;-2.22;40.77
27872;13;-2.20;40.77
27873;6;-2.18;40.77
27874;4;-2.04;40.77
27875;3;-1.55;40.79
27877;3;-0.80;40.77
27878;7;-0.78;40.77
27880;4;-0.69;40.77
27881;3;-0.64;40.77
27882;13;-0.49;40.77
27883;8;-0.44;40.77
27884;13;-0.42;40.77
27885;11;-0.41;40.77
27887;4;-0.37;40.77
27888;10;-0.28;40.77
27889;13;-0.26;40.77
27890;11;-0.25;40.77
27891;7;-0.05;40.77
27894;12;0.06;40.77
27895;3;0.07;40.77
27896;2;0.13;40.77
27897;7;0.14;40.77
27898;2;0.23;40.77
27899;15;0.29;40.77
27900;13;0.33;40.77
27901;9;0.34;40.77
27902;8;0.54;40.77
27903;4;0.55;40.77
27904;4;0.66;40.77
27905;6;-1.00;40.79
27906;9;-0.02;40.78
27907;9;0.02;40.78
27908;22;-3.43;40.78
27909;9;-0.08;40.78
27910;8;-3.99;40.77
27911;8;-2.27;40.77
27912;3;-2.90;40.79
27914;8;-2.41;40.77
27915;7;-0.72;40.77
27916;10;-0.44;40.78
27917;4;-6.60;40.76
27918;4;-6.43;40.76
27921;6;-5.17;40.76
27922;3;-5.06;40.76
27923;3;-5.02;40.76
27925;5;-4.81;40.76
27926;18;-4.69;40.76
27927;8;-4.36;40.76
27929;15;-4.17;40.76
27930;7;-4.10;40.76
27931;7;-4.05;40.76
27933;13;-3.84;40.76
27934;3;-3.83;40.76
27935;8;-3.81;40.76
27936;3;-3.80;40.76
27938;3;-3.71;40.76
27939;3;-3.68;40.76
27940;12;-3.66;40.76
27941;3;-3.65;40.76
27942;5;-3.64;40.76
27944;20;-3.45;40.76
27945;5;-3.41;40.76
27946;17;-3.37;40.76
27947;5;-3.24;40.76
27948;5;-3.16;40.76
27949;4;-3.11;40.76
27952;7;-2.80;40.76
27953;8;-2.22;40.76
27955;10;-2.19;40.76
27956;4;-2.18;40.76
27957;4;-2.12;40.76
27959;4;-1.94;40.76
27960;3;-1.56;40.76
27961;3;-1.53;40.76
27962;7;-1.30;40.76
27964;9;-0.80;40.76
27965;3;-0.79;40.76
27966;9;-0.77;40.78
27967;3;-0.69;40.76
27969;2;-0.56;40.76
27970;11;-0.43;40.76
27971;7;-0.37;40.76
27972;4;-0.36;40.76
27973;9;-0.34;40.76
27974;4;-0.05;40.76
27975;12;-0.02;40.76
27976;2;0.01;40.76
27978;5;0.10;40.76
27979;2;0.12;40.76
27980;9;0.13;40.76
27981;7;0.17;40.76
27982;3;0.22;40.76
27983;11;0.32;40.76
27984;4;0.50;40.76
27985;4;0.54;40.76
27986;4;0.60;40.76
27987;11;-3.30;40.78
27990;12;-3.61;40.77
27991;8;-6.76;40.77
27992;8;-3.58;40.77
27994;6;-0.59;40.76
27995;6;-5.20;40.76
27997;7;-3.27;40.80
27998;8;-0.49;40.76
28000;12;0.04;40.76
28001;7;0.32;40.76
28002;4;0.52;40.76
28005;5;-5.29;40.75
28006;5;-4.80;40.75
28007;18;-4.67;40.75
28008;12;-4.06;40.75
28009;9;-4.05;40.75
28010;7;-4.03;40.75
28011;8;-3.87;40.75
28012;11;-3.85;40.75
28013;6;-3.84;40.75
28014;3;-3.81;40.75
28015;3;-3.72;40.75
28016;12;-3.64;40.75
28017;3;-3.62;40.75
28018;8;-3.60;40.75
28019;8;-3.43;40.75
28020;8;-2.45;40.75
28021;2;-2.41;40.75
28022;11;-2.40;40.75
28023;8;-2.28;40.75
28024;6;-2.18;40.75
28025;4;-2.08;40.75
28026;2;-1.94;40.75
28027;7;-1.58;40.75
28028;6;-0.99;40.75
28029;4;-0.83;40.75
28030;3;-0.80;40.75
28031;9;-0.79;40.75
28032;7;-0.78;40.75
28033;3;-0.75;40.75
28035;13;-0.45;40.75
28036;4;-0.44;40.75
28037;7;-0.35;40.75
28038;5;-0.20;40.76
28039;4;-0.07;40.75
28040;9;0.01;40.75
28042;7;0.07;40.75
28043;5;0.09;40.75
28045;7;0.13;40.75
28046;3;0.21;40.75
28047;7;0.28;40.75
28048;7;0.36;40.75
28049;11;0.39;40.75
28050;4;0.59;40.75
28051;10;-5.22;40.79
28052;13;-4.35;40.79
28053;27;-3.50;40.76
28054;13;-4.64;40.76
28055;12;-4.42;40.76
28056;20;-4.22;40.79
28057;12;-4.00;40.76
28058;11;-3.35;40.76
28059;9;-3.33;40.76
28060;11;-3.21;40.77
28061;3;-1.26;40.76
28062;11;-6.69;40.75
28063;16;-4.30;40.75
28064;21;-3.57;40.78
28065;23;-3.54;40.77
28066;22;-3.46;40.76
28067;7;-2.91;40.79
28068;4;-2.01;40.76
28070;8;-6.66;40.75
28072;5;-4.44;40.75
28073;6;-3.87;40.79
28074;22;-3.40;40.75
28075;19;-3.37;40.75
28077;9;-3.14;40.77
28078;11;-3.13;40.75
28079;4;-3.08;40.75
28080;7;-2.78;40.76
28081;7;-2.55;40.75
28082;10;-2.20;40.75
28083;4;-2.05;40.75
28085;2;-0.55;40.75
28086;8;-0.47;40.75
28087;2;-0.24;40.76
28088;4;-0.10;40.76
28089;7;-0.08;40.75
28090;6;-0.05;40.75
28091;5;0.19;40.76
28092;4;0.57;40.75
28093;10;-6.83;40.74
28094;26;-6.75;40.74
28095;4;-6.63;40.74
28097;5;-5.53;40.74
28099;6;-5.18;40.74
28100;5;-4.83;40.74
28102;10;-4.43;40.74
28103;16;-4.41;40.74
28104;19;-4.40;40.74
28107;14;-4.11;40.77
28109;12;-4.03;40.74
28110;15;-3.99;40.74
28111;11;-3.91;40.74
28112;11;-3.88;40.74
28113;13;-3.86;40.74
28114;6;-3.85;40.74
28115;11;-3.84;40.74
28117;20;-3.43;40.75
28118;19;-3.40;40.74
28119;17;-3.39;40.74
28120;5;-3.34;40.74
28121;13;-3.32;40.74
28122;15;-3.30;40.74
28123;9;-3.28;40.74
28124;5;-3.27;40.74
28125;7;-3.26;40.74
28126;9;-3.23;40.74
28128;3;-2.94;40.74
28129;3;-2.80;40.77
28130;6;-2.60;40.74
28131;2;-2.53;40.80
28132;7;-2.37;40.74
28133;11;-2.33;40.74
28134;8;-2.31;40.74
28135;4;-1.84;40.74
28137;7;-1.31;40.74
28139;9;-0.81;40.74
28140;7;-0.80;40.74
28141;3;-0.79;40.74
28142;7;-0.74;40.74
28143;6;-0.68;40.74
28146;7;-0.44;40.74
28147;11;-0.40;40.74
28150;3;-0.21;40.74
28151;11;-0.17;40.74
28152;11;-0.12;40.74
28153;11;-0.06;40.74
28154;3;-0.01;40.74
28155;12;0.01;40.74
28156;7;0.16;40.74
28157;7;0.20;40.74
28158;17;0.32;40.74
28159;9;-4.04;40.79
28160;13;-4.73;40.79
28161;4;-5.75;40.80
28162;15;-4.38;40.76
28163;6;-0.31;40.77
28164;7;-5.85;40.75
28165;18;-4.80;40.80
28166;16;-4.69;40.76
28167;10;-4.48;40.78
28168;12;-4.16;40.74
28169;9;-0.69;40.74
28170;13;-0.41;40.75
28171;10;-6.79;40.76
28172;8;-4.70;40.75
28173;11;-3.94;40.74
28174;3;-3.67;40.74
28175;5;-3.52;40.74
28176;4;-2.15;40.74
28177;6;-0.89;40.76
28178;7;-0.71;40.74
28179;11;-0.45;40.74
28180;7;-0.31;40.74
28181;7;-0.19;40.74
28182;5;0.13;40.74
28183;8;-6.82;40.77
28184;26;-6.69;40.79
28185;4;-6.46;40.73
28186;7;-5.78;40.73
28188;16;-4.71;40.73
28189;10;-4.60;40.76
28190;12;-4.47;40.73
28191;5;-4.45;40.73
28192;10;-4.44;40.73
28193;5;-4.43;40.73
28194;16;-4.42;40.73
28195;19;-4.41;40.73
28196;22;-4.36;40.73
28197;20;-4.29;40.74
28198;9;-4.17;40.73
28199;12;-4.13;40.73
28200;7;-4.11;40.73
28201;7;-4.08;40.73
28203;12;-3.99;40.73
28204;16;-3.92;40.73
28207;5;-3.59;40.73
28208;13;-3.43;40.73
28209;28;-3.42;40.73
28210;8;-3.34;40.73
28211;22;-3.30;40.73
28212;4;-2.87;40.73
28213;8;-2.45;40.73
28214;6;-2.18;40.73
28215;4;-2.09;40.73
28216;6;-2.07;40.73
28218;2;-0.84;40.73
28219;7;-0.81;40.73
28220;3;-0.76;40.73
28221;2;-0.52;40.74
28222;7;-0.34;40.73
28223;5;-0.18;40.73
28224;7;0.10;40.73
28226;7;0.15;40.73
28227;5;0.16;40.73
28228;11;0.25;40.73
28229;7;-5.06;40.77
28231;18;-5.30;40.77
28232;24;-6.65;40.76
28233;5;-4.55;40.77
28234;24;-4.25;40.74
28235;8;-5.23;40.74
28236;6;-5.13;40.74
28238;10;-0.49;40.74
28239;2;0.05;40.75
28240;4;-5.17;40.75
28241;9;-5.11;40.73
28242;11;-3.97;40.73
28243;4;-1.59;40.74
28244;9;-0.25;40.73
28245;4;0.54;40.74
28246;8;-6.77;40.73
28247;24;-6.73;40.75
28248;22;-4.39;40.73
28249;19;-4.35;40.73
28250;15;-4.20;40.73
28251;24;-4.18;40.73
28252;12;-4.05;40.73
28255;5;-3.83;40.73
28256;16;-3.25;40.73
28257;4;-3.17;40.73
28258;4;-3.06;40.74
28259;10;-2.62;40.73
28260;4;-2.59;40.73
28261;8;-2.57;40.73
28262;6;-2.21;40.73
28264;7;-1.30;40.73
28265;7;-0.42;40.73
28266;7;-0.28;40.73
28267;3;-0.26;40.73
28268;4;-0.07;40.73
28269;4;0.61;40.74
28271;8;-6.81;40.72
28272;29;-6.71;40.72
28273;31;-6.69;40.72
28274;11;-6.67;40.72
28275;24;-6.66;40.72
28276;8;-6.65;40.72
28277;4;-6.63;40.72
28278;4;-6.44;40.72
28280;6;-5.84;40.72
28281;4;-5.21;40.72
28282;6;-5.20;40.72
28283;3;-4.53;40.72
28284;6;-4.51;40.72
28285;14;-4.47;40.72
28286;3;-4.44;40.72
28287;18;-4.43;40.72
28288;11;-4.28;40.72
28289;12;-4.17;40.72
28290;7;-4.06;40.72
28291;7;-4.03;40.73
28293;7;-4.00;40.72
28294;3;-3.98;40.72
28295;6;-3.97;40.72
28296;12;-3.83;40.72
28297;13;-3.53;40.72
28298;24;-3.52;40.72
28299;30;-3.49;40.72
28300;22;-3.32;40.72
28301;5;-3.30;40.72
28302;16;-3.29;40.72
28303;4;-3.22;40.72
28307;8;-2.61;40.72
28308;11;-2.53;40.72
28309;11;-2.50;40.72
28310;8;-2.48;40.72
28311;11;-2.43;40.72
28312;2;-1.95;40.72
28313;4;-1.88;40.72
28314;7;-1.58;40.72
28315;7;-1.53;40.75
28316;8;-1.48;40.72
28318;3;-1.10;40.74
28320;4;-0.90;40.73
28321;5;-0.81;40.72
28322;7;-0.79;40.72
28323;7;-0.75;40.72
28324;5;-0.70;40.72
28325;6;-0.63;40.72
28326;8;-0.47;40.72
28327;4;-0.41;40.72
28328;11;-0.40;40.72
28329;11;-0.09;40.72
28330;3;-0.03;40.72
28331;4;0.03;40.72
28332;7;0.05;40.72
28333;5;0.15;40.72
28334;7;0.34;40.72
28335;4;0.57;40.72
28336;13;-5.69;40.76
28337;13;-5.48;40.76
28338;9;-6.45;40.76
28339;9;-0.14;40.75
28340;13;-6.50;40.73
28341;9;-5.64;40.76
28342;17;-4.32;40.73
28343;21;-3.37;40.73
28344;6;-3.21;40.73
28345;4;-2.03;40.72
28346;3;-1.56;40.73
28348;3;-1.28;40.73
28349;9;-0.20;40.72
28351;7;-5.74;40.72
28352;14;-4.60;40.72
28353;6;-4.49;40.72
28354;23;-4.41;40.72
28356;8;-3.91;40.72
28357;19;-3.38;40.72
28358;4;-2.22;40.72
28359;4;-2.18;40.72
28361;2;-0.82;40.72
28363;13;-0.43;40.72
28364;13;-0.28;40.72
28365;7;0.00;40.72
28366;3;0.02;40.72
28367;3;0.12;40.72
28368;7;0.17;40.72
28370;11;-6.75;40.72
28371;16;-6.67;40.72
28372;7;-6.66;40.72
28375;8;-6.18;40.73
28376;6;-5.87;40.72
28377;3;-5.75;40.72
28378;16;-5.71;40.72
28381;9;-5.37;40.72
28382;11;-5.36;40.72
28383;9;-5.35;40.72
28384;5;-5.13;40.72
28385;5;-4.69;40.72
28386;18;-4.63;40.72
28387;5;-4.62;40.72
28388;18;-4.61;40.72
28389;5;-4.60;40.72
28390;17;-4.54;40.72
28391;26;-4.39;40.72
28392;8;-4.32;40.72
28393;24;-4.23;40.72
28396;7;-4.10;40.72
28397;9;-4.00;40.72
28398;8;-3.98;40.72
28399;3;-3.97;40.72
28400;13;-3.92;40.72
28402;22;-3.52;40.72
28403;26;-3.51;40.72
28404;5;-3.45;40.72
28405;8;-3.32;40.72
28406;16;-3.28;40.72
28407;4;-3.18;40.72
28408;4;-3.13;40.72
28409;4;-2.96;40.72
28410;11;-2.52;40.72
28411;7;-2.40;40.72
28412;4;-2.10;40.72
28413;4;-1.90;40.72
28414;4;-1.30;40.72
28415;3;-1.14;40.72
28416;10;-0.92;40.72
28417;8;-0.89;40.72
28419;5;-0.80;40.72
28420;9;-0.75;40.74
28421;9;-0.70;40.72
28423;2;-0.51;40.72
28424;4;-0.49;40.72
28425;10;-0.46;40.72
28426;9;-0.41;40.72
28427;4;-0.40;40.72
28428;7;-0.31;40.72
28430;11;-0.06;40.72
28431;7;-0.04;40.72
28432;3;0.07;40.72
28433;7;0.13;40.72
28436;9;0.30;40.79
28437;15;0.27;40.72
28438;7;0.31;40.72
28439;4;0.58;40.72
28440;2;0.72;40.72
28441;2;0.86;40.72
28442;9;-6.26;40.75
28443;5;-6.02;40.75
28444;10;-5.84;40.73
28445;8;-3.73;40.75
28446;13;-3.89;40.72
28447;6;-3.08;40.80
28448;8;-2.63;40.72
28450;20;-3.33;40.72
28452;4;-1.96;40.73
28453;11;-0.13;40.72
28454;6;-5.80;40.71
28455;5;-5.58;40.71
28456;14;-5.23;40.71
28457;14;-5.19;40.71
28458;12;-5.11;40.71
28459;8;-4.70;40.71
28460;15;-4.51;40.72
28461;24;-4.25;40.71
28462;12;-4.03;40.71
28463;8;-3.84;40.71
28464;32;-3.48;40.73
28465;23;-3.40;40.71
28466;10;-2.60;40.71
28467;2;-1.93;40.71
28468;4;-1.81;40.79
28469;3;-1.58;40.71
28470;7;-0.72;40.71
28471;6;-0.69;40.71
28472;7;-0.24;40.72
28473;7;-0.07;40.71
28475;7;0.21;40.71
28476;13;0.36;40.77
28478;8;-6.76;40.71
28479;16;-6.73;40.71
28480;4;-6.59;40.71
28482;5;-6.21;40.76
28483;8;-6.21;40.71
28484;15;-5.78;40.71
28485;7;-5.59;40.71
28486;11;-5.51;40.71
28487;9;-5.36;40.71
28489;5;-4.68;40.71
28490;18;-4.64;40.71
28491;5;-4.63;40.71
28492;18;-4.62;40.71
28493;20;-4.54;40.71
28494;6;-4.53;40.71
28495;19;-4.45;40.71
28496;7;-4.12;40.71
28498;3;-3.98;40.71
28499;8;-3.97;40.71
28500;3;-3.96;40.71
28501;8;-3.92;40.71
28502;13;-3.91;40.71
28503;8;-3.90;40.71
28504;13;-3.84;40.71
28505;5;-3.81;40.71
28506;23;-3.45;40.71
28507;10;-3.38;40.71
28509;2;-3.18;40.71
28510;7;-3.13;40.71
28511;9;-3.11;40.71
28512;7;-3.09;40.71
28513;9;-2.96;40.71
28514;4;-2.94;40.71
28515;4;-2.66;40.71
28516;7;-2.44;40.71
28517;3;-2.36;40.71
28518;4;-2.12;40.71
28519;4;-1.94;40.71
28521;4;-1.87;40.71
28522;7;-1.72;40.71
28523;7;-1.14;40.74
28524;6;-0.81;40.71
28525;6;-0.79;40.71
28526;2;-0.78;40.71
28527;6;-0.72;40.71
28528;4;-0.70;40.71
28529;3;-0.61;40.71
28530;6;-0.55;40.71
28531;3;-0.50;40.71
28533;2;-0.48;40.71
28535;6;-0.40;40.71
28536;11;-0.35;40.71
28537;13;-0.34;40.71
28538;4;-0.13;40.71
28539;4;-0.10;40.71
28540;13;-0.09;40.71
28541;4;-0.05;40.71
28543;2;0.20;40.71
28544;17;0.23;40.71
28545;7;0.25;40.71
28546;7;0.63;40.71
28548;8;-3.62;40.73
28549;6;-5.92;40.72
28550;22;-3.35;40.71
28551;4;-2.30;40.72
28552;16;-5.21;40.71
28553;20;-4.36;40.71
28555;9;-0.64;40.71
28556;4;-5.70;40.70
28557;3;-4.48;40.71
28558;24;-4.39;40.70
28559;7;-4.02;40.70
28561;3;-1.67;40.70
28562;7;-0.63;40.70
28563;4;-0.61;40.73
28564;13;-0.36;40.70
28565;7;0.08;40.70
28566;9;0.28;40.70
28569;5;-5.59;40.70
28570;5;-5.57;40.70
28571;5;-5.54;40.70
28573;11;-5.33;40.71
28575;14;-5.21;40.70
28576;5;-4.64;40.70
28577;24;-4.54;40.70
28578;17;-4.33;40.70
28579;20;-4.28;40.71
28580;12;-4.10;40.72
28582;12;-3.98;40.70
28583;3;-3.97;40.70
28585;8;-3.91;40.70
28586;12;-3.83;40.70
28587;7;-3.81;40.70
28588;10;-3.40;40.70
28589;8;-3.34;40.70
28590;16;-3.33;40.70
28592;9;-2.97;40.70
28593;4;-2.67;40.70
28595;2;-2.65;40.70
28597;11;-2.61;40.70
28598;6;-2.59;40.70
28599;10;-2.53;40.70
28600;13;-2.45;40.70
28601;13;-2.43;40.70
28602;4;-2.37;40.70
28603;4;-2.01;40.70
28604;4;-1.82;40.70
28605;4;-1.80;40.70
28606;3;-0.67;40.70
28607;9;-0.62;40.70
28611;7;-0.38;40.70
28612;11;-0.37;40.70
28613;7;-0.30;40.70
28614;3;-0.28;40.70
28616;3;-0.11;40.70
28617;7;-0.09;40.70
28618;7;-0.02;40.70
28619;4;0.03;40.70
28620;2;0.05;40.71
28621;3;0.07;40.70
28624;2;0.17;40.70
28625;4;0.23;40.70
28626;9;0.25;40.70
28627;4;-1.41;40.78
28628;6;-2.39;40.75
28629;11;-1.52;40.71
28630;4;-1.19;40.76
28631;5;0.11;40.70
28632;7;-5.71;40.70
28633;3;-3.66;40.70
28634;28;-3.47;40.71
28636;7;-1.25;40.72
28637;10;-0.88;40.70
28638;5;0.21;40.72
28639;11;-5.90;40.69
28640;8;-4.67;40.70
28641;5;-3.52;40.69
28642;5;-3.45;40.70
28643;23;-3.39;40.69
28644;25;-3.37;40.70
28645;4;-2.56;40.70
28646;7;-2.46;40.69
28647;7;-1.97;40.70
28648;3;-1.73;40.70
28650;4;-1.12;40.70
28651;9;-0.33;40.72
28652;8;-5.87;40.69
28653;9;-5.30;40.70
28654;12;-5.20;40.69
28655;5;-5.07;40.69
28656;8;-4.64;40.69
28657;26;-4.54;40.69
28658;19;-4.47;40.69
28659;30;-4.37;40.69
28660;24;-4.36;40.69
28661;5;-4.15;40.69
28663;12;-3.91;40.69
28664;12;-3.86;40.69
28665;3;-3.73;40.69
28666;3;-3.60;40.69
28667;19;-3.47;40.69
28668;23;-3.45;40.69
28669;5;-3.37;40.69
28670;5;-3.35;40.69
28671;5;-2.98;40.69
28673;4;-2.66;40.69
28674;7;-2.65;40.69
28675;6;-2.58;40.69
28676;11;-2.45;40.69
28677;13;-2.41;40.69
28681;2;-1.94;40.69
28682;7;-1.78;40.69
28684;3;-1.58;40.69
28685;11;-1.56;40.69
28687;3;-0.62;40.69
28688;7;-0.57;40.69
28689;5;-0.56;40.69
28691;5;-0.40;40.69
28694;7;-0.32;40.69
28695;9;-0.03;40.69
28696;3;0.08;40.69
28697;3;0.12;40.69
28699;4;0.26;40.69
28700;4;-6.80;40.71
28701;24;-3.54;40.71
28702;2;-3.21;40.70
28703;15;-5.75;40.69
28704;12;-5.73;40.70
28705;9;-3.01;40.70
28706;13;-2.99;40.70
28707;8;-6.78;40.69
28708;4;-6.76;40.69
28709;20;-6.70;40.70
28710;26;-4.40;40.69
28711;7;-3.99;40.69
28712;17;-3.83;40.69
28713;4;-1.90;40.69
28714;3;-1.53;40.69
28715;6;-0.85;40.69
28716;7;0.52;40.69
28718;19;-5.84;40.69
28719;7;-5.36;40.68
28720;8;-4.71;40.69
28721;5;-4.19;40.68
28722;8;-3.95;40.70
28723;25;-3.42;40.71
28725;13;-2.97;40.69
28726;4;-1.69;40.68
28727;2;-0.64;40.68
28728;2;-0.42;40.70
28731;3;0.00;40.69
28732;11;0.20;40.68
28734;7;0.29;40.69
28735;13;0.32;40.69
28736;4;-6.60;40.68
28738;6;-5.75;40.68
28739;5;-4.70;40.68
28741;19;-4.50;40.69
28742;5;-4.47;40.68
28743;30;-4.39;40.68
28744;28;-4.37;40.68
28745;12;-4.09;40.68
28747;12;-3.93;40.68
28748;12;-3.90;40.68
28749;7;-3.84;40.68
28751;5;-3.54;40.68
28752;28;-3.52;40.68
28753;19;-3.45;40.68
28754;5;-3.42;40.68
28755;23;-3.40;40.68
28756;25;-3.39;40.68
28757;9;-2.98;40.68
28758;7;-2.66;40.68
28759;11;-2.65;40.68
28760;3;-2.00;40.68
28761;9;-1.98;40.68
28762;7;-1.93;40.68
28763;3;-1.70;40.68
28765;11;-1.55;40.68
28766;10;-0.95;40.68
28767;8;-0.87;40.68
28768;7;-0.69;40.68
28770;7;-0.34;40.68
28771;9;-0.32;40.68
28772;7;-0.31;40.68
28773;9;-0.29;40.68
28774;3;-0.26;40.68
28775;3;-0.19;40.68
28776;3;-0.12;40.68
28777;3;-0.09;40.68
28778;7;-0.07;40.68
28779;9;-0.06;40.68
28781;11;0.17;40.68
28782;2;0.22;40.68
28784;17;0.31;40.71
28785;22;-3.57;40.70
28786;5;-5.42;40.70
28787;5;-5.15;40.69
28788;8;-2.48;40.69
28789;3;-1.76;40.68
28790;6;-5.78;40.69
28791;16;-3.26;40.68
28792;7;-1.65;40.70
28793;4;-1.02;40.74
28794;10;-0.90;40.68
28795;17;0.26;40.68
28796;12;-5.86;40.67
28797;15;-5.76;40.67
28798;5;-5.02;40.68
28799;11;-4.67;40.68
28800;5;-4.17;40.67
28801;7;-4.06;40.69
28803;25;-3.49;40.68
28804;8;-2.68;40.68
28805;4;-2.46;40.67
28807;8;-1.45;40.70
28809;4;-0.74;40.67
28811;5;-0.46;40.69
28812;7;-0.02;40.67
28813;3;0.05;40.67
28814;5;0.14;40.68
28815;4;-6.78;40.67
28816;7;-6.67;40.67
28818;4;-6.59;40.67
28820;15;-5.83;40.69
28821;10;-5.36;40.67
28822;10;-5.32;40.67
28823;7;-5.31;40.67
28824;5;-5.13;40.67
28825;24;-4.66;40.67
28827;23;-4.56;40.67
28828;19;-4.53;40.67
28830;21;-4.37;40.67
28831;23;-4.36;40.67
28832;12;-4.10;40.67
28834;12;-4.06;40.67
28835;12;-3.89;40.67
28836;7;-3.85;40.67
28837;7;-3.82;40.67
28838;16;-3.75;40.67
28839;3;-3.68;40.67
28840;24;-3.55;40.67
28841;19;-3.53;40.67
28842;23;-3.51;40.67
28843;19;-3.46;40.67
28844;10;-3.44;40.67
28845;16;-3.35;40.67
28847;5;-3.10;40.67
28848;4;-2.56;40.67
28849;4;-2.53;40.67
28850;7;-2.51;40.67
28851;11;-2.42;40.67
28853;7;-1.89;40.67
28854;3;-1.88;40.67
28856;8;-1.56;40.67
28859;7;-0.73;40.67
28860;7;-0.67;40.67
28861;7;-0.41;40.67
28862;3;-0.32;40.67
28863;9;-0.30;40.67
28864;3;-0.29;40.67
28865;7;-0.10;40.67
28866;7;-0.06;40.67
28868;13;0.18;40.67
28869;5;0.20;40.67
28871;11;0.23;40.67
28873;7;0.26;40.67
28874;13;0.29;40.67
28875;4;0.42;40.67
28876;7;0.53;40.67
28877;12;-3.75;40.70
28878;4;-3.02;40.74
28879;4;-0.81;40.69
28880;12;-6.77;40.68
28881;4;-6.56;40.69
28882;17;-3.88;40.68
28883;9;-2.61;40.68
28884;9;-0.53;40.69
28885;6;-2.57;40.67
28886;4;-1.81;40.67
28888;27;-4.40;40.67
28889;7;-3.95;40.67
28890;8;-2.94;40.71
28891;4;-1.67;40.66
28894;8;-1.53;40.66
28895;4;-0.85;40.67
28896;7;-0.36;40.67
28898;4;-6.67;40.66
28899;4;-6.62;40.66
28902;5;-5.54;40.66
28903;10;-5.49;40.66
28904;7;-5.27;40.66
28905;12;-5.21;40.66
28906;5;-5.20;40.66
28907;12;-5.18;40.66
28909;8;-4.63;40.66
28910;23;-4.54;40.66
28911;19;-4.49;40.66
28912;23;-4.37;40.66
28913;24;-4.22;40.66
28914;12;-4.17;40.66
28915;7;-4.10;40.66
28916;12;-4.09;40.66
28917;7;-4.06;40.66
28918;7;-4.00;40.66
28919;17;-3.84;40.66
28920;14;-3.83;40.66
28921;9;-3.81;40.66
28923;3;-3.70;40.66
28925;19;-3.43;40.66
28926;10;-3.42;40.66
28927;5;-3.40;40.66
28928;16;-3.30;40.66
28929;8;-3.26;40.66
28930;3;-3.09;40.68
28931;8;-2.54;40.67
28932;11;-2.53;40.66
28936;4;-2.16;40.66
28937;4;-2.12;40.66
28938;3;-1.99;40.66
28939;7;-1.87;40.66
28942;11;-0.92;40.66
28943;6;-0.86;40.66
28945;5;-0.57;40.67
28946;7;-0.55;40.66
28947;2;-0.53;40.66
28948;7;-0.51;40.66
28949;9;-0.44;40.66
28950;7;-0.43;40.66
28951;3;-0.21;40.66
28952;4;0.03;40.66
28953;13;0.16;40.66
28954;5;0.18;40.66
28955;3;0.21;40.66
28956;3;0.24;40.66
28957;7;0.36;40.66
28958;4;0.45;40.66
28960;7;0.55;40.67
28961;2;-1.86;40.71
28962;9;-4.14;40.69
28963;24;-4.28;40.67
28964;12;-3.99;40.67
28965;2;-3.23;40.67
28966;2;-3.16;40.68
28967;3;-1.27;40.67
28968;6;-2.44;40.67
28969;4;0.47;40.67
28971;17;-3.92;40.67
28972;21;-3.39;40.66
28973;6;-0.82;40.66
28974;7;-6.71;40.66
28975;5;-5.51;40.66
28977;25;-4.41;40.65
28979;19;-3.58;40.66
28980;21;-3.51;40.66
28981;19;-3.47;40.66
28982;21;-3.45;40.66
28983;18;-3.30;40.69
28984;18;-3.24;40.66
28985;11;-2.64;40.66
28986;8;-2.46;40.66
28987;4;-2.39;40.66
28988;7;-1.73;40.67
28989;4;-1.70;40.66
28990;7;-0.63;40.66
28991;9;0.14;40.66
28992;4;-6.63;40.65
28993;4;-6.58;40.65
28994;3;-5.26;40.65
28995;5;-5.14;40.65
28996;8;-4.74;40.65
28997;21;-4.55;40.65
28999;19;-4.50;40.65
29000;23;-4.43;40.65
29001;21;-4.34;40.67
29002;9;-4.17;40.65
29003;12;-4.16;40.65
29004;12;-4.13;40.65
29005;9;-4.10;40.65
29006;7;-4.09;40.65
29007;12;-4.06;40.65
29008;7;-4.03;40.65
29009;12;-4.02;40.65
29011;7;-3.98;40.65
29013;14;-3.94;40.65
29014;7;-3.85;40.65
29015;14;-3.84;40.65
29016;16;-3.80;40.67
29017;16;-3.74;40.65
29018;12;-3.72;40.65
29019;3;-3.71;40.65
29020;8;-3.65;40.67
29021;19;-3.42;40.65
29022;19;-3.36;40.65
29023;5;-3.34;40.65
29024;16;-3.33;40.65
29025;8;-3.28;40.65
29026;5;-3.26;40.65
29027;4;-2.61;40.65
29028;11;-2.59;40.65
29029;6;-2.58;40.65
29030;8;-2.57;40.65
29031;11;-2.54;40.65
29032;4;-2.50;40.66
29033;8;-2.42;40.65
29034;2;-2.40;40.65
29035;3;-2.34;40.65
29036;4;-2.24;40.67
29037;4;-2.10;40.65
29039;3;-1.88;40.65
29041;4;-1.82;40.65
29042;4;-1.78;40.65
29043;7;-1.77;40.65
29044;3;-1.75;40.65
29045;7;-1.63;40.65
29050;3;-1.05;40.65
29051;11;-0.93;40.65
29052;6;-0.85;40.65
29053;4;-0.83;40.65
29055;6;-0.76;40.68
29056;7;-0.70;40.65
29057;7;-0.68;40.65
29058;3;-0.56;40.65
29059;9;-0.55;40.65
29060;3;-0.54;40.65
29061;9;-0.53;40.65
29062;2;-0.51;40.65
29064;7;-0.44;40.65
29065;7;-0.40;40.65
29066;7;-0.37;40.65
29067;7;-0.34;40.65
29068;3;-0.29;40.65
29069;5;-0.04;40.65
29070;7;-0.02;40.65
29071;3;0.04;40.65
29072;7;0.13;40.65
29073;3;0.16;40.65
29074;11;0.17;40.65
29075;13;0.19;40.65
29077;11;0.28;40.65
29078;5;-4.83;40.69
29079;8;-4.95;40.68
29080;8;-0.95;40.68
29081;5;-5.26;40.68
29084;5;-3.13;40.67
29085;7;-2.63;40.65
29086;3;-0.13;40.66
29087;7;0.09;40.67
29088;15;-6.72;40.67
29089;8;-6.64;40.65
29090;7;-5.54;40.68
29091;10;-5.11;40.68
29092;17;-4.73;40.69
29093;20;-4.71;40.65
29094;20;-4.66;40.65
29095;23;-4.55;40.65
29096;21;-4.46;40.68
29097;5;-3.61;40.65
29098;9;-2.65;40.65
29099;4;-2.56;40.65
29100;3;-1.50;40.65
29101;11;-0.98;40.65
29102;9;-0.58;40.65
29103;4;0.01;40.65
29104;11;0.20;40.65
29105;4;-6.65;40.64
29106;4;-6.52;40.66
29107;8;-5.51;40.64
29108;10;-5.35;40.64
29109;8;-5.26;40.64
29110;3;-5.25;40.64
29111;8;-5.24;40.64
29112;10;-5.21;40.64
29113;12;-5.20;40.64
29114;13;-5.04;40.64
29116;17;-4.64;40.64
29117;23;-4.59;40.65
29118;19;-4.53;40.64
29119;16;-4.44;40.64
29120;18;-4.43;40.64
29121;7;-4.42;40.64
29122;21;-4.41;40.64
29124;19;-4.09;40.64
29125;19;-4.06;40.64
29126;17;-4.00;40.64
29128;17;-3.94;40.64
29129;12;-3.91;40.64
29130;17;-3.80;40.64
29131;21;-3.75;40.64
29132;15;-3.65;40.64
29133;12;-3.63;40.64
29135;14;-3.57;40.64
29136;5;-3.55;40.64
29137;20;-3.40;40.64
29138;18;-3.39;40.64
29139;20;-3.37;40.64
29140;18;-3.36;40.64
29141;20;-3.32;40.64
29142;5;-3.30;40.64
29143;10;-3.29;40.64
29144;3;-3.23;40.64
29146;8;-2.69;40.64
29147;3;-2.62;40.64
29149;3;-2.59;40.64
29150;7;-2.54;40.64
29151;7;-2.48;40.65
29152;3;-2.29;40.64
29153;6;-2.28;40.64
29154;4;-2.15;40.64
29155;2;-2.09;40.64
29157;2;-2.06;40.64
29158;4;-1.94;40.64
29159;11;-0.87;40.65
29160;6;-0.83;40.64
29162;7;-0.57;40.64
29163;7;-0.53;40.64
29164;9;-0.51;40.64
29165;5;-0.47;40.64
29166;3;-0.44;40.64
29167;6;-0.42;40.64
29168;3;-0.24;40.64
29169;5;0.04;40.64
29172;9;0.15;40.64
29173;13;0.16;40.64
29174;15;0.19;40.64
29175;4;0.40;40.64
29177;7;0.54;40.64
29178;7;0.58;40.68
29179;6;-5.72;40.65
29180;4;-2.71;40.81
29181;4;-1.84;40.65
29182;21;-4.58;40.68
29184;7;-0.86;40.64
29185;9;-0.66;40.67
29186;7;-0.60;40.64
29187;3;0.11;40.65
29188;8;0.50;40.65
29189;11;-6.73;40.64
29190;11;-6.66;40.67
29192;3;-6.01;40.64
29193;10;-5.56;40.64
29194;17;-3.85;40.64
29195;13;-3.43;40.64
29196;14;-3.25;40.64
29197;6;-2.67;40.64
29198;4;-2.03;40.64
29199;13;-0.90;40.65
29200;9;-0.68;40.64
29201;4;-0.64;40.64
29203;9;-0.45;40.64
29205;13;0.24;40.65
29206;11;0.27;40.64
29209;7;-6.65;40.63
29210;11;-6.64;40.63
29212;4;-6.50;40.63
29213;12;-5.95;40.63
29214;8;-5.55;40.63
29215;10;-5.50;40.64
29216;10;-5.29;40.64
29217;8;-5.31;40.63
29218;8;-5.29;40.63
29219;13;-5.24;40.63
29220;8;-5.22;40.63
29221;5;-5.20;40.63
29222;12;-5.13;40.65
29223;15;-5.09;40.63
29224;13;-5.07;40.63
29225;17;-4.54;40.63
29226;12;-4.53;40.63
29227;12;-4.42;40.63
29228;22;-4.18;40.63
29229;12;-3.92;40.63
29230;14;-3.88;40.65
29232;19;-3.82;40.64
29233;7;-3.80;40.63
29234;12;-3.60;40.64
29235;5;-3.52;40.63
29237;10;-3.32;40.63
29238;18;-3.30;40.63
29239;14;-3.28;40.63
29240;12;-3.23;40.63
29241;5;-3.15;40.63
29243;8;-2.70;40.63
29245;7;-2.60;40.63
29246;4;-2.58;40.64
29247;3;-2.50;40.63
29248;4;-2.41;40.64
29249;7;-2.32;40.63
29250;7;-2.28;40.63
29251;4;-2.06;40.63
29255;4;-1.95;40.63
29256;2;-1.81;40.64
29258;3;-0.93;40.63
29260;3;-0.67;40.63
29261;3;-0.58;40.63
29262;9;-0.54;40.64
29263;7;-0.51;40.63
29265;3;-0.26;40.63
29266;9;-0.15;40.63
29267;3;-0.13;40.63
29269;2;0.03;40.63
29272;5;0.10;40.63
29273;7;0.13;40.63
29274;9;0.14;40.63
29275;13;0.15;40.63
29276;7;0.16;40.63
29278;2;0.72;40.71
29279;8;-5.91;40.66
29280;17;-4.21;40.68
29281;11;-5.80;40.64
29282;17;-4.05;40.63
29283;20;-3.46;40.63
29284;16;-3.27;40.64
29285;7;-1.88;40.64
29286;3;-0.69;40.64
29287;8;-5.03;40.63
29288;11;-4.63;40.63
29289;15;-4.61;40.63
29290;14;-4.51;40.63
29291;12;-4.50;40.63
29292;14;-4.48;40.63
29293;12;-3.98;40.63
29294;7;-3.89;40.63
29295;5;-3.57;40.63
29297;4;-2.91;40.66
29298;8;-2.66;40.63
29300;9;-0.38;40.66
29301;3;-0.37;40.63
29302;11;0.23;40.63
29303;11;0.47;40.63
29304;4;-6.64;40.62
29305;12;-6.63;40.62
29306;15;-5.83;40.62
29307;8;-5.73;40.62
29308;3;-5.70;40.66
29309;3;-5.61;40.62
29310;13;-5.54;40.63
29311;6;-5.52;40.62
29312;8;-5.26;40.62
29313;8;-5.20;40.62
29314;10;-5.10;40.62
29316;17;-4.56;40.62
29317;15;-4.55;40.62
29318;10;-4.47;40.62
29319;19;-4.35;40.62
29320;12;-4.31;40.62
29321;17;-3.96;40.62
29322;5;-3.53;40.62
29323;5;-3.48;40.62
29325;10;-2.73;40.62
29328;4;-2.60;40.62
29329;7;-2.54;40.62
29330;7;-2.47;40.62
29331;4;-2.38;40.62
29332;7;-2.35;40.62
29333;4;-2.07;40.62
29334;4;-2.05;40.62
29335;3;-1.87;40.62
29338;9;-0.92;40.62
29339;7;-0.91;40.62
29340;6;-0.75;40.62
29341;3;-0.64;40.62
29342;7;-0.63;40.62
29343;9;-0.60;40.62
29344;7;-0.59;40.62
29345;9;-0.57;40.62
29346;4;-0.48;40.62
29348;3;-0.08;40.62
29350;7;0.09;40.62
29352;3;0.13;40.62
29353;11;0.15;40.62
29354;11;0.28;40.62
29355;11;0.32;40.62
29356;7;0.36;40.63
29357;7;0.39;40.62
29359;7;-1.59;40.64
29360;19;-3.96;40.63
29361;14;-3.93;40.63
29362;13;-3.69;40.63
29363;7;-0.79;40.63
29365;17;-4.59;40.63
29366;14;-4.43;40.62
29367;19;-4.32;40.62
29368;24;-4.08;40.63
29369;13;-3.37;40.62
29370;7;-1.66;40.63
29371;6;-0.62;40.63
29372;5;0.08;40.62
29373;7;0.44;40.63
29374;4;-6.78;40.62
29375;16;-5.95;40.62
29376;3;-5.22;40.62
29378;15;-4.57;40.62
29379;24;-4.13;40.62
29382;17;-3.76;40.63
29383;5;-3.25;40.62
29384;7;-1.74;40.62
29385;3;-0.99;40.62
29386;7;-0.88;40.62
29388;3;-0.56;40.62
29389;9;-0.09;40.64
29390;5;-0.04;40.62
29391;7;0.13;40.62
29392;17;0.17;40.63
29393;15;0.20;40.63
29394;7;0.58;40.62
29395;10;-6.18;40.62
29397;16;-5.93;40.62
29398;12;-5.92;40.62
29399;7;-5.90;40.62
29400;3;-5.01;40.62
29402;3;-4.88;40.62
29404;11;-4.64;40.62
29405;8;-4.48;40.62
29406;14;-4.46;40.62
29407;7;-4.42;40.62
29408;19;-4.12;40.62
29409;19;-4.06;40.62
29410;12;-4.05;40.62
29411;12;-3.80;40.62
29412;19;-3.75;40.62
29413;10;-3.68;40.62
29414;5;-3.54;40.62
29415;14;-3.53;40.62
29416;18;-3.28;40.62
29417;20;-3.27;40.62
29418;18;-3.24;40.62
29422;8;-2.70;40.62
29423;8;-2.67;40.62
29424;4;-2.59;40.62
29425;4;-2.56;40.62
29426;3;-2.48;40.62
29427;2;-2.47;40.62
29428;2;-2.44;40.62
29431;4;-2.37;40.62
29432;2;-2.35;40.62
29433;9;-2.33;40.62
29434;4;-2.16;40.62
29435;4;-2.09;40.62
29436;4;-2.01;40.62
29437;4;-1.96;40.62
29439;7;-1.71;40.62
29441;3;-1.46;40.62
29442;3;-0.92;40.62
29444;2;-0.57;40.62
29446;3;-0.18;40.63
29448;3;0.06;40.62
29449;4;0.32;40.62
29450;8;-6.57;40.80
29451;7;-0.66;40.63
29452;7;-6.23;40.65
29453;14;-4.76;40.62
29454;2;-1.86;40.62
29455;7;-6.10;40.62
29456;10;-5.59;40.62
29457;3;-5.30;40.62
29458;7;-5.16;40.62
29459;11;-4.54;40.62
29460;24;-4.17;40.62
29461;4;-2.79;40.63
29462;6;-2.05;40.62
29463;3;-1.90;40.62
29464;9;-0.48;40.62
29465;4;-0.35;40.61
29466;4;-6.60;40.62
29467;11;-5.51;40.61
29468;11;-4.59;40.61
29469;13;-4.55;40.61
29470;24;-4.11;40.61
29472;9;-3.16;40.62
29473;3;-2.52;40.62
29474;3;-1.04;40.61
29475;3;-0.23;40.62
29476;3;0.42;40.61
29477;4;-6.76;40.61
29478;4;-6.33;40.61
29479;19;-5.96;40.61
29480;11;-5.95;40.61
29481;7;-5.92;40.61
29482;13;-5.54;40.61
29483;3;-5.42;40.61
29485;3;-4.50;40.61
29486;12;-4.35;40.61
29490;17;-3.94;40.61
29492;19;-3.79;40.61
29493;19;-3.74;40.61
29494;7;-3.72;40.61
29495;5;-3.53;40.61
29496;5;-3.48;40.61
29498;13;-3.45;40.61
29499;18;-3.27;40.61
29500;9;-3.26;40.61
29501;13;-3.24;40.61
29503;8;-2.71;40.61
29505;7;-2.63;40.61
29506;3;-2.62;40.61
29507;7;-2.38;40.61
29509;4;-2.35;40.61
29510;4;-2.13;40.61
29511;2;-2.03;40.61
29512;4;-1.86;40.61
29516;4;-1.67;40.61
29518;6;-0.97;40.61
29519;9;-0.90;40.61
29520;7;-0.89;40.61
29521;3;-0.88;40.61
29522;3;-0.67;40.61
29523;5;-0.50;40.61
29524;7;-0.49;40.61
29526;6;-0.31;40.61
29528;7;-0.25;40.61
29531;3;-0.15;40.61
29532;3;-0.07;40.61
29533;7;0.00;40.61
29534;7;0.02;40.61
29535;11;0.04;40.61
29536;11;0.09;40.61
29537;9;0.11;40.61
29538;4;0.13;40.61
29539;11;0.14;40.61
29540;4;0.38;40.61
29542;11;-2.22;40.63
29543;7;-1.01;40.63
29544;19;-4.39;40.62
29545;3;-3.13;40.62
29546;11;-6.01;40.62
29547;8;-2.74;40.62
29548;10;-5.83;40.61
29549;14;-3.55;40.61
29551;7;0.18;40.61
29553;19;-5.99;40.60
29554;8;-5.03;40.60
29555;10;-5.01;40.60
29557;17;-3.75;40.60
29558;13;-3.41;40.60
29560;7;-3.14;40.60
29562;2;-2.36;40.66
29563;6;-2.02;40.60
29564;4;-0.63;40.60
29565;4;0.03;40.60
29566;15;0.16;40.60
29568;4;0.35;40.60
29569;8;0.50;40.61
29572;4;-6.32;40.60
29573;7;-6.12;40.60
29574;3;-6.10;40.60
29575;14;-6.01;40.60
29576;14;-5.92;40.60
29577;13;-5.59;40.60
29578;6;-5.56;40.60
29580;8;-5.21;40.60
29581;7;-5.16;40.60
29582;3;-5.11;40.60
29583;8;-4.53;40.60
29584;7;-4.45;40.60
29586;14;-4.32;40.60
29587;19;-4.31;40.60
29588;14;-4.30;40.60
29590;15;-4.22;40.60
29591;21;-4.14;40.63
29592;17;-3.97;40.60
29594;5;-3.49;40.60
29595;5;-3.34;40.60
29596;13;-3.27;40.60
29597;7;-3.16;40.60
29598;3;-3.15;40.60
29600;8;-2.70;40.60
29601;7;-2.62;40.60
29602;2;-2.43;40.60
29603;3;-2.39;40.60
29605;7;-2.31;40.60
29606;6;-2.07;40.60
29607;4;-2.03;40.60
29609;7;-1.96;40.60
29610;2;-1.86;40.60
29611;3;-1.78;40.60
29612;9;-0.89;40.60
29613;7;-0.88;40.60
29614;6;-0.86;40.60
29615;7;-0.81;40.60
29616;7;-0.67;40.60
29618;4;-0.48;40.60
29619;4;-0.44;40.60
29622;3;-0.12;40.60
29624;7;-0.02;40.60
29626;7;0.04;40.60
29627;11;0.06;40.60
29628;4;0.19;40.60
29631;11;0.55;40.60
29632;7;-3.83;40.61
29633;6;-0.93;40.61
29634;8;-5.10;40.61
29635;4;-2.66;40.61
29636;3;-0.50;40.63
29637;13;-6.35;40.60
29638;6;-5.86;40.60
29639;8;-5.61;40.60
29640;4;-2.45;40.61
29641;7;-2.34;40.60
29642;6;-2.09;40.63
29643;12;0.21;40.61
29644;7;-6.03;40.63
29645;11;-5.93;40.60
29646;5;-5.14;40.60
29647;3;-5.05;40.60
29648;17;-4.70;40.62
29649;12;-4.45;40.61
29650;4;-6.38;40.59
29651;7;-6.15;40.59
29652;11;-5.55;40.59
29653;13;-5.50;40.60
29654;11;-4.55;40.59
29655;3;-4.48;40.59
29656;12;-4.40;40.59
29657;14;-4.36;40.59
29658;17;-4.34;40.59
29659;24;-4.12;40.59
29660;24;-4.08;40.59
29662;14;-3.88;40.59
29663;12;-3.83;40.59
29664;17;-3.81;40.59
29665;14;-3.73;40.59
29667;5;-3.68;40.59
29668;3;-2.64;40.59
29670;2;-2.33;40.59
29672;3;-0.65;40.60
29673;5;-0.55;40.59
29674;9;-0.49;40.59
29675;11;-0.09;40.59
29676;3;0.44;40.59
29677;8;-6.53;40.59
29678;4;-6.33;40.59
29679;8;-4.72;40.59
29680;17;-4.38;40.59
29682;19;-4.32;40.59
29683;14;-4.31;40.59
29684;19;-4.30;40.59
29685;12;-4.03;40.59
29686;12;-3.96;40.60
29687;9;-3.94;40.59
29688;12;-3.88;40.60
29689;12;-3.78;40.60
29690;10;-3.70;40.59
29692;5;-3.54;40.59
29694;18;-3.32;40.59
29695;18;-3.28;40.59
29696;3;-3.16;40.59
29697;7;-3.15;40.59
29698;4;-2.76;40.59
29699;8;-2.71;40.59
29700;4;-2.70;40.59
29701;4;-2.47;40.59
29703;2;-2.38;40.59
29704;9;-2.37;40.59
29705;4;-2.32;40.59
29706;4;-2.13;40.59
29707;6;-2.04;40.59
29708;3;-1.96;40.59
29712;9;-0.83;40.61
29713;7;-0.70;40.59
29714;7;-0.64;40.59
29716;6;-0.48;40.59
29717;4;-0.47;40.59
29718;7;-0.26;40.59
29719;7;-0.24;40.59
29721;7;0.00;40.59
29722;7;0.02;40.59
29723;4;0.14;40.59
29724;14;0.19;40.59
29725;4;0.21;40.59
29726;4;-1.41;40.64
29727;20;-4.22;40.61
29728;5;-3.60;40.61
29729;11;-2.28;40.61
29730;12;-6.57;40.60
29731;17;-4.01;40.60
29732;5;-3.66;40.59
29733;4;-6.42;40.74
29734;7;-5.94;40.60
29735;5;-3.30;40.59
29738;4;-2.72;40.59
29739;4;-2.16;40.59
29740;7;-0.72;40.62
29741;4;-0.30;40.59
29742;7;-5.14;40.58
29743;10;-5.06;40.60
29744;17;-4.41;40.58
29745;12;-4.25;40.58
29747;14;-3.56;40.58
29748;9;-3.26;40.58
29750;3;-2.41;40.58
29751;4;-2.29;40.58
29752;8;-1.06;40.59
29753;4;0.51;40.58
29754;11;-6.52;40.58
29755;16;-6.38;40.58
29756;7;-6.29;40.58
29757;14;-6.00;40.58
29759;14;-5.91;40.58
29760;3;-5.78;40.58
29761;3;-5.21;40.58
29762;12;-5.18;40.58
29763;10;-5.11;40.58
29764;8;-5.10;40.58
29765;3;-5.08;40.58
29766;22;-4.74;40.58
29767;17;-4.71;40.58
29768;7;-4.45;40.58
29769;12;-4.44;40.58
29770;17;-4.31;40.58
29771;4;-4.23;40.58
29772;24;-4.19;40.58
29773;18;-4.18;40.58
29774;21;-4.17;40.58
29775;24;-4.11;40.58
29776;17;-4.05;40.58
29777;9;-4.04;40.58
29778;17;-4.03;40.58
29779;12;-3.98;40.58
29780;11;-3.83;40.58
29781;10;-3.60;40.58
29782;14;-3.49;40.58
29783;15;-3.29;40.58
29784;13;-3.28;40.58
29785;3;-3.17;40.58
29786;12;-2.77;40.58
29787;8;-2.76;40.58
29788;8;-2.73;40.58
29789;11;-2.65;40.58
29790;3;-2.63;40.58
29791;4;-2.46;40.58
29792;7;-2.39;40.58
29793;7;-2.33;40.58
29794;11;-2.25;40.58
29795;11;-2.20;40.58
29796;4;-2.05;40.58
29797;6;-2.02;40.58
29799;6;-2.00;40.58
29801;3;-1.76;40.58
29802;3;-1.44;40.58
29803;3;-0.84;40.58
29804;7;-0.80;40.58
29805;2;-0.54;40.58
29806;5;-0.53;40.58
29807;6;-0.49;40.58
29808;6;-0.47;40.58
29811;7;0.01;40.58
29812;3;0.02;40.58
29813;11;0.14;40.58
29814;4;0.15;40.58
29815;12;0.19;40.58
29816;14;0.20;40.58
29817;4;0.31;40.58
29818;4;-1.55;40.62
29819;11;0.54;40.62
29820;2;-2.07;40.59
29821;20;-4.76;40.58
29822;8;-6.61;40.58
29823;10;-5.97;40.59
29824;15;-3.41;40.61
29826;4;-0.34;40.58
29827;3;-0.15;40.58
29828;17;0.17;40.58
29829;3;-6.07;40.70
29830;4;-6.06;40.57
29831;19;-5.97;40.57
29832;5;-5.58;40.61
29833;3;-5.31;40.57
29834;3;-5.25;40.57
29835;14;-4.37;40.58
29836;4;-3.97;40.57
29837;9;-3.75;40.58
29838;12;-3.67;40.58
29839;20;-3.33;40.60
29840;18;-3.36;40.57
29841;4;-2.78;40.57
29842;2;-2.31;40.58
29844;7;-0.73;40.57
29845;4;-0.61;40.58
29846;7;-0.03;40.57
29847;4;-6.84;40.57
29848;4;-6.82;40.57
29849;4;-6.63;40.57
29850;8;-6.43;40.57
29851;7;-6.41;40.57
29852;20;-6.34;40.57
29853;7;-5.92;40.57
29854;6;-5.57;40.57
29855;11;-5.56;40.57
29856;6;-5.54;40.57
29857;3;-5.33;40.57
29858;8;-5.26;40.57
29859;9;-5.13;40.57
29860;8;-5.11;40.57
29861;10;-5.10;40.57
29863;20;-4.74;40.57
29864;8;-4.70;40.58
29865;5;-4.64;40.57
29866;13;-4.61;40.59
29867;11;-4.58;40.58
29868;3;-4.53;40.57
29869;12;-4.45;40.57
29870;7;-4.42;40.57
29871;17;-4.02;40.57
29872;14;-3.94;40.57
29873;16;-3.81;40.57
29874;14;-3.80;40.57
29875;5;-3.70;40.57
29876;5;-3.55;40.57
29877;14;-3.52;40.57
29878;5;-3.51;40.57
29879;16;-3.51;40.61
29880;20;-3.45;40.57
29881;10;-3.42;40.57
29882;13;-3.29;40.57
29883;9;-3.28;40.57
29884;9;-3.24;40.57
29886;4;-2.44;40.57
29887;2;-2.40;40.57
29889;7;-2.36;40.57
29890;9;-2.33;40.57
29891;4;-2.31;40.57
29892;6;-2.05;40.57
29893;4;-1.99;40.57
29895;3;-1.42;40.57
29897;3;-0.75;40.57
29898;2;-0.49;40.57
29899;4;-0.44;40.57
29900;7;-0.24;40.57
29901;4;0.02;40.57
29902;4;0.32;40.57
29903;7;-1.47;40.60
29904;3;-1.19;40.59
29905;8;-1.23;40.59
29906;2;-1.94;40.58
29907;15;-6.22;40.59
29908;12;-5.02;40.57
29909;9;-5.00;40.57
29910;10;-4.50;40.59
29912;7;-6.52;40.57
29913;10;-5.24;40.59
29914;12;-3.63;40.60
29915;12;-3.59;40.57
29916;7;-2.63;40.57
29917;4;-2.09;40.57
29919;19;-6.38;40.57
29920;8;-5.62;40.57
29922;9;-4.89;40.57
29923;15;-4.78;40.57
29924;13;-4.55;40.57
29925;3;-4.49;40.57
29926;14;-4.43;40.58
29927;19;-4.40;40.57
29928;17;-4.30;40.62
29930;17;-4.24;40.57
29931;19;-4.10;40.58
29932;5;-3.64;40.57
29934;15;-2.77;40.57
29935;7;-1.95;40.57
29938;2;-0.52;40.57
29939;4;-6.83;40.56
29940;8;-6.82;40.56
29941;7;-6.47;40.56
29942;11;-6.43;40.56
29943;7;-6.19;40.56
29944;10;-6.17;40.56
29945;7;-6.14;40.56
29946;14;-6.02;40.56
29947;9;-5.95;40.56
29948;7;-5.90;40.56
29949;3;-5.62;40.56
29950;6;-5.56;40.56
29951;3;-5.32;40.56
29952;8;-5.31;40.56
29953;12;-5.24;40.56
29954;3;-5.23;40.56
29955;11;-5.13;40.56
29956;17;-4.69;40.56
29957;11;-4.54;40.56
29958;8;-4.52;40.56
29959;17;-4.37;40.57
29960;17;-4.32;40.56
29961;17;-4.30;40.56
29962;20;-4.29;40.56
29963;21;-4.20;40.57
29964;16;-4.18;40.56
29965;24;-4.16;40.56
29966;24;-4.13;40.56
29969;11;-3.86;40.56
29970;14;-3.73;40.56
29971;16;-3.72;40.56
29973;12;-3.70;40.56
29974;10;-3.67;40.56
29975;16;-3.55;40.56
29976;5;-3.49;40.56
29977;13;-3.42;40.56
29978;23;-3.39;40.56
29979;5;-3.37;40.56
29980;15;-3.35;40.56
29981;15;-3.33;40.56
29982;10;-3.32;40.56
29983;4;-3.26;40.56
29984;7;-3.13;40.56
29985;7;-2.89;40.56
29986;7;-2.78;40.56
29989;3;-2.64;40.56
29990;7;-2.40;40.56
29991;4;-2.32;40.56
29992;7;-2.24;40.56
29993;11;-2.21;40.56
29994;4;-2.16;40.56
29996;3;-1.76;40.56
29998;4;-1.48;40.56
30000;6;-0.86;40.56
30001;3;-0.64;40.56
30002;4;-0.60;40.56
30003;6;-0.48;40.56
30004;4;-0.42;40.56
30005;4;-0.37;40.56
30007;7;-0.25;40.56
30008;3;-0.15;40.56
30010;4;0.03;40.56
30011;11;0.13;40.56
30012;11;0.16;40.56
30013;7;0.61;40.56
30014;5;-1.29;40.59
30015;12;-4.83;40.60
30016;3;-1.65;40.62
30017;8;-6.79;40.61
30018;7;-1.74;40.58
30019;7;0.09;40.59
30020;19;-4.69;40.57
30021;17;-4.66;40.57
30022;7;-6.45;40.56
30023;11;-6.08;40.56
30024;10;-5.87;40.58
30025;9;-3.96;40.56
30026;4;0.36;40.56
30027;4;-6.69;40.56
30028;11;-6.05;40.58
30029;7;-5.94;40.56
30030;13;-5.92;40.56
30031;5;-5.69;40.56
30033;8;-5.06;40.57
30034;17;-4.79;40.56
30035;22;-4.75;40.56
30036;11;-4.63;40.56
30037;7;-4.44;40.56
30039;9;-3.92;40.56
30040;5;-3.34;40.56
30042;2;-2.36;40.57
30043;4;-0.31;40.56
30045;5;-0.24;40.56
30046;7;-0.19;40.64
30047;13;-6.70;40.55
30048;7;-6.65;40.55
30049;10;-6.43;40.55
30050;5;-6.21;40.55
30051;5;-6.19;40.55
30052;7;-6.18;40.55
30053;10;-6.01;40.55
30054;5;-5.63;40.55
30055;6;-5.51;40.55
30056;3;-5.24;40.55
30057;12;-5.17;40.55
30058;14;-5.10;40.55
30059;10;-5.08;40.55
30060;5;-4.95;40.59
30062;5;-4.89;40.55
30063;15;-4.82;40.55
30064;13;-4.60;40.56
30065;18;-4.54;40.55
30066;8;-4.50;40.55
30067;12;-4.43;40.55
30068;7;-4.41;40.55
30069;15;-4.30;40.55
30070;24;-4.27;40.55
30071;19;-4.19;40.55
30072;16;-4.14;40.55
30073;21;-4.12;40.55
30074;14;-3.94;40.55
30075;4;-3.81;40.55
30076;9;-3.72;40.55
30077;5;-3.55;40.55
30078;23;-3.37;40.55
30079;13;-3.35;40.55
30083;7;-2.75;40.56
30084;3;-2.59;40.57
30086;4;-2.24;40.55
30087;3;-2.06;40.55
30088;6;-2.03;40.55
30089;11;-1.94;40.55
30090;3;-1.82;40.55
30091;3;-1.44;40.55
30093;2;-0.48;40.55
30095;3;-0.25;40.55
30096;4;0.01;40.55
30098;4;0.04;40.55
30099;4;0.07;40.55
30100;7;0.10;40.55
30102;4;0.29;40.55
30103;4;0.39;40.55
30104;4;0.49;40.56
30105;7;0.63;40.55
30106;13;-6.70;40.59
30107;16;-6.30;40.58
30108;9;-0.69;40.57
30109;12;-4.04;40.56
30110;14;-3.57;40.56
30111;12;0.20;40.56
30112;10;-5.96;40.55
30113;14;-3.98;40.55
30114;20;-3.53;40.55
30115;18;-3.40;40.55
30116;7;-2.07;40.55
30117;7;-0.74;40.55
30118;7;-0.67;40.55
30119;6;-6.16;40.55
30120;11;-5.91;40.55
30121;3;-5.76;40.55
30122;3;-5.30;40.55
30123;14;-5.26;40.55
30124;12;-5.25;40.55
30125;14;-5.19;40.56
30126;11;-4.57;40.55
30127;24;-4.21;40.55
30128;12;-4.10;40.55
30130;8;-3.30;40.55
30131;7;-2.38;40.55
30132;4;-1.73;40.55
30133;11;-0.13;40.55
30134;8;-6.76;40.54
30135;7;-6.50;40.54
30136;13;-6.48;40.54
30137;14;-6.41;40.55
30138;7;-6.24;40.54
30139;15;-6.22;40.54
30140;10;-6.20;40.55
30141;10;-6.18;40.54
30142;11;-6.12;40.54
30143;11;-6.05;40.54
30144;7;-6.03;40.54
30145;19;-5.99;40.54
30146;19;-5.95;40.54
30147;11;-5.94;40.54
30148;7;-5.71;40.54
30149;13;-5.49;40.54
30150;14;-5.24;40.54
30151;12;-5.23;40.54
30152;14;-5.13;40.54
30153;3;-5.08;40.54
30154;3;-5.04;40.54
30155;3;-5.01;40.54
30156;2;-4.95;40.54
30158;8;-4.79;40.54
30159;3;-4.73;40.54
30160;12;-4.47;40.54
30161;14;-4.37;40.54
30162;17;-4.31;40.54
30163;19;-4.23;40.54
30164;19;-4.21;40.54
30165;23;-4.17;40.54
30166;16;-4.12;40.54
30168;12;-4.06;40.54
30169;4;-3.83;40.54
30170;14;-3.77;40.54
30171;5;-3.46;40.54
30173;3;-3.21;40.54
30174;7;-3.13;40.54
30175;11;-2.79;40.54
30176;7;-2.78;40.54
30178;7;-2.71;40.54
30179;3;-2.36;40.54
30180;2;-1.90;40.54
30181;3;-1.80;40.54
30183;9;-0.74;40.54
30184;9;-0.65;40.55
30185;4;-0.63;40.54
30186;4;-0.48;40.54
30188;9;-0.45;40.54
30191;4;0.03;40.54
30192;11;0.15;40.54
30193;7;-5.77;40.58
30194;8;-2.82;40.58
30195;13;0.13;40.56
30196;23;-6.36;40.55
30197;20;-6.32;40.55
30198;11;-5.82;40.55
30199;14;0.18;40.55
30200;11;-6.48;40.55
30201;13;-6.43;40.54
30202;27;-6.39;40.54
30203;10;-6.25;40.55
30204;3;-6.14;40.55
30205;3;-5.16;40.54
30206;8;-4.48;40.54
30207;16;-3.80;40.54
30208;5;-3.60;40.54
30209;2;-1.93;40.54
30210;3;-0.94;40.54
30211;6;-0.39;40.58
30212;12;0.25;40.56
30213;18;-6.40;40.54
30214;7;-6.30;40.54
30215;19;-6.19;40.54
30216;5;-5.66;40.58
30217;3;-4.87;40.54
30218;16;-4.54;40.54
30219;9;-3.94;40.54
30220;18;-3.37;40.54
30221;8;-3.34;40.54
30222;3;-3.14;40.56
30224;4;-2.87;40.58
30225;6;-2.74;40.55
30226;4;-0.41;40.54
30227;16;-6.50;40.53
30228;18;-6.46;40.53
30229;16;-6.41;40.53
30230;10;-6.38;40.53
30231;27;-6.37;40.53
30232;5;-6.23;40.53
30233;9;-6.20;40.53
30234;15;-6.17;40.53
30235;11;-6.09;40.53
30236;10;-5.95;40.53
30238;3;-5.11;40.53
30239;8;-4.76;40.53
30240;3;-4.75;40.53
30241;3;-4.56;40.53
30242;14;-4.33;40.56
30243;12;-4.34;40.53
30244;15;-4.32;40.53
30245;24;-4.25;40.53
30246;11;-4.22;40.53
30247;16;-4.15;40.53
30249;9;-3.73;40.53
30250;20;-3.51;40.53
30252;3;-3.13;40.53
30254;7;-2.77;40.53
30255;11;-2.76;40.53
30256;9;-2.73;40.53
30258;4;-2.38;40.53
30259;4;-2.27;40.53
30260;7;-2.08;40.53
30261;11;-2.05;40.53
30262;4;-2.03;40.53
30263;2;-1.89;40.53
30264;3;-1.68;40.53
30265;2;-0.86;40.53
30266;9;-0.73;40.53
30267;9;-0.67;40.53
30268;6;-0.63;40.53
30269;2;-0.62;40.53
30270;9;-0.47;40.53
30272;9;-0.42;40.53
30273;4;-0.36;40.54
30275;9;-0.25;40.53
30276;3;-0.24;40.53
30279;7;0.13;40.53
30280;8;-5.70;40.57
30282;4;-0.82;40.57
30283;14;-4.44;40.55
30284;6;-2.22;40.58
30285;11;0.08;40.54
30286;9;-4.06;40.54
30287;4;-2.69;40.54
30288;7;-1.83;40.54
30289;16;-4.61;40.53
30290;4;-3.96;40.53
30293;4;-6.01;40.55
30294;9;-5.98;40.55
30296;3;-5.37;40.53
30297;14;-5.25;40.53
30298;3;-4.66;40.53
30299;21;-4.15;40.54
30300;9;-3.98;40.53
30301;9;-3.90;40.53
30302;16;-3.75;40.55
30304;8;-3.28;40.54
30305;6;-0.74;40.53
30306;7;-0.70;40.53
30307;4;-0.65;40.53
30308;7;-0.26;40.53
30309;4;0.38;40.53
30310;7;-6.52;40.52
30311;19;-6.41;40.52
30312;20;-6.40;40.52
30313;10;-6.39;40.52
30314;14;-6.35;40.52
30315;14;-6.24;40.52
30316;10;-6.19;40.52
30317;9;-6.16;40.52
30318;10;-6.12;40.52
30319;11;-6.10;40.52
30320;11;-6.03;40.52
30321;10;-5.97;40.52
30322;21;-5.96;40.52
30324;13;-5.89;40.52
30325;11;-5.88;40.52
30326;12;-5.69;40.52
30327;3;-5.40;40.52
30329;7;-5.19;40.52
30330;3;-5.17;40.52
30332;3;-4.69;40.52
30333;11;-4.60;40.52
30334;3;-4.57;40.52
30335;16;-4.55;40.52
30336;3;-4.54;40.52
30337;8;-4.49;40.52
30338;10;-4.47;40.53
30339;24;-4.23;40.52
30340;19;-4.22;40.52
30341;19;-4.19;40.53
30342;12;-4.12;40.52
30344;9;-3.80;40.52
30346;14;-3.77;40.52
30347;5;-3.73;40.52
30348;5;-3.41;40.52
30349;8;-3.33;40.52
30350;3;-3.29;40.52
30351;3;-3.24;40.52
30352;4;-2.79;40.52
30353;11;-2.78;40.52
30354;7;-2.75;40.52
30355;11;-2.71;40.52
30357;11;-1.94;40.52
30358;4;-1.75;40.52
30360;9;-0.68;40.52
30361;7;-0.67;40.52
30362;3;-0.32;40.52
30363;3;-0.25;40.52
30364;4;0.02;40.52
30365;8;0.04;40.52
30366;12;0.12;40.52
30367;14;0.13;40.52
30368;4;-1.79;40.60
30369;7;-1.91;40.57
30370;25;-3.48;40.54
30371;4;-5.81;40.52
30372;12;-5.27;40.53
30374;6;-4.81;40.53
30375;19;-4.24;40.52
30376;23;-3.44;40.54
30378;18;-6.49;40.52
30379;6;-6.14;40.52
30380;13;-5.93;40.52
30383;17;-4.08;40.53
30384;12;-3.71;40.52
30385;16;-3.38;40.52
30387;13;-2.77;40.52
30388;6;-2.75;40.52
30389;6;-2.04;40.52
30390;7;-1.93;40.52
30393;9;-0.36;40.52
30394;10;0.15;40.52
30395;9;0.18;40.52
30396;7;-6.71;40.51
30397;11;-6.60;40.51
30398;7;-6.59;40.51
30399;7;-6.53;40.51
30400;9;-6.48;40.51
30401;7;-6.44;40.51
30402;18;-6.38;40.52
30403;7;-6.29;40.51
30404;14;-6.28;40.51
30405;15;-6.16;40.51
30406;13;-5.96;40.51
30407;11;-5.95;40.51
30409;16;-5.89;40.51
30410;7;-5.87;40.54
30411;3;-5.69;40.51
30413;3;-5.65;40.51
30414;5;-4.88;40.51
30415;6;-4.87;40.51
30416;11;-4.63;40.51
30417;3;-4.59;40.51
30418;18;-4.57;40.51
30419;11;-4.53;40.51
30420;8;-4.48;40.51
30422;14;-4.39;40.51
30423;21;-4.34;40.51
30424;26;-4.26;40.53
30425;17;-4.16;40.51
30426;19;-4.15;40.51
30427;19;-4.06;40.51
30429;9;-3.77;40.51
30430;14;-3.75;40.51
30431;9;-3.74;40.51
30432;5;-3.60;40.51
30433;5;-3.49;40.51
30434;8;-3.34;40.51
30435;3;-3.16;40.51
30437;11;-2.72;40.51
30438;4;-2.69;40.51
30439;4;-2.66;40.51
30443;4;-2.21;40.51
30444;2;-2.20;40.51
30445;3;-1.82;40.51
30446;4;-1.59;40.51
30447;4;-0.72;40.52
30448;6;-0.68;40.51
30449;7;-0.32;40.51
30450;7;-0.17;40.51
30451;7;-0.10;40.51
30452;7;-0.02;40.51
30453;4;0.00;40.51
30454;7;0.01;40.51
30455;3;0.02;40.51
30457;12;0.07;40.51
30458;8;0.09;40.51
30460;10;0.12;40.51
30462;8;0.14;40.51
30464;10;-4.51;40.53
30465;9;-3.11;40.52
30466;7;-6.62;40.53
30467;5;-3.69;40.53
30468;14;-3.99;40.51
30470;11;-6.64;40.51
30471;19;-6.09;40.51
30472;3;-5.28;40.51
30473;8;-4.78;40.51
30474;3;-4.74;40.51
30475;18;-4.61;40.51
30476;17;-4.36;40.52
30477;12;-4.03;40.51
30478;14;-3.95;40.51
30479;4;-2.18;40.51
30480;3;-0.95;40.51
30481;3;-0.22;40.51
30482;7;-6.60;40.51
30483;3;-6.21;40.51
30484;10;-6.20;40.51
30486;10;-6.18;40.51
30487;6;-6.16;40.51
30488;15;-6.15;40.51
30489;19;-6.14;40.51
30490;7;-6.10;40.51
30491;11;-6.05;40.51
30492;16;-5.90;40.51
30493;14;-5.89;40.51
30494;13;-5.86;40.51
30495;14;-5.27;40.51
30496;3;-5.25;40.51
30497;7;-5.17;40.51
30499;6;-4.88;40.51
30500;6;-4.86;40.51
30501;6;-4.79;40.51
30502;11;-4.57;40.51
30503;18;-4.55;40.51
30504;11;-4.50;40.51
30505;14;-4.47;40.51
30506;7;-4.38;40.51
30507;15;-4.36;40.51
30508;19;-4.33;40.51
30510;19;-4.16;40.51
30511;12;-4.15;40.51
30512;17;-4.06;40.51
30513;19;-4.05;40.51
30514;14;-3.77;40.51
30515;9;-3.75;40.51
30516;12;-3.72;40.51
30517;10;-3.71;40.51
30518;5;-3.64;40.51
30519;5;-3.61;40.51
30520;23;-3.49;40.51
30521;5;-3.47;40.51
30522;21;-3.46;40.51
30523;16;-3.40;40.51
30524;16;-3.37;40.51
30525;3;-3.32;40.51
30527;4;-2.84;40.51
30528;10;-2.77;40.51
30529;8;-2.76;40.51
30530;4;-2.75;40.51
30531;4;-2.67;40.51
30532;4;-2.20;40.51
30533;7;-2.05;40.51
30534;7;-1.91;40.51
30535;3;-1.80;40.51
30536;4;-1.75;40.51
30537;4;-1.69;40.51
30538;7;-1.59;40.51
30539;3;-1.55;40.51
30542;7;-0.49;40.51
30544;7;-0.07;40.51
30545;4;-0.02;40.51
30546;3;0.01;40.51
30547;4;0.08;40.51
30548;11;0.09;40.51
30549;3;-1.51;40.53
30550;3;-0.89;40.52
30551;5;-4.76;40.51
30552;16;-3.80;40.51
30553;7;-0.93;40.52
30554;9;-6.70;40.54
30555;16;-6.51;40.51
30556;12;-5.70;40.51
30557;18;-4.64;40.51
30558;17;-4.02;40.52
30559;10;-3.72;40.51
30560;21;-3.41;40.51
30561;3;-2.47;40.53
30562;7;-1.56;40.51
30563;18;-6.47;40.50
30564;11;-5.93;40.50
30565;16;-5.87;40.50
30567;7;-5.13;40.51
30568;3;-5.04;40.50
30569;3;-5.01;40.50
30571;16;-4.63;40.50
30574;5;-3.44;40.50
30577;4;-2.34;40.52
30578;11;-2.03;40.50
30579;11;-1.94;40.50
30580;3;-0.92;40.50
30581;4;0.15;40.50
30582;7;-6.69;40.50
30583;12;-6.51;40.50
30584;18;-6.50;40.50
30585;7;-6.38;40.50
30586;7;-6.32;40.50
30587;10;-6.21;40.50
30588;14;-6.20;40.50
30589;4;-6.18;40.50
30590;9;-6.16;40.50
30591;19;-6.07;40.50
30592;9;-6.06;40.50
30593;11;-6.00;40.51
30594;11;-5.96;40.50
30595;14;-5.90;40.50
30596;10;-5.89;40.50
30597;14;-5.88;40.50
30598;13;-5.84;40.50
30599;3;-5.61;40.50
30600;13;-5.55;40.50
30601;3;-5.16;40.50
30603;6;-4.78;40.50
30604;3;-4.69;40.50
30605;5;-4.70;40.52
30606;20;-4.62;40.50
30607;11;-4.55;40.50
30608;11;-4.53;40.50
30609;13;-4.34;40.50
30610;12;-4.13;40.50
30612;12;-4.04;40.50
30613;7;-4.02;40.50
30614;16;-3.98;40.50
30616;9;-3.78;40.50
30617;12;-3.77;40.50
30618;5;-3.48;40.50
30619;23;-3.47;40.50
30620;5;-3.46;40.50
30625;6;-2.76;40.50
30626;4;-2.69;40.50
30630;7;-2.32;40.50
30631;7;-2.08;40.50
30632;7;-1.88;40.50
30633;3;-1.86;40.50
30634;3;-1.82;40.50
30637;4;-1.41;40.50
30638;7;-0.95;40.50
30639;3;-0.94;40.50
30640;2;-0.72;40.50
30641;3;-0.35;40.50
30642;9;-0.34;40.50
30643;7;-0.14;40.50
30644;11;0.13;40.50
30645;7;0.17;40.50
30646;13;-5.55;40.54
30647;17;-4.12;40.51
30648;11;-2.01;40.53
30649;7;-6.65;40.50
30650;5;-0.23;40.52
30651;15;-6.38;40.50
30652;13;-4.51;40.50
30653;4;-1.92;40.50
30655;11;-6.59;40.54
30656;20;-6.41;40.49
30658;14;-4.42;40.49
30659;15;-4.38;40.49
30660;16;-3.95;40.49
30661;14;-3.81;40.49
30663;7;-2.29;40.50
30664;3;-1.43;40.49
30665;11;-0.10;40.50
30666;7;-6.73;40.49
30667;7;-6.67;40.49
30668;7;-6.62;40.49
30669;14;-6.52;40.49
30670;3;-6.51;40.49
30671;16;-6.45;40.51
30672;7;-6.31;40.49
30673;16;-6.18;40.49
30674;10;-6.16;40.49
30675;11;-6.05;40.49
30676;10;-5.88;40.49
30677;3;-5.70;40.49
30678;13;-5.56;40.49
30679;6;-5.51;40.49
30681;20;-4.64;40.49
30682;11;-4.63;40.49
30683;22;-4.62;40.49
30685;21;-4.34;40.49
30686;19;-4.32;40.49
30687;11;-4.19;40.49
30689;7;-4.13;40.49
30691;12;-4.00;40.49
30692;14;-3.99;40.49
30694;9;-3.80;40.49
30696;7;-3.33;40.49
30697;3;-3.30;40.49
30700;4;-2.78;40.49
30701;8;-2.76;40.49
30702;4;-2.38;40.49
30703;4;-2.33;40.49
30704;2;-2.32;40.49
30705;7;-2.31;40.49
30706;3;-2.29;40.49
30708;11;-1.97;40.49
30709;7;-1.89;40.49
30711;3;-0.98;40.49
30712;7;-0.93;40.49
30713;3;-0.91;40.49
30714;2;-0.73;40.49
30716;7;-0.36;40.49
30718;3;-0.22;40.49
30719;3;-0.15;40.49
30720;11;-0.13;40.49
30721;4;-0.02;40.49
30722;3;0.10;40.49
30723;3;-2.94;40.52
30724;18;-3.51;40.51
30725;9;-3.84;40.54
30727;7;-0.41;40.51
30728;3;-5.20;40.50
30729;7;-3.19;40.55
30730;8;-2.68;40.53
30731;10;-5.91;40.49
30732;7;-4.74;40.49
30733;22;-4.57;40.49
30734;17;-4.16;40.49
30735;11;-3.28;40.51
30736;3;-3.14;40.49
30740;5;-4.89;40.48
30741;6;-4.80;40.48
30742;9;-4.76;40.48
30743;17;-4.50;40.48
30744;11;-4.29;40.48
30745;19;-4.27;40.48
30746;19;-4.08;40.48
30748;14;-3.96;40.48
30749;5;-3.76;40.49
30750;16;-3.46;40.48
30751;16;-3.41;40.48
30752;5;-3.06;40.52
30753;4;-2.82;40.48
30754;8;-2.79;40.50
30755;3;-2.52;40.48
30757;7;-2.46;40.50
30758;7;-2.42;40.48
30759;11;-6.64;40.48
30760;7;-6.55;40.48
30761;13;-6.53;40.48
30762;7;-6.34;40.48
30763;11;-6.31;40.48
30764;6;-6.22;40.48
30765;14;-6.19;40.48
30766;21;-6.15;40.48
30767;19;-6.10;40.48
30768;19;-6.08;40.48
30769;11;-6.07;40.48
30770;19;-6.06;40.48
30771;7;-6.05;40.48
30774;10;-5.94;40.48
30775;10;-5.87;40.48
30776;7;-5.19;40.48
30777;3;-5.00;40.48
30779;6;-4.82;40.48
30780;10;-4.78;40.48
30781;7;-4.76;40.48
30782;3;-4.69;40.48
30783;3;-4.66;40.48
30784;22;-4.64;40.48
30786;3;-4.55;40.48
30787;21;-4.51;40.48
30789;17;-4.37;40.48
30790;15;-4.36;40.48
30791;11;-4.21;40.48
30792;24;-4.19;40.48
30793;12;-4.17;40.48
30794;19;-4.05;40.48
30796;9;-3.99;40.48
30798;5;-3.82;40.48
30800;12;-3.78;40.48
30801;5;-3.61;40.48
30802;5;-3.52;40.48
30803;12;-3.35;40.48
30804;3;-3.33;40.48
30805;8;-3.25;40.49
30807;7;-2.89;40.48
30809;4;-2.76;40.48
30810;3;-2.45;40.48
30811;4;-2.34;40.48
30812;4;-2.32;40.48
30813;4;-2.26;40.48
30814;11;-1.99;40.48
30815;4;-1.72;40.48
30816;7;-1.61;40.48
30819;3;-1.00;40.48
30820;3;-0.97;40.48
30823;2;-0.64;40.48
30824;5;-0.63;40.48
30825;4;-0.03;40.48
30827;8;0.06;40.49
30828;4;-6.24;40.51
30829;2;-0.66;40.50
30830;14;-4.48;40.48
30831;12;-4.42;40.51
30832;9;-4.35;40.49
30833;24;-4.22;40.50
30834;6;-1.98;40.51
30835;4;-1.78;40.49
30836;3;-0.09;40.56
30837;3;-5.24;40.48
30838;17;-4.53;40.48
30839;4;-2.86;40.48
30842;16;-6.41;40.47
30843;4;-6.18;40.47
30844;11;-6.11;40.47
30845;20;-4.63;40.47
30846;20;-4.59;40.48
30847;14;-4.44;40.47
30848;17;-4.34;40.47
30849;21;-4.30;40.51
30850;19;-4.02;40.47
30851;17;-4.00;40.47
30852;2;-2.78;40.47
30854;11;-2.29;40.48
30855;7;-2.18;40.47
30857;9;-0.28;40.51
30858;3;-0.26;40.48
30860;7;-6.66;40.47
30861;14;-6.47;40.47
30862;3;-6.38;40.47
30863;3;-6.34;40.47
30864;11;-6.32;40.47
30865;21;-6.13;40.47
30867;7;-6.01;40.47
30868;11;-6.00;40.47
30869;3;-5.71;40.47
30871;3;-5.45;40.47
30872;3;-5.31;40.47
30873;6;-5.20;40.47
30874;12;-5.19;40.47
30875;7;-5.16;40.47
30877;6;-4.78;40.47
30878;9;-4.76;40.47
30879;9;-4.73;40.48
30881;3;-4.62;40.47
30883;19;-4.51;40.47
30884;21;-4.50;40.47
30886;15;-4.37;40.47
30887;17;-4.36;40.47
30888;15;-4.32;40.47
30889;24;-4.28;40.47
30890;11;-4.27;40.47
30891;21;-4.24;40.47
30892;11;-4.19;40.47
30893;19;-4.18;40.47
30894;17;-4.17;40.47
30896;19;-4.11;40.47
30897;14;-3.99;40.47
30898;16;-3.97;40.47
30899;5;-3.80;40.47
30900;4;-3.35;40.47
30901;3;-3.04;40.47
30902;3;-3.01;40.47
30903;11;-2.84;40.47
30905;11;-2.80;40.47
30907;11;-2.75;40.47
30908;11;-2.72;40.47
30910;4;-2.16;40.47
30911;4;-2.13;40.47
30912;4;-2.08;40.47
30913;11;-2.03;40.47
30914;11;-1.96;40.47
30915;4;-1.76;40.47
30916;7;-1.63;40.47
30917;3;-1.51;40.47
30919;5;-0.68;40.47
30920;2;-0.63;40.47
30921;7;-0.37;40.47
30923;7;-0.25;40.47
30924;3;-0.24;40.47
30925;3;-0.22;40.47
30926;3;-0.17;40.47
30927;11;-0.11;40.47
30928;4;-0.02;40.47
30929;4;0.16;40.47
30930;7;0.19;40.47
30932;9;-5.09;40.50
30933;12;-5.12;40.51
30935;10;-6.10;40.49
30936;6;-4.87;40.48
30937;7;-5.72;40.49
30938;5;-5.03;40.50
30942;7;-6.64;40.46
30943;4;-6.24;40.46
30944;12;-6.15;40.47
30945;8;-4.83;40.49
30946;12;-4.80;40.46
30947;11;-4.55;40.47
30948;11;-4.30;40.46
30950;17;-4.05;40.48
30951;11;-2.88;40.46
30952;7;-2.77;40.46
30953;13;-2.76;40.46
30955;3;-0.98;40.46
30956;5;-0.72;40.47
30957;7;-6.67;40.46
30958;3;-6.58;40.46
30959;13;-6.56;40.46
30960;14;-6.46;40.46
30961;3;-6.40;40.46
30962;4;-6.35;40.46
30963;4;-6.26;40.46
30964;14;-6.22;40.46
30965;7;-6.16;40.46
30966;11;-6.14;40.46
30967;9;-6.12;40.46
30968;10;-6.10;40.46
30969;19;-6.06;40.46
30970;11;-6.01;40.46
30971;7;-5.96;40.46
30972;16;-5.93;40.46
30974;9;-5.70;40.46
30976;6;-5.58;40.46
30977;6;-5.56;40.46
30978;13;-5.51;40.46
30979;3;-5.39;40.46
30980;3;-5.35;40.46
30982;6;-5.21;40.46
30983;3;-5.06;40.46
30984;6;-4.83;40.46
30985;10;-4.78;40.46
30986;3;-4.72;40.46
30987;20;-4.64;40.46
30989;14;-4.51;40.46
30990;10;-4.48;40.46
30992;18;-4.37;40.46
30993;16;-4.36;40.46
30994;13;-4.35;40.46
30995;19;-4.31;40.46
30996;21;-4.28;40.46
30997;7;-4.25;40.46
30998;14;-4.11;40.46
30999;12;-4.04;40.46
31000;18;-4.00;40.46
31001;18;-3.96;40.46
31002;5;-3.87;40.46
31003;3;-3.34;40.46
31007;11;-2.73;40.46
31008;3;-2.67;40.46
31011;16;-2.26;40.46
31012;16;-2.19;40.46
31013;3;-1.82;40.46
31014;4;-1.81;40.46
31015;4;-1.77;40.46
31016;4;-1.65;40.46
31017;7;-1.62;40.46
31018;2;-1.60;40.46
31019;3;-1.49;40.46
31020;3;-1.40;40.46
31021;7;-1.39;40.46
31023;7;-0.38;40.46
31024;11;-0.04;40.46
31025;4;0.06;40.46
31026;7;0.17;40.46
31027;8;-5.39;40.57
31028;9;-5.17;40.50
31029;12;-6.70;40.49
31030;14;-5.89;40.47
31031;7;0.10;40.48
31032;11;-6.54;40.46
31033;7;-6.30;40.46
31034;11;-6.03;40.47
31035;7;-5.94;40.46
31036;7;-5.22;40.49
31037;12;-5.16;40.46
31038;3;-4.90;40.46
31039;6;-2.27;40.46
31040;7;-0.31;40.47
31041;16;-6.65;40.46
31042;7;-6.13;40.46
31043;10;-4.53;40.46
31044;21;-4.33;40.46
31045;21;-4.22;40.46
31046;14;-4.15;40.46
31047;9;-3.92;40.48
31048;5;-3.83;40.46
31049;4;-2.83;40.46
31050;7;-2.81;40.46
31051;7;-1.96;40.46
31052;7;-0.41;40.46
31054;16;-6.70;40.45
31055;20;-6.67;40.45
31056;17;-6.56;40.45
31057;15;-6.54;40.45
31058;14;-6.45;40.45
31059;11;-6.35;40.49
31061;10;-6.34;40.45
31062;10;-6.24;40.45
31063;4;-6.22;40.45
31064;10;-6.15;40.45
31065;9;-6.14;40.45
31066;10;-6.12;40.45
31067;10;-6.08;40.45
31068;10;-6.06;40.45
31069;10;-5.90;40.45
31070;4;-5.71;40.45
31071;11;-5.51;40.51
31072;13;-5.54;40.45
31073;6;-5.17;40.45
31075;3;-4.84;40.45
31077;3;-4.66;40.45
31078;12;-4.55;40.45
31079;8;-4.54;40.45
31080;16;-4.51;40.45
31081;7;-4.50;40.45
31082;14;-4.49;40.45
31084;21;-4.37;40.45
31086;19;-4.30;40.45
31087;24;-4.29;40.45
31088;12;-4.28;40.45
31089;21;-4.18;40.45
31090;14;-4.12;40.45
31091;5;-3.89;40.45
31092;8;-3.35;40.45
31094;3;-3.02;40.45
31095;7;-3.01;40.45
31096;7;-2.78;40.45
31097;13;-2.77;40.45
31098;9;-2.76;40.45
31100;4;-2.57;40.45
31103;4;-2.29;40.45
31104;13;-2.28;40.45
31105;4;-2.25;40.45
31107;4;-2.05;40.45
31108;2;-1.93;40.45
31109;7;-1.77;40.45
31110;7;-1.63;40.45
31111;3;-1.52;40.45
31113;3;-1.46;40.45
31114;3;-1.42;40.45
31115;7;-1.40;40.45
31117;7;-1.38;40.45
31118;7;-1.36;40.45
31120;7;-0.98;40.45
31121;7;-5.81;40.47
31122;3;-5.76;40.49
31123;12;-6.47;40.46
31124;12;-5.64;40.48
31125;7;-0.18;40.47
31126;7;-0.03;40.46
31127;8;0.00;40.46
31129;10;-6.26;40.47
31130;7;-6.04;40.52
31131;16;-4.40;40.45
31133;6;-2.20;40.45
31134;7;-0.07;40.46
31135;11;-0.02;40.45
31136;7;0.25;40.47
31137;15;-6.57;40.50
31138;14;-6.28;40.45
31139;21;-6.16;40.44
31140;7;-6.05;40.45
31141;11;-5.84;40.48
31142;9;-5.68;40.49
31143;3;-5.30;40.45
31148;4;-0.94;40.46
31149;11;-0.25;40.45
31150;3;-0.16;40.45
31151;4;0.07;40.44
31152;3;0.21;40.45
31154;4;0.40;40.45
31155;7;-6.71;40.44
31156;16;-6.64;40.44
31157;3;-6.45;40.44
31158;7;-6.40;40.44
31159;14;-6.34;40.44
31161;4;-6.25;40.44
31162;14;-6.24;40.44
31163;10;-6.22;40.44
31164;4;-6.21;40.44
31165;10;-6.18;40.44
31166;10;-6.14;40.44
31167;21;-6.13;40.44
31168;7;-6.12;40.44
31170;13;-5.96;40.44
31171;11;-5.89;40.44
31172;7;-5.86;40.44
31173;8;-5.61;40.50
31174;6;-5.19;40.44
31176;10;-4.48;40.44
31178;14;-4.09;40.44
31179;3;-3.32;40.44
31180;3;-3.29;40.44
31182;3;-3.01;40.44
31183;7;-2.83;40.44
31184;3;-2.70;40.44
31185;7;-2.69;40.44
31186;3;-2.67;40.44
31188;13;-2.25;40.44
31189;7;-2.08;40.44
31191;4;-2.01;40.44
31193;7;-1.72;40.44
31194;3;-1.53;40.44
31195;7;-1.52;40.44
31196;3;-1.45;40.44
31197;3;-1.37;40.45
31198;7;-0.43;40.44
31199;3;-0.28;40.44
31200;7;-0.22;40.44
31201;3;-0.21;40.44
31202;11;-0.12;40.44
31203;11;-0.09;40.44
31204;11;-0.04;40.44
31205;4;0.14;40.44
31206;3;0.19;40.44
31207;7;0.20;40.44
31208;4;-1.05;40.54
31209;11;0.02;40.48
31210;3;-4.63;40.45
31211;15;-4.59;40.45
31212;7;-4.19;40.45
31214;11;-6.09;40.45
31215;19;-6.07;40.44
31216;12;-4.64;40.44
31217;10;-4.44;40.45
31219;7;-2.70;40.46
31220;8;-2.31;40.45
31221;2;-1.64;40.44
31222;11;-6.01;40.44
31223;11;-5.96;40.45
31224;7;-4.66;40.44
31225;14;-4.55;40.44
31226;16;-4.52;40.44
31227;19;-4.38;40.44
31228;23;-4.25;40.44
31229;7;-2.79;40.44
31230;4;-2.03;40.44
31232;7;-1.02;40.47
31234;3;-0.05;40.44
31235;3;-6.56;40.43
31236;3;-6.48;40.43
31237;6;-6.35;40.43
31238;4;-6.34;40.43
31239;6;-6.32;40.44
31240;11;-6.28;40.43
31241;7;-6.24;40.43
31242;11;-6.22;40.43
31243;13;-6.21;40.43
31244;7;-6.09;40.43
31245;21;-6.08;40.43
31246;7;-5.92;40.44
31247;2;-5.07;40.44
31248;7;-4.68;40.43
31250;3;-4.60;40.43
31251;12;-4.57;40.43
31254;7;-4.27;40.43
31255;7;-4.23;40.43
31256;21;-4.18;40.43
31257;7;-4.17;40.43
31258;17;-4.08;40.43
31259;18;-3.98;40.43
31260;14;-3.96;40.43
31261;5;-3.83;40.44
31264;3;-3.11;40.43
31265;7;-2.88;40.43
31266;7;-2.85;40.43
31267;4;-2.84;40.43
31270;7;-2.20;40.43
31271;16;-2.18;40.43
31272;7;-2.14;40.43
31273;2;-1.96;40.43
31275;2;-1.82;40.43
31276;7;-1.78;40.43
31277;7;-1.76;40.43
31278;4;-1.63;40.43
31279;4;-1.61;40.43
31280;9;-1.45;40.43
31282;15;-0.25;40.43
31284;15;-0.09;40.43
31285;7;0.04;40.44
31286;4;0.10;40.43
31289;16;-6.19;40.45
31290;12;-4.21;40.44
31291;9;-2.45;40.44
31292;7;-1.53;40.46
31293;20;-6.51;40.43
31294;13;-4.31;40.44
31295;12;-3.16;40.43
31296;7;-0.37;40.43
31297;20;-6.64;40.43
31298;16;-6.62;40.43
31299;10;-6.29;40.43
31300;10;-6.16;40.43
31301;16;-6.14;40.43
31303;9;-4.81;40.43
31304;19;-4.06;40.43
31305;3;-2.73;40.43
31306;13;-2.24;40.43
31307;4;-1.93;40.44
31308;3;-1.51;40.43
31309;3;-1.42;40.43
31312;7;-6.65;40.42
31313;16;-6.46;40.43
31314;3;-6.44;40.42
31315;6;-6.34;40.42
31316;16;-6.32;40.42
31317;14;-6.31;40.42
31318;4;-6.28;40.42
31319;7;-6.21;40.42
31320;13;-6.20;40.42
31321;7;-5.90;40.42
31322;3;-5.76;40.42
31323;3;-5.36;40.42
31325;3;-4.86;40.43
31326;5;-4.81;40.42
31328;8;-4.56;40.42
31329;16;-4.41;40.42
31330;18;-4.28;40.42
31333;14;-4.15;40.42
31335;10;-3.93;40.42
31336;5;-3.91;40.42
31337;3;-3.33;40.42
31339;6;-2.78;40.43
31340;3;-2.70;40.42
31342;11;-2.31;40.42
31343;7;-1.71;40.42
31345;7;-1.58;40.42
31346;3;-1.57;40.42
31347;9;-1.56;40.42
31348;7;-1.52;40.42
31349;3;-1.49;40.42
31350;7;-1.01;40.42
31351;7;-0.41;40.42
31352;7;-0.38;40.42
31353;7;-0.31;40.42
31354;7;-0.29;40.42
31356;3;-0.20;40.42
31357;11;-0.17;40.43
31358;15;-0.12;40.42
31359;8;0.01;40.42
31361;8;0.16;40.42
31363;3;-0.75;40.45
31364;10;-5.19;40.43
31365;14;-4.25;40.44
31366;7;-6.27;40.42
31368;17;-5.96;40.42
31369;16;-5.92;40.42
31370;3;-4.67;40.43
31372;11;-0.21;40.43
31373;12;0.00;40.42
31374;10;-6.07;40.42
31375;7;-5.97;40.42
31376;7;-5.12;40.44
31378;3;-4.73;40.42
31379;12;-4.61;40.42
31380;14;-4.08;40.42
31381;11;-2.75;40.42
31382;7;-1.83;40.47
31383;3;-0.12;40.45
31384;3;-0.08;40.42
31385;15;-0.03;40.42
31386;7;-6.72;40.41
31387;9;-6.63;40.41
31388;7;-6.62;40.41
31390;20;-6.48;40.41
31391;6;-6.37;40.41
31392;13;-6.21;40.41
31393;11;-6.19;40.41
31394;13;-6.18;40.41
31395;14;-6.06;40.41
31396;7;-6.05;40.41
31397;7;-5.94;40.41
31398;7;-5.86;40.41
31399;7;-5.83;40.41
31400;7;-5.80;40.41
31401;3;-5.06;40.41
31402;3;-4.93;40.41
31403;3;-4.83;40.41
31404;7;-4.82;40.41
31405;3;-4.80;40.41
31406;8;-4.62;40.41
31409;4;-4.44;40.41
31411;13;-4.37;40.42
31412;21;-4.35;40.41
31413;21;-4.25;40.41
31414;17;-4.17;40.41
31415;5;-3.83;40.41
31418;3;-3.32;40.41
31424;7;-2.31;40.41
31425;4;-2.24;40.41
31427;15;-0.25;40.41
31429;3;-0.18;40.41
31430;11;-0.11;40.41
31433;16;-2.22;40.43
31434;2;-0.60;40.43
31435;16;-6.55;40.43
31436;4;-2.61;40.48
31437;4;-2.27;40.43
31438;10;-6.11;40.42
31439;12;-5.87;40.42
31440;21;-4.21;40.42
31441;5;-3.87;40.42
31442;5;-4.88;40.43
31443;14;-4.27;40.41
31445;4;-2.81;40.42
31446;7;-2.18;40.41
31447;4;-2.05;40.41
31448;4;0.03;40.42
31449;24;-6.51;40.41
31450;4;-6.32;40.41
31451;11;-6.26;40.42
31452;7;-6.22;40.41
31453;5;-4.64;40.41
31454;14;-4.11;40.41
31455;4;-3.35;40.41
31456;4;-2.85;40.41
31457;13;-2.77;40.42
31458;7;-2.27;40.41
31459;7;-2.25;40.41
31460;4;-2.19;40.41
31461;3;-2.16;40.41
31462;4;-2.01;40.41
31464;3;-1.54;40.41
31465;7;-1.51;40.41
31467;7;-0.30;40.41
31468;11;-0.19;40.41
31469;7;-6.64;40.41
31470;20;-6.63;40.41
31471;9;-6.42;40.41
31472;7;-6.41;40.41
31473;16;-6.34;40.41
31474;14;-6.29;40.41
31475;11;-6.21;40.41
31476;7;-6.20;40.41
31477;7;-6.01;40.41
31479;7;-5.96;40.41
31480;15;-5.95;40.41
31481;7;-5.88;40.41
31482;7;-5.84;40.41
31483;3;-5.10;40.41
31484;3;-5.04;40.41
31485;2;-4.93;40.41
31488;7;-4.68;40.41
31489;14;-4.62;40.41
31490;14;-4.53;40.41
31491;4;-4.38;40.41
31492;12;-4.25;40.41
31493;7;-4.22;40.41
31494;12;-4.21;40.41
31495;17;-4.06;40.41
31497;5;-3.85;40.41
31502;11;-3.11;40.41
31503;7;-2.76;40.41
31504;3;-2.75;40.41
31506;4;-2.60;40.41
31508;7;-1.74;40.41
31511;3;-0.11;40.41
31513;8;0.01;40.41
31516;4;-6.38;40.42
31517;4;-2.89;40.44
31518;13;-5.73;40.41
31519;16;-3.18;40.42
31520;3;-1.01;40.42
31521;3;-0.47;40.47
31522;14;-6.15;40.41
31523;21;-4.30;40.42
31524;3;-0.28;40.41
31525;11;-6.18;40.40
31526;11;-6.05;40.40
31527;15;-6.00;40.42
31528;20;-5.94;40.40
31529;7;-5.92;40.40
31530;8;-4.59;40.40
31531;14;-4.50;40.42
31532;16;-4.41;40.40
31533;19;-4.39;40.40
31534;10;-3.93;40.41
31535;3;-3.09;40.41
31536;3;-2.95;40.40
31537;11;-2.79;40.40
31538;7;-1.64;40.41
31539;3;-0.15;40.40
31540;11;-0.13;40.40
31541;11;-0.09;40.40
31544;7;-6.72;40.40
31545;9;-6.65;40.40
31546;20;-6.64;40.40
31547;9;-6.57;40.40
31548;24;-6.48;40.40
31550;10;-6.06;40.40
31551;17;-5.95;40.40
31552;7;-5.89;40.40
31553;9;-5.81;40.40
31554;5;-4.89;40.40
31555;3;-4.79;40.40
31556;3;-4.72;40.40
31557;8;-4.64;40.40
31558;10;-4.47;40.40
31559;7;-4.43;40.40
31560;4;-4.37;40.40
31561;18;-4.28;40.40
31562;7;-4.27;40.40
31563;21;-4.25;40.40
31564;12;-4.24;40.40
31566;7;-4.18;40.40
31568;4;-3.60;40.40
31570;12;-3.16;40.40
31571;11;-3.15;40.40
31572;7;-2.86;40.40
31573;11;-2.76;40.40
31575;4;-2.62;40.40
31576;3;-2.40;40.40
31577;18;-2.27;40.40
31578;4;-1.89;40.40
31579;7;-1.86;40.40
31580;7;-1.81;40.40
31581;7;-1.72;40.40
31583;7;-1.46;40.40
31584;13;-0.19;40.40
31585;3;-0.12;40.40
31586;15;-0.06;40.40
31588;4;-6.81;40.48
31589;20;-6.59;40.41
31590;16;-5.77;40.41
31591;9;-1.45;40.41
31592;5;-3.94;40.43
31593;11;-2.84;40.43
31594;7;-4.73;40.44
31595;7;-2.68;40.41
31596;7;-1.48;40.40
31597;3;-0.31;40.40
31598;11;-0.26;40.40
31600;19;-4.34;40.42
31601;25;-4.28;40.40
31602;5;-3.87;40.39
31603;4;-3.49;40.40
31604;11;-2.83;40.40
31605;3;-1.47;40.39
31606;7;-0.33;40.40
31607;11;-0.16;40.40
31608;20;-6.54;40.40
31609;16;-6.42;40.39
31610;9;-6.31;40.39
31611;16;-6.10;40.40
31612;17;-5.99;40.40
31613;15;-5.96;40.39
31614;3;-4.86;40.39
31615;9;-4.76;40.39
31616;3;-4.67;40.39
31617;16;-4.30;40.39
31618;4;-3.47;40.39
31620;4;-3.38;40.39
31621;11;-3.20;40.44
31622;3;-3.03;40.39
31623;7;-2.92;40.40
31624;3;-2.90;40.39
31626;16;-2.24;40.40
31627;4;-2.18;40.39
31628;3;-1.50;40.39
31629;4;-1.31;40.45
31631;3;-0.24;40.39
31632;11;-0.21;40.39
31634;12;-0.04;40.40
31636;7;-6.67;40.39
31638;24;-6.51;40.39
31639;11;-6.20;40.39
31640;10;-6.12;40.39
31641;4;-6.08;40.39
31642;11;-6.06;40.39
31643;15;-6.05;40.39
31645;7;-5.99;40.39
31646;7;-5.88;40.39
31647;9;-5.83;40.39
31648;3;-5.69;40.39
31650;5;-4.64;40.39
31651;14;-4.50;40.39
31653;11;-4.41;40.39
31654;16;-4.40;40.39
31655;19;-4.37;40.39
31657;4;-4.35;40.39
31658;16;-4.32;40.39
31661;3;-3.33;40.39
31663;11;-3.11;40.39
31664;7;-3.08;40.43
31665;3;-2.97;40.39
31666;7;-2.75;40.39
31667;3;-2.70;40.39
31668;4;-2.64;40.39
31670;7;-2.26;40.39
31671;13;-2.21;40.39
31672;4;-2.07;40.39
31673;4;-2.05;40.39
31674;4;-1.90;40.39
31675;7;-1.32;40.39
31677;4;-0.30;40.39
31678;3;-0.19;40.39
31679;11;-0.12;40.39
31680;11;-0.06;40.39
31683;7;-5.38;40.41
31685;12;-4.12;40.44
31686;3;-0.22;40.40
31687;12;-4.54;40.41
31688;21;-4.04;40.43
31689;7;-6.48;40.40
31690;7;-4.45;40.39
31691;9;-1.59;40.39
31692;14;-6.34;40.39
31693;16;-5.90;40.39
31694;12;-4.62;40.39
31695;12;-4.19;40.39
31696;3;-1.25;40.39
31697;4;-0.36;40.38
31698;20;-6.71;40.41
31699;20;-6.47;40.38
31701;14;-6.07;40.38
31702;9;-5.71;40.38
31703;9;-4.72;40.39
31704;14;-4.60;40.38
31705;10;-4.43;40.41
31706;11;-4.38;40.38
31707;18;-4.31;40.38
31708;21;-4.24;40.39
31709;21;-4.18;40.38
31710;14;-4.15;40.39
31711;14;-3.97;40.39
31713;4;-2.82;40.38
31714;4;-1.72;40.38
31715;2;-1.55;40.38
31716;3;-1.27;40.38
31717;11;-0.18;40.38
31718;13;-0.07;40.40
31719;7;-6.69;40.38
31720;24;-6.67;40.41
31721;9;-6.51;40.38
31722;24;-6.50;40.38
31723;20;-6.43;40.38
31724;11;-6.41;40.38
31725;6;-6.40;40.38
31727;4;-6.33;40.38
31729;9;-5.80;40.38
31730;3;-5.68;40.38
31731;3;-5.37;40.38
31732;3;-5.06;40.38
31733;2;-4.97;40.46
31734;3;-4.76;40.38
31735;6;-4.70;40.38
31736;7;-4.66;40.38
31737;14;-4.63;40.38
31738;14;-4.51;40.38
31739;12;-4.48;40.38
31740;10;-4.45;40.38
31741;16;-4.37;40.38
31743;11;-4.34;40.38
31744;4;-4.32;40.38
31745;14;-4.29;40.38
31747;12;-4.16;40.38
31749;5;-3.52;40.38
31751;15;-2.92;40.38
31756;3;-2.25;40.38
31757;7;-1.65;40.38
31758;7;-1.60;40.38
31759;7;-1.56;40.38
31760;3;-1.49;40.38
31761;3;-1.32;40.38
31763;7;-1.24;40.38
31765;4;-0.31;40.38
31766;7;-0.30;40.38
31768;11;-0.23;40.38
31771;7;-5.21;40.39
31772;13;-2.80;40.39
31773;3;-1.40;40.39
31775;7;-2.30;40.38
31777;4;-6.36;40.38
31778;11;-6.29;40.38
31779;10;-6.14;40.38
31780;14;-4.54;40.38
31781;7;-1.40;40.43
31783;7;-6.64;40.38
31784;11;-6.19;40.37
31785;10;-6.10;40.38
31786;7;-6.03;40.38
31787;20;-5.92;40.38
31788;5;-4.98;40.38
31789;12;-4.11;40.38
31790;4;-3.81;40.37
31791;9;-3.47;40.37
31793;12;-3.15;40.37
31794;8;-3.02;40.37
31796;8;-2.70;40.37
31797;3;-2.43;40.37
31801;16;-6.70;40.37
31802;24;-6.69;40.37
31803;7;-6.67;40.37
31804;7;-6.60;40.37
31805;20;-6.54;40.37
31806;11;-6.43;40.37
31807;10;-6.40;40.37
31808;14;-6.29;40.37
31809;14;-6.08;40.37
31810;10;-6.07;40.37
31811;11;-6.06;40.37
31812;15;-6.02;40.37
31813;17;-6.00;40.37
31814;15;-5.97;40.37
31815;7;-5.91;40.37
31816;5;-5.78;40.37
31817;16;-5.77;40.37
31818;13;-5.73;40.37
31819;7;-5.40;40.37
31820;3;-5.39;40.37
31821;3;-5.22;40.37
31823;3;-5.05;40.37
31824;3;-4.97;40.37
31826;3;-4.82;40.37
31827;5;-4.81;40.37
31828;3;-4.78;40.37
31829;14;-4.61;40.37
31830;3;-4.58;40.38
31831;12;-4.55;40.37
31832;17;-4.52;40.37
31833;12;-4.39;40.37
31834;12;-4.35;40.37
31835;14;-4.32;40.37
31836;19;-4.25;40.37
31837;7;-4.24;40.37
31838;9;-3.93;40.37
31839;5;-3.56;40.37
31841;11;-2.97;40.37
31842;3;-2.90;40.37
31843;15;-2.89;40.37
31845;4;-2.83;40.37
31846;8;-2.82;40.37
31847;11;-2.80;40.37
31848;8;-2.78;40.37
31849;4;-2.77;40.37
31851;7;-2.26;40.37
31852;6;-2.24;40.37
31853;7;-1.62;40.37
31854;7;-1.57;40.37
31855;9;-1.56;40.37
31858;3;-1.37;40.37
31859;4;-1.33;40.37
31861;3;-1.26;40.37
31862;7;-1.25;40.37
31865;4;-0.34;40.37
31866;3;-0.28;40.37
31867;11;-0.28;40.37
31869;11;-0.25;40.37
31870;11;-0.16;40.37
31871;13;-0.09;40.37
31875;12;-5.30;40.43
31876;20;-5.81;40.40
31878;16;-6.61;40.38
31879;14;-6.39;40.38
31880;3;-4.90;40.38
31881;16;-6.75;40.40
31882;14;-6.12;40.37
31883;5;-4.93;40.37
31884;16;-3.17;40.37
31885;8;-3.11;40.37
31887;11;-6.46;40.37
31888;20;-6.45;40.37
31889;4;-6.31;40.37
31890;16;-6.09;40.36
31891;12;-5.86;40.38
31892;2;-4.94;40.36
31893;18;-4.64;40.37
31894;8;-4.56;40.38
31896;5;-3.95;40.37
31897;4;-1.79;40.37
31898;7;-1.52;40.38
31899;16;-6.72;40.36
31900;20;-6.66;40.36
31901;16;-6.55;40.36
31902;9;-6.53;40.36
31903;20;-6.52;40.36
31904;9;-6.51;40.36
31905;7;-6.47;40.36
31906;4;-6.40;40.36
31907;6;-6.30;40.36
31908;4;-6.28;40.36
31909;10;-6.08;40.36
31910;7;-6.06;40.36
31911;15;-6.01;40.36
31913;15;-5.96;40.36
31914;20;-5.91;40.36
31915;9;-5.71;40.36
31917;3;-5.32;40.36
31918;3;-5.27;40.36
31919;3;-5.25;40.36
31920;10;-5.24;40.36
31921;15;-5.23;40.36
31922;13;-5.12;40.36
31923;3;-5.06;40.36
31924;3;-4.81;40.36
31925;14;-4.69;40.36
31926;16;-4.62;40.36
31927;14;-4.59;40.36
31928;7;-4.55;40.36
31930;7;-4.38;40.36
31931;7;-4.35;40.36
31933;7;-4.22;40.36
31934;17;-4.15;40.36
31935;16;-4.06;40.36
31936;9;-4.04;40.36
31939;4;-3.73;40.36
31940;3;-3.24;40.36
31941;8;-3.23;40.36
31943;12;-2.89;40.36
31944;6;-2.83;40.36
31945;2;-2.82;40.36
31946;8;-2.80;40.36
31948;8;-2.71;40.36
31952;4;-2.08;40.36
31953;9;-2.06;40.36
31954;4;-1.61;40.36
31955;7;-1.56;40.36
31956;2;-1.53;40.36
31957;4;-1.50;40.36
31958;7;-1.37;40.36
31959;7;-1.34;40.36
31960;3;-1.31;40.36
31962;3;-1.25;40.36
31964;2;-0.72;40.36
31965;4;-0.31;40.36
31966;7;-0.30;40.36
31967;5;-0.28;40.36
31968;11;-0.26;40.36
31969;3;-0.22;40.36
31970;11;-0.18;40.36
31972;3;-0.09;40.36
31973;13;-6.22;40.38
31974;7;-1.29;40.38
31976;13;-4.67;40.37
31978;9;-3.49;40.37
31979;11;-3.32;40.37
31980;7;-2.39;40.38
31981;14;-6.16;40.36
31982;12;-4.74;40.37
31983;17;-4.17;40.36
31984;4;-3.78;40.36
31986;15;-2.93;40.36
31987;9;-2.48;40.37
31989;7;-6.42;40.36
31990;4;-6.13;40.36
31991;15;-6.04;40.36
31992;7;-6.02;40.36
31993;9;-5.84;40.36
31994;3;-5.70;40.35
31995;5;-5.06;40.39
31996;16;-4.71;40.36
31997;16;-4.68;40.36
31998;18;-4.60;40.36
31999;7;-4.51;40.36
32001;5;-3.58;40.36
32003;6;-2.26;40.36
32004;4;-2.02;40.36
32005;7;-1.43;40.37
32008;5;-0.24;40.36
32009;11;-0.14;40.35
32010;13;-0.12;40.36
32014;11;-6.56;40.35
32015;11;-6.44;40.35
32016;22;-6.43;40.35
32017;13;-6.27;40.35
32018;14;-6.07;40.35
32019;11;-6.06;40.35
32020;17;-6.05;40.35
32021;20;-5.93;40.35
32022;9;-5.89;40.35
32023;20;-5.82;40.35
32024;16;-5.79;40.35
32025;13;-5.71;40.35
32026;11;-5.65;40.35
32027;5;-5.64;40.35
32028;11;-5.63;40.35
32029;6;-5.62;40.35
32030;12;-5.24;40.35
32031;3;-4.93;40.35
32032;7;-4.78;40.35
32033;4;-4.74;40.35
32034;14;-4.72;40.35
32035;7;-4.59;40.35
32036;7;-4.47;40.35
32037;7;-4.40;40.35
32038;12;-4.32;40.35
32039;12;-4.09;40.35
32040;16;-4.08;40.35
32042;4;-3.74;40.35
32043;3;-3.34;40.35
32047;8;-2.78;40.35
32048;9;-2.48;40.35
32050;2;-2.06;40.35
32051;7;-2.05;40.35
32053;4;-2.00;40.35
32054;7;-1.95;40.35
32055;4;-1.81;40.35
32056;7;-1.57;40.35
32057;3;-1.52;40.35
32060;4;-1.31;40.35
32062;2;-0.32;40.35
32063;5;-0.31;40.35
32064;3;-0.29;40.35
32066;3;-0.18;40.35
32067;13;-0.08;40.35
32069;10;0.04;40.35
32070;8;0.11;40.40
32071;12;0.05;40.37
32072;12;-3.19;40.36
32073;8;-2.85;40.36
32074;7;-4.28;40.36
32075;22;-4.04;40.36
32076;5;-1.54;40.35
32077;3;-0.77;40.36
32078;11;-6.64;40.35
32079;3;-5.77;40.36
32080;7;-5.37;40.36
32082;8;-3.37;40.36
32083;4;-2.11;40.35
32084;4;-0.35;40.35
32085;11;-6.67;40.35
32086;11;-6.52;40.35
32087;14;-6.40;40.35
32088;14;-6.30;40.35
32089;10;-6.09;40.35
32090;12;-5.85;40.34
32091;5;-5.67;40.35
32092;11;-5.60;40.35
32093;17;-5.22;40.35
32094;8;-3.21;40.35
32096;4;-1.74;40.35
32097;3;-1.28;40.35
32098;7;-1.24;40.35
32099;5;-0.26;40.34
32101;11;-6.58;40.34
32102;13;-6.43;40.34
32103;11;-6.41;40.34
32104;7;-6.33;40.34
32105;14;-6.27;40.34
32106;14;-6.21;40.34
32107;18;-6.20;40.34
32108;9;-5.97;40.36
32109;15;-5.87;40.34
32110;15;-5.83;40.34
32111;5;-5.78;40.34
32112;5;-5.62;40.34
32113;5;-5.42;40.34
32114;3;-5.36;40.34
32115;6;-5.34;40.34
32116;10;-5.24;40.34
32117;3;-4.94;40.34
32118;3;-4.86;40.34
32119;9;-4.79;40.38
32120;4;-4.75;40.34
32121;16;-4.72;40.34
32122;16;-4.61;40.34
32123;7;-4.60;40.34
32124;12;-4.57;40.35
32125;7;-4.49;40.34
32126;7;-4.43;40.34
32127;7;-4.37;40.34
32128;12;-4.16;40.34
32130;9;-4.09;40.34
32131;14;-4.07;40.34
32133;4;-3.80;40.34
32134;13;-3.47;40.34
32135;8;-3.18;40.34
32137;6;-2.83;40.34
32138;2;-2.82;40.34
32140;5;-2.48;40.34
32141;4;-2.44;40.35
32142;3;-2.05;40.34
32143;7;-2.03;40.34
32145;7;-1.80;40.34
32146;7;-1.53;40.34
32148;4;-1.51;40.34
32149;4;-1.49;40.34
32152;4;-1.06;40.34
32153;3;-0.72;40.34
32155;2;-0.31;40.34
32156;5;-0.30;40.34
32158;5;-0.21;40.34
32159;13;-0.19;40.34
32160;3;-0.16;40.34
32162;11;-0.10;40.36
32163;3;-0.09;40.34
32165;11;0.03;40.34
32166;14;0.07;40.34
32168;11;0.12;40.34
32170;5;-5.47;40.34
32171;4;-1.84;40.35
32172;7;-6.56;40.36
32173;7;-4.24;40.34
32175;3;-1.45;40.34
32177;13;-0.19;40.36
32178;6;-6.44;40.34
32180;11;-6.14;40.34
32181;23;-5.97;40.34
32182;3;-5.82;40.34
32183;8;-5.80;40.34
32184;11;-5.70;40.34
32185;2;-5.68;40.34
32186;12;-5.25;40.34
32187;10;-4.74;40.34
32188;16;-4.55;40.35
32189;5;-3.99;40.35
32192;7;-1.77;40.34
32194;5;-0.76;40.34
32195;2;-0.34;40.34
32196;7;0.04;40.34
32197;11;-6.65;40.33
32198;6;-6.41;40.33
32199;10;-6.38;40.34
32200;14;-6.37;40.33
32201;9;-6.18;40.33
32202;18;-6.01;40.33
32203;12;-5.96;40.33
32204;23;-5.95;40.33
32205;15;-5.92;40.33
32206;15;-5.84;40.33
32207;6;-5.83;40.33
32208;8;-5.77;40.33
32209;6;-5.26;40.33
32210;11;-5.23;40.33
32211;3;-4.90;40.34
32212;13;-4.76;40.33
32213;10;-4.70;40.33
32214;7;-4.58;40.33
32215;7;-4.55;40.33
32217;7;-4.42;40.33
32219;7;-4.32;40.34
32221;12;-4.12;40.33
32222;17;-4.11;40.33
32223;14;-4.10;40.33
32224;12;-4.06;40.33
32226;4;-3.78;40.33
32227;4;-3.71;40.33
32231;8;-3.22;40.33
32232;8;-3.20;40.33
32234;8;-3.17;40.33
32237;9;-2.84;40.33
32238;4;-2.83;40.33
32242;4;-1.99;40.33
32243;7;-1.96;40.33
32247;4;-1.05;40.33
32248;2;-0.30;40.33
32249;3;-0.27;40.33
32250;11;-0.25;40.33
32251;13;-0.16;40.33
32252;11;-0.15;40.33
32253;3;-0.12;40.33
32254;13;-0.09;40.33
32255;15;0.07;40.33
32256;15;0.10;40.33
32257;7;-6.25;40.36
32258;8;-0.03;40.36
32259;13;-5.21;40.33
32260;4;-6.82;40.33
32261;21;-6.00;40.33
32262;19;-5.86;40.33
32263;7;-5.36;40.33
32265;19;-4.11;40.36
32267;10;-2.80;40.34
32268;3;-2.05;40.33
32269;2;-2.03;40.33
32270;7;-1.90;40.33
32271;4;-1.54;40.33
32272;2;-1.52;40.33
32274;4;-1.48;40.33
32275;3;-0.79;40.33
32277;11;-0.17;40.33
32278;4;-6.58;40.32
32279;11;-6.52;40.32
32280;7;-6.46;40.33
32281;7;-6.43;40.33
32282;14;-6.38;40.32
32283;14;-6.33;40.32
32284;11;-6.06;40.32
32285;16;-6.02;40.32
32286;9;-6.01;40.32
32287;19;-5.94;40.32
32288;12;-5.92;40.32
32289;15;-5.90;40.32
32290;3;-5.84;40.32
32291;11;-5.83;40.32
32292;3;-5.78;40.33
32294;5;-5.70;40.32
32295;2;-5.69;40.32
32296;11;-5.68;40.32
32297;5;-5.67;40.32
32298;6;-5.61;40.33
32300;12;-5.26;40.32
32301;13;-5.23;40.32
32302;5;-5.00;40.32
32303;5;-4.97;40.32
32307;7;-4.48;40.32
32308;7;-4.44;40.32
32310;7;-4.22;40.32
32311;17;-4.12;40.32
32313;14;-4.06;40.32
32315;5;-3.94;40.32
32316;9;-3.84;40.32
32319;4;-3.45;40.33
32320;8;-3.42;40.41
32323;8;-2.82;40.32
32324;13;-2.80;40.32
32325;8;-2.71;40.32
32327;4;-2.12;40.32
32328;4;-1.96;40.32
32329;7;-1.95;40.32
32330;7;-1.93;40.32
32331;2;-1.91;40.32
32332;4;-1.88;40.32
32333;4;-1.84;40.32
32334;7;-1.82;40.32
32335;3;-1.80;40.32
32336;4;-1.72;40.32
32338;4;-1.50;40.32
32342;5;-0.55;40.32
32343;11;-0.22;40.32
32344;3;-0.16;40.32
32345;3;-0.06;40.32
32347;10;-0.01;40.33
32348;15;0.09;40.32
32350;7;0.17;40.32
32353;3;-0.58;40.35
32354;12;-3.21;40.33
32355;5;-0.73;40.34
32356;4;-1.26;40.33
32357;10;-5.97;40.32
32358;10;-5.30;40.33
32359;17;-4.16;40.32
32361;4;-1.67;40.38
32363;13;-6.41;40.32
32364;12;-6.27;40.32
32365;8;-5.81;40.32
32366;3;-4.79;40.32
32367;12;-4.63;40.32
32368;7;-4.62;40.32
32369;14;-4.09;40.32
32371;3;-2.25;40.32
32372;4;-1.99;40.32
32373;7;-1.45;40.32
32374;11;-0.12;40.32
32376;14;-6.39;40.31
32378;10;-6.34;40.31
32379;16;-6.33;40.31
32380;14;-6.32;40.31
32384;12;-6.21;40.31
32385;11;-6.15;40.31
32386;11;-6.07;40.31
32387;16;-6.00;40.31
32389;10;-5.86;40.31
32390;15;-5.84;40.31
32392;11;-5.65;40.33
32393;8;-5.64;40.31
32394;3;-5.36;40.31
32397;7;-4.54;40.31
32399;7;-4.45;40.31
32401;7;-4.34;40.31
32404;9;-4.13;40.31
32405;16;-4.10;40.31
32407;9;-3.83;40.31
32409;4;-3.43;40.31
32414;4;-1.95;40.31
32415;7;-1.91;40.31
32416;7;-1.77;40.31
32417;7;-1.74;40.31
32418;4;-1.68;40.31
32419;2;-1.50;40.31
32424;3;-0.76;40.32
32425;3;-0.73;40.31
32426;2;-0.70;40.31
32428;5;-0.57;40.31
32429;3;-0.56;40.31
32430;2;-0.51;40.31
32431;4;-0.47;40.31
32433;11;-0.10;40.31
32434;8;-0.03;40.31
32439;7;-2.07;40.33
32440;11;-6.59;40.32
32441;13;0.02;40.32
32442;17;0.07;40.32
32443;4;-0.31;40.32
32444;12;-6.23;40.31
32445;7;-6.17;40.31
32446;19;-5.98;40.31
32447;12;-5.90;40.33
32448;3;-5.82;40.31
32449;14;-4.12;40.31
32450;5;-3.99;40.31
32453;7;-2.26;40.31
32454;7;-2.02;40.32
32456;3;-6.81;40.31
32457;3;-6.63;40.31
32458;4;-6.60;40.31
32459;11;-6.43;40.31
32460;7;-6.41;40.31
32461;14;-6.35;40.31
32462;16;-6.30;40.31
32463;12;-6.26;40.31
32464;7;-6.25;40.31
32465;16;-6.04;40.31
32466;9;-5.88;40.31
32467;19;-5.87;40.31
32468;11;-5.77;40.31
32469;5;-5.74;40.31
32470;3;-4.93;40.31
32474;7;-4.47;40.31
32476;7;-4.41;40.31
32477;19;-4.17;40.31
32478;16;-4.11;40.31
32479;16;-4.08;40.32
32481;5;-3.97;40.31
32486;3;-3.29;40.31
32490;7;-2.86;40.31
32492;3;-2.27;40.31
32493;4;-2.14;40.31
32494;4;-2.01;40.31
32495;4;-1.88;40.31
32496;4;-1.61;40.31
32499;5;-0.26;40.31
32501;3;-0.16;40.31
32502;3;-0.08;40.31
32506;16;-3.01;40.33
32507;12;-3.06;40.34
32508;4;-2.39;40.40
32509;7;-3.29;40.39
32510;3;-2.54;40.33
32511;4;-2.18;40.35
32512;11;-0.28;40.32
32513;3;-0.93;40.35
32514;6;-6.44;40.31
32515;5;-3.53;40.32
32516;8;-3.36;40.32
32518;14;-6.28;40.31
32520;12;-3.10;40.30
32521;7;-1.79;40.31
32522;2;-0.45;40.32
32523;13;-0.16;40.32
32525;15;0.10;40.31
32527;11;-5.80;40.30
32528;2;-5.71;40.31
32529;2;-5.46;40.30
32531;7;-5.00;40.30
32532;14;-4.15;40.30
32533;14;-4.09;40.30
32534;9;-3.63;40.33
32535;8;-3.41;40.30
32538;3;-2.05;40.30
32539;4;-1.91;40.30
32540;11;-0.13;40.30
32541;13;-0.11;40.31
32542;15;0.08;40.30
32543;4;-6.63;40.30
32544;3;-6.62;40.30
32545;7;-6.60;40.30
32546;7;-6.43;40.30
32547;11;-6.41;40.30
32548;16;-6.32;40.30
32550;12;-6.21;40.30
32551;12;-6.18;40.30
32552;12;-6.05;40.30
32553;7;-6.03;40.30
32554;10;-5.87;40.30
32555;11;-5.82;40.30
32556;6;-5.81;40.30
32558;6;-5.64;40.30
32559;4;-5.54;40.30
32560;15;-5.13;40.30
32562;12;-4.63;40.30
32563;7;-4.61;40.30
32565;7;-4.54;40.30
32567;7;-4.38;40.30
32568;7;-4.36;40.30
32569;7;-4.21;40.30
32570;16;-4.17;40.30
32571;9;-4.16;40.30
32574;18;-4.00;40.35
32575;9;-3.89;40.34
32579;3;-2.89;40.30
32580;15;-2.86;40.30
32583;7;-2.25;40.30
32584;4;-2.03;40.30
32586;4;-2.00;40.30
32587;6;-1.83;40.30
32588;2;-1.80;40.30
32589;4;-1.59;40.30
32592;5;-0.72;40.30
32593;4;-0.70;40.30
32594;4;-0.56;40.30
32596;5;-0.28;40.30
32597;3;-0.26;40.30
32598;5;-0.24;40.30
32599;3;-0.10;40.30
32600;8;-0.02;40.30
32601;3;0.01;40.30
32602;7;0.06;40.30
32604;12;-4.58;40.32
32605;15;-4.23;40.33
32606;3;-5.52;40.38
32607;5;-0.22;40.31
32608;2;-1.60;40.35
32609;6;-6.53;40.32
32610;8;-5.25;40.31
32611;15;-4.45;40.32
32612;16;-4.13;40.29
32613;12;-4.06;40.30
32615;4;-1.72;40.30
32616;4;-1.70;40.30
32617;4;-1.63;40.30
32618;3;-1.43;40.30
32619;7;-6.48;40.29
32620;10;-5.98;40.29
32621;3;-5.37;40.29
32622;3;-4.89;40.31
32623;7;-4.32;40.29
32625;7;-1.46;40.29
32626;4;-0.66;40.29
32627;9;0.04;40.30
32629;10;-6.71;40.29
32630;11;-6.60;40.29
32631;7;-6.57;40.29
32632;6;-6.46;40.29
32633;7;-6.41;40.29
32634;16;-6.39;40.29
32635;14;-6.38;40.29
32636;12;-6.28;40.29
32637;7;-6.26;40.29
32638;12;-6.25;40.29
32639;7;-6.23;40.29
32640;7;-6.01;40.30
32642;9;-5.89;40.29
32643;10;-5.86;40.29
32644;3;-5.45;40.29
32645;2;-5.44;40.29
32647;11;-5.21;40.29
32650;12;-4.60;40.29
32651;7;-4.51;40.29
32652;7;-4.48;40.29
32653;7;-4.37;40.29
32654;12;-4.22;40.29
32655;4;-4.21;40.29
32656;12;-4.19;40.29
32657;9;-4.17;40.29
32658;16;-4.16;40.29
32659;14;-4.11;40.29
32660;16;-4.09;40.29
32661;5;-4.02;40.29
32662;10;-3.94;40.29
32663;5;-3.86;40.29
32664;5;-3.83;40.29
32665;4;-3.74;40.29
32666;5;-3.59;40.29
32667;9;-3.01;40.29
32668;11;-2.84;40.29
32670;7;-2.22;40.30
32671;8;-2.04;40.29
32672;4;-2.01;40.29
32673;2;-1.63;40.29
32674;4;-1.57;40.29
32676;5;-0.73;40.29
32677;7;-0.72;40.29
32678;5;-0.69;40.29
32679;4;-0.63;40.29
32681;4;-0.41;40.29
32682;3;-0.29;40.29
32683;13;-0.18;40.29
32684;11;-0.17;40.29
32685;7;0.04;40.29
32686;3;0.06;40.29
32688;3;-5.06;40.35
32689;7;-6.73;40.35
32690;6;-5.29;40.30
32691;15;-2.88;40.31
32692;10;-6.40;40.29
32693;15;-5.59;40.29
32694;3;-5.07;40.29
32695;4;-3.42;40.29
32696;7;-2.27;40.29
32697;3;-6.66;40.28
32698;3;-6.63;40.28
32699;11;-6.58;40.28
32700;7;-5.61;40.28
32701;6;-5.46;40.28
32702;15;-5.14;40.28
32703;2;-5.12;40.28
32706;7;-2.78;40.28
32707;8;-1.96;40.28
32708;2;-1.66;40.30
32711;11;-0.28;40.28
32712;6;0.01;40.28
32714;7;-6.60;40.28
32715;9;-6.56;40.28
32716;7;-6.54;40.28
32717;7;-6.50;40.28
32718;11;-6.48;40.28
32719;6;-6.47;40.28
32720;13;-6.44;40.28
32721;14;-6.39;40.28
32722;14;-6.30;40.28
32723;12;-6.26;40.28
32724;10;-5.94;40.28
32726;3;-5.44;40.28
32727;6;-5.35;40.28
32728;11;-5.23;40.28
32729;13;-5.21;40.29
32730;11;-5.16;40.33
32731;3;-5.10;40.28
32732;7;-5.06;40.30
32733;9;-4.98;40.28
32734;5;-4.88;40.34
32735;12;-4.29;40.28
32736;12;-4.24;40.28
32737;18;-4.16;40.28
32738;18;-4.13;40.28
32740;13;-4.08;40.28
32741;5;-3.89;40.28
32742;5;-3.60;40.28
32746;12;-2.90;40.28
32747;15;-2.86;40.28
32748;11;-2.85;40.28
32749;8;-2.75;40.33
32750;11;-2.05;40.28
32751;4;-1.95;40.28
32752;8;-1.94;40.28
32753;4;-1.90;40.28
32754;7;-1.74;40.28
32755;7;-1.65;40.28
32756;2;-1.64;40.28
32757;4;-0.60;40.28
32758;4;-0.53;40.28
32759;5;-0.51;40.28
32760;11;-0.10;40.28
32763;3;-1.35;40.31
32765;7;-5.53;40.29
32766;7;-2.86;40.29
32767;8;-0.05;40.28
32768;11;-6.50;40.30
32770;5;-3.92;40.28
32771;9;-3.49;40.28
32772;4;-3.45;40.28
32774;7;0.10;40.28
32775;7;-6.52;40.27
32776;5;-5.70;40.29
32777;8;-5.68;40.28
32778;11;-5.63;40.30
32779;15;-5.61;40.27
32780;2;-5.40;40.28
32785;7;-2.03;40.27
32787;7;-0.69;40.27
32788;5;-0.68;40.27
32789;4;-0.55;40.27
32790;2;-0.32;40.28
32791;3;-0.24;40.27
32792;3;-0.07;40.27
32793;8;-0.02;40.27
32795;11;-6.59;40.27
32796;6;-6.48;40.27
32797;6;-6.44;40.27
32798;14;-6.40;40.27
32799;16;-6.35;40.32
32800;14;-6.36;40.27
32801;4;-6.08;40.27
32803;8;-5.73;40.27
32805;7;-5.63;40.27
32806;7;-5.59;40.27
32807;4;-5.48;40.27
32809;3;-5.43;40.27
32810;5;-5.36;40.27
32811;2;-5.35;40.27
32812;6;-5.33;40.27
32813;8;-5.11;40.27
32814;8;-5.07;40.27
32815;8;-5.01;40.27
32816;8;-4.93;40.27
32818;7;-4.50;40.27
32819;5;-3.84;40.27
32825;11;-2.86;40.27
32827;2;-2.06;40.27
32828;11;-2.02;40.27
32829;2;-1.65;40.27
32830;2;-1.62;40.27
32831;4;-1.56;40.27
32832;7;-1.06;40.27
32834;7;-0.49;40.27
32839;3;-0.10;40.27
32840;8;0.00;40.27
32842;11;-2.80;40.30
32843;8;-5.75;40.28
32844;11;0.15;40.30
32845;15;-5.91;40.29
32846;4;-1.83;40.28
32847;2;-0.39;40.28
32848;4;-3.72;40.28
32850;3;-2.25;40.27
32851;7;-1.81;40.28
32852;5;-0.27;40.27
32853;5;-0.16;40.27
32854;4;0.03;40.27
32856;15;0.09;40.27
32857;2;-6.67;40.27
32858;6;-6.62;40.27
32859;4;-6.12;40.27
32861;8;-4.97;40.26
32864;5;-3.61;40.26
32865;13;-3.59;40.27
32866;7;-2.84;40.27
32867;4;-1.93;40.28
32868;7;-1.69;40.27
32871;7;-6.53;40.26
32872;11;-6.34;40.26
32873;12;-6.26;40.26
32874;7;-6.22;40.26
32875;7;-6.15;40.27
32876;7;-5.96;40.26
32878;5;-5.70;40.26
32879;2;-5.64;40.26
32880;2;-5.58;40.27
32881;10;-5.56;40.26
32883;6;-5.40;40.26
32884;4;-5.36;40.26
32886;3;-5.32;40.26
32888;3;-5.07;40.26
32889;8;-5.02;40.26
32890;12;-4.98;40.26
32891;14;-4.95;40.26
32895;5;-4.05;40.26
32898;5;-3.64;40.26
32901;7;-2.78;40.26
32902;13;-2.02;40.26
32904;2;-1.81;40.26
32905;7;-1.80;40.26
32906;7;-1.72;40.26
32907;2;-1.67;40.26
32908;3;-1.62;40.26
32909;4;-1.57;40.26
32912;3;-0.70;40.26
32913;7;-0.40;40.26
32914;5;-0.38;40.26
32915;3;-0.37;40.26
32916;3;-0.32;40.26
32917;5;-0.31;40.26
32918;7;-0.30;40.26
32920;11;-0.13;40.26
32921;3;-0.12;40.26
32922;11;-0.10;40.26
32923;3;-0.09;40.26
32924;11;-0.07;40.31
32926;6;0.02;40.26
32927;4;0.06;40.26
32929;7;0.16;40.26
32930;12;-2.93;40.30
32931;4;-0.48;40.29
32932;6;-6.56;40.26
32933;7;-5.16;40.26
32934;14;-6.59;40.26
32935;7;-6.35;40.25
32936;12;-6.29;40.26
32937;5;-5.73;40.25
32938;6;-5.67;40.26
32939;12;-5.10;40.25
32940;8;-4.89;40.26
32943;5;-3.83;40.25
32945;3;-2.06;40.26
32946;2;-1.64;40.25
32947;7;-1.20;40.25
32948;4;-0.56;40.25
32949;11;-0.28;40.26
32951;10;-6.58;40.25
32953;11;-6.41;40.25
32955;11;-6.31;40.25
32956;12;-6.22;40.25
32957;12;-6.14;40.25
32958;7;-6.08;40.30
32959;9;-6.08;40.25
32960;12;-6.07;40.25
32961;16;-6.05;40.25
32962;15;-5.93;40.25
32963;8;-5.81;40.25
32964;10;-5.52;40.26
32965;14;-5.51;40.25
32966;4;-5.49;40.25
32967;16;-5.42;40.25
32969;5;-5.27;40.25
32970;2;-5.26;40.25
32973;12;-5.00;40.25
32974;8;-4.93;40.25
32980;5;-3.59;40.25
32982;9;-3.48;40.25
32985;7;-2.83;40.25
32986;8;-2.80;40.25
32987;9;-2.03;40.25
32988;4;-2.00;40.25
32989;13;-1.99;40.25
32990;8;-1.93;40.25
32991;7;-1.81;40.25
32992;3;-1.80;40.25
32994;3;-0.69;40.25
32995;4;-0.60;40.25
32996;3;-0.25;40.25
32999;8;-0.02;40.25
33000;11;0.07;40.25
33001;7;0.08;40.25
33002;11;0.12;40.26
33005;5;-5.76;40.30
33006;5;-3.69;40.26
33007;2;-0.62;40.29
33008;6;-5.61;40.25
33009;5;-3.88;40.25
33010;7;-0.48;40.25
33011;5;-0.41;40.25
33013;3;-5.76;40.25
33015;2;-5.30;40.26
33016;5;-5.21;40.25
33017;8;-5.04;40.25
33018;17;-4.96;40.25
33019;5;-3.96;40.25
33021;4;-0.42;40.25
33022;3;-0.39;40.25
33023;5;-0.30;40.25
33024;3;-0.28;40.25
33025;8;-0.07;40.25
33026;10;-0.02;40.27
33029;14;-6.57;40.24
33030;7;-6.52;40.24
33031;7;-6.22;40.24
33035;6;-5.87;40.24
33036;8;-5.83;40.24
33037;8;-5.80;40.24
33038;5;-5.75;40.24
33039;2;-5.69;40.24
33040;3;-5.67;40.24
33041;2;-5.62;40.25
33042;2;-5.59;40.24
33043;14;-5.48;40.25
33044;2;-5.33;40.24
33045;5;-5.26;40.24
33046;2;-5.25;40.24
33048;9;-5.17;40.24
33050;7;-5.13;40.24
33051;11;-4.99;40.24
33052;11;-4.95;40.24
33053;13;-4.94;40.24
33054;10;-4.91;40.26
33056;5;-3.66;40.24
33059;16;-2.89;40.24
33060;12;-2.88;40.24
33063;3;-1.81;40.24
33064;7;-1.80;40.24
33065;4;-1.58;40.24
33067;3;-0.74;40.24
33068;2;-0.68;40.24
33070;4;-0.59;40.24
33072;2;-0.43;40.24
33073;7;-0.29;40.24
33076;4;-0.11;40.24
33077;4;-0.07;40.24
33078;8;-0.03;40.24
33080;8;0.00;40.24
33082;4;-2.08;40.27
33083;7;-0.73;40.26
33084;4;-1.87;40.25
33085;10;-6.62;40.25
33086;7;-4.36;40.25
33087;10;-5.88;40.25
33088;5;-5.34;40.25
33090;7;-1.63;40.26
33091;7;-0.53;40.24
33092;8;0.04;40.24
33094;13;-6.39;40.25
33096;5;-5.81;40.24
33097;2;-5.73;40.24
33098;10;-5.51;40.24
33099;4;-5.44;40.25
33100;4;-5.41;40.24
33101;12;-5.37;40.25
33102;6;-5.32;40.24
33103;12;-4.49;40.26
33104;7;-4.45;40.25
33105;9;-4.18;40.24
33106;10;-3.93;40.24
33107;4;-1.50;40.27
33108;4;-1.15;40.32
33109;5;-0.55;40.25
33110;3;-0.31;40.24
33111;7;0.07;40.24
33114;6;-6.63;40.23
33116;6;-6.59;40.23
33117;10;-6.56;40.24
33118;11;-6.45;40.23
33119;11;-6.41;40.23
33121;12;-6.16;40.23
33123;6;-5.69;40.23
33124;7;-5.67;40.23
33125;4;-5.62;40.23
33126;2;-5.61;40.23
33127;16;-5.38;40.23
33128;5;-5.25;40.23
33129;16;-5.04;40.23
33130;16;-5.01;40.23
33131;21;-4.97;40.23
33132;17;-4.95;40.23
33133;11;-4.93;40.23
33134;3;-4.49;40.23
33138;5;-4.05;40.23
33139;5;-4.00;40.23
33140;5;-3.64;40.23
33141;5;-3.60;40.23
33142;4;-2.00;40.23
33143;4;-1.56;40.23
33144;4;-1.45;40.23
33145;3;-0.70;40.23
33148;4;-0.43;40.23
33149;7;-0.40;40.23
33150;3;-0.34;40.23
33151;5;-0.32;40.23
33152;5;-0.28;40.23
33153;13;-0.26;40.23
33154;8;-0.04;40.23
33155;10;-0.02;40.23
33156;3;0.09;40.23
33157;3;-5.18;40.24
33159;13;-4.14;40.25
33160;7;-6.46;40.25
33161;10;-5.64;40.24
33162;7;-2.06;40.24
33163;6;-6.72;40.26
33164;11;-6.50;40.25
33165;9;-6.13;40.24
33166;12;-5.90;40.23
33167;16;-5.55;40.23
33168;8;-5.09;40.24
33170;5;-0.50;40.24
33171;14;-6.18;40.23
33172;7;-5.94;40.23
33173;15;-5.00;40.23
33174;7;-4.98;40.23
33175;7;-4.32;40.23
33176;4;-2.18;40.23
33177;6;-1.96;40.26
33179;7;-0.55;40.23
33180;7;-0.37;40.23
33183;7;-6.52;40.22
33184;7;-6.35;40.22
33185;7;-6.27;40.22
33186;7;-6.19;40.22
33187;9;-6.16;40.22
33188;12;-5.92;40.22
33189;10;-5.90;40.22
33190;8;-5.82;40.22
33191;4;-5.70;40.22
33192;7;-5.69;40.22
33193;4;-5.58;40.24
33195;12;-5.57;40.22
33196;16;-5.49;40.22
33199;19;-5.01;40.22
33200;19;-4.96;40.22
33201;13;-4.93;40.22
33205;5;-3.96;40.22
33206;9;-3.52;40.22
33207;9;-3.48;40.22
33211;4;-2.09;40.22
33213;4;-2.07;40.22
33214;4;-1.96;40.22
33215;4;-1.94;40.22
33216;9;-1.90;40.22
33217;7;-1.67;40.22
33218;4;-1.44;40.22
33219;4;-0.75;40.22
33220;4;-0.56;40.22
33222;5;-0.31;40.22
33223;9;-0.26;40.22
33225;8;-0.14;40.24
33226;6;0.00;40.22
33229;6;-5.83;40.26
33230;12;-6.09;40.22
33231;16;-5.44;40.23
33232;12;-2.89;40.22
33233;4;-0.61;40.22
33234;14;-6.54;40.22
33235;2;-5.78;40.22
33237;9;-5.30;40.22
33238;21;-4.94;40.22
33239;8;-4.47;40.22
33240;7;-1.59;40.22
33241;4;-1.48;40.22
33243;2;-0.66;40.22
33244;2;-0.58;40.22
33245;3;-0.53;40.22
33246;3;-0.49;40.22
33247;3;-0.35;40.22
33248;3;-0.24;40.22
33251;7;-6.51;40.21
33253;9;-6.20;40.21
33255;3;-5.82;40.21
33256;4;-5.62;40.21
33257;10;-5.60;40.21
33258;4;-5.58;40.21
33259;14;-5.55;40.21
33260;10;-5.39;40.21
33261;15;-5.01;40.21
33262;21;-5.00;40.21
33263;19;-4.98;40.21
33264;21;-4.97;40.21
33265;15;-4.93;40.21
33266;3;-4.92;40.21
33267;7;-4.34;40.21
33269;5;-3.85;40.22
33275;3;-1.90;40.21
33276;7;-1.71;40.21
33277;7;-1.65;40.21
33278;7;-1.63;40.21
33281;7;-0.54;40.21
33282;7;-0.50;40.21
33284;4;-0.47;40.21
33285;5;-0.26;40.21
33286;9;-0.25;40.21
33287;11;-0.22;40.25
33289;6;-2.02;40.23
33290;4;-3.77;40.25
33291;8;-4.51;40.22
33292;5;-3.06;40.25
33294;10;-5.92;40.22
33295;14;-5.38;40.22
33296;13;-3.64;40.25
33297;8;-2.96;40.26
33298;8;-2.87;40.23
33299;8;-1.97;40.22
33300;7;-1.69;40.22
33301;2;-0.44;40.22
33302;12;-5.10;40.21
33304;23;-3.94;40.25
33305;5;-3.68;40.21
33306;8;-3.13;40.22
33307;3;-0.32;40.21
33308;4;0.01;40.21
33309;8;-5.87;40.22
33310;16;-5.52;40.21
33311;7;-4.95;40.21
33312;5;-4.00;40.21
33313;8;-3.17;40.27
33314;7;-2.69;40.22
33315;2;-2.09;40.21
33316;4;-2.08;40.21
33317;4;-1.57;40.21
33318;2;-0.71;40.22
33322;11;-6.52;40.21
33323;11;-6.35;40.23
33324;11;-6.33;40.20
33325;7;-6.18;40.20
33326;14;-6.16;40.20
33327;7;-6.13;40.20
33328;16;-6.02;40.20
33329;15;-5.94;40.20
33330;8;-5.85;40.21
33331;10;-5.63;40.20
33332;12;-5.57;40.20
33333;16;-5.56;40.20
33334;14;-5.49;40.20
33335;16;-5.42;40.20
33336;9;-5.00;40.20
33339;9;-4.10;40.23
33341;5;-3.89;40.20
33342;5;-3.83;40.20
33344;8;-3.78;40.20
33345;9;-3.55;40.25
33346;13;-3.50;40.20
33347;8;-3.46;40.20
33350;4;-2.89;40.20
33351;8;-2.05;40.20
33352;8;-2.01;40.20
33353;6;-1.94;40.21
33354;7;-1.81;40.20
33355;7;-1.64;40.20
33356;2;-1.63;40.20
33360;2;-0.47;40.20
33361;7;-0.40;40.20
33362;9;-0.24;40.20
33363;3;-0.23;40.20
33364;4;-0.09;40.20
33365;7;0.07;40.20
33366;3;0.08;40.20
33367;4;0.28;40.36
33368;3;-4.83;40.25
33369;7;-1.75;40.22
33370;16;-5.36;40.21
33372;11;-6.48;40.21
33374;15;-4.97;40.20
33377;7;-6.22;40.20
33378;5;-5.82;40.20
33379;4;-5.73;40.20
33381;14;-5.40;40.20
33382;16;-5.02;40.20
33384;7;-1.88;40.20
33385;3;-1.23;40.23
33386;4;-0.57;40.20
33389;7;-6.52;40.20
33391;3;-6.38;40.20
33392;7;-6.37;40.20
33395;12;-6.20;40.20
33396;14;-6.18;40.20
33397;14;-6.15;40.20
33398;16;-6.05;40.20
33399;10;-5.94;40.20
33400;10;-5.92;40.20
33401;6;-5.87;40.20
33402;4;-5.71;40.20
33403;10;-5.62;40.20
33404;16;-5.40;40.20
33406;12;-5.05;40.23
33407;12;-5.01;40.20
33408;19;-5.00;40.20
33409;8;-4.49;40.20
33410;8;-4.45;40.20
33411;16;-4.35;40.20
33413;5;-3.97;40.20
33414;18;-3.96;40.20
33415;5;-3.74;40.20
33416;5;-3.71;40.20
33417;8;-3.34;40.20
33418;4;-3.30;40.20
33419;4;-3.27;40.20
33420;3;-2.89;40.20
33422;4;-2.06;40.20
33423;6;-1.97;40.20
33424;8;-1.95;40.20
33425;7;-1.78;40.20
33426;2;-1.68;40.20
33427;3;-1.67;40.20
33428;7;-1.65;40.20
33429;2;-1.64;40.20
33431;7;-0.37;40.20
33434;7;-0.31;40.20
33435;3;-0.30;40.20
33436;9;-0.27;40.20
33438;3;-6.73;40.23
33439;8;-4.90;40.21
33440;4;-1.53;40.20
33441;5;-0.37;40.22
33442;10;-5.58;40.20
33447;6;-6.55;40.19
33448;7;-6.26;40.19
33449;9;-4.21;40.24
33450;8;-3.64;40.19
33451;4;-2.10;40.19
33452;3;-1.37;40.22
33454;4;-0.05;40.21
33455;7;-6.72;40.19
33457;7;-6.70;40.19
33459;3;-6.53;40.19
33461;3;-6.45;40.19
33462;7;-6.44;40.19
33463;3;-6.40;40.19
33464;11;-6.37;40.19
33465;7;-6.15;40.19
33466;9;-6.14;40.19
33467;12;-6.07;40.19
33468;7;-5.99;40.19
33469;14;-5.97;40.19
33470;7;-5.95;40.19
33471;12;-5.88;40.19
33472;8;-5.87;40.19
33473;5;-5.86;40.19
33474;3;-5.84;40.19
33475;12;-5.60;40.19
33476;12;-5.44;40.19
33477;10;-5.38;40.19
33478;16;-5.37;40.19
33479;14;-5.36;40.19
33480;11;-5.14;40.19
33481;7;-5.02;40.19
33482;19;-4.97;40.19
33483;12;-4.75;40.19
33485;19;-4.43;40.19
33486;17;-4.42;40.19
33487;23;-4.41;40.19
33488;17;-4.40;40.19
33489;23;-4.32;40.19
33490;5;-4.04;40.19
33491;5;-3.89;40.19
33492;5;-3.86;40.19
33493;5;-3.80;40.19
33494;5;-3.78;40.19
33496;5;-3.11;40.19
33497;2;-2.07;40.20
33498;4;-2.05;40.19
33499;7;-1.93;40.19
33502;5;-1.30;40.19
33504;2;-0.56;40.19
33506;3;-0.41;40.19
33509;4;0.19;40.19
33510;6;-6.63;40.21
33511;4;-0.77;40.21
33512;12;-4.35;40.25
33513;12;-6.14;40.20
33516;2;-1.96;40.53
33518;7;-6.40;40.19
33519;12;-5.91;40.19
33520;9;-5.68;40.19
33521;8;-3.31;40.19
33522;4;-0.13;40.21
33523;17;-5.94;40.18
33524;10;-5.89;40.18
33525;6;-5.72;40.19
33526;7;-5.65;40.19
33527;5;-4.08;40.18
33529;4;-3.53;40.18
33531;4;-2.74;40.26
33532;4;-1.95;40.18
33533;4;-1.83;40.20
33534;2;-0.43;40.18
33535;7;-0.35;40.18
33536;3;-0.32;40.18
33537;4;-6.88;40.18
33538;7;-6.73;40.18
33540;10;-6.59;40.21
33541;14;-6.56;40.18
33542;10;-6.54;40.18
33543;7;-6.49;40.18
33544;3;-6.48;40.18
33545;8;-6.44;40.18
33546;3;-6.38;40.18
33549;14;-6.15;40.18
33550;3;-5.87;40.18
33551;4;-5.77;40.18
33553;10;-5.59;40.18
33554;12;-5.58;40.18
33555;9;-5.35;40.18
33556;11;-5.16;40.18
33557;18;-4.97;40.18
33558;7;-4.66;40.18
33559;9;-4.61;40.18
33561;9;-4.59;40.18
33562;17;-4.43;40.18
33563;5;-4.41;40.18
33564;23;-4.37;40.18
33565;5;-4.37;40.18
33566;17;-4.36;40.18
33567;9;-4.28;40.18
33570;5;-3.71;40.18
33573;4;-3.29;40.18
33574;4;-2.01;40.18
33575;7;-1.88;40.18
33576;3;-1.87;40.18
33577;4;-1.78;40.18
33578;4;-1.74;40.18
33579;5;-1.63;40.18
33580;5;-1.58;40.18
33581;4;-1.49;40.18
33583;5;-1.29;40.18
33585;2;-0.70;40.18
33586;7;-0.69;40.18
33587;3;-0.67;40.18
33588;4;-0.65;40.21
33589;7;-0.41;40.18
33590;3;-0.40;40.18
33591;7;-0.38;40.18
33592;3;-0.36;40.18
33593;4;-0.25;40.18
33594;3;-0.22;40.18
33597;18;-6.03;40.21
33598;12;-5.98;40.24
33599;12;-6.24;40.21
33600;16;-5.56;40.18
33602;3;-2.69;40.18
33603;7;0.13;40.21
33604;12;-5.09;40.18
33607;3;-6.75;40.17
33608;12;-6.70;40.17
33609;14;-6.09;40.20
33611;4;-5.51;40.21
33612;11;-5.36;40.17
33613;23;-4.30;40.17
33614;5;-3.97;40.17
33615;8;-3.34;40.17
33616;7;-1.56;40.17
33618;4;-1.40;40.17
33620;4;-0.12;40.17
33621;2;-6.94;40.17
33622;8;-6.75;40.17
33624;3;-6.57;40.17
33625;7;-6.55;40.17
33626;3;-6.53;40.17
33627;8;-6.45;40.17
33628;12;-6.19;40.17
33629;12;-6.15;40.17
33630;12;-6.08;40.17
33631;14;-5.96;40.17
33632;12;-5.94;40.17
33633;10;-5.92;40.17
33634;5;-5.82;40.17
33635;2;-5.77;40.19
33636;8;-5.69;40.17
33637;13;-5.67;40.17
33638;11;-5.65;40.17
33639;13;-5.63;40.17
33640;10;-5.61;40.17
33641;13;-5.59;40.17
33642;16;-5.58;40.17
33643;9;-5.33;40.17
33644;18;-4.98;40.17
33645;3;-4.78;40.17
33646;19;-4.40;40.17
33647;17;-4.38;40.17
33648;21;-4.37;40.17
33649;17;-4.33;40.18
33650;5;-4.31;40.17
33651;8;-4.29;40.17
33652;9;-4.18;40.17
33653;5;-3.90;40.17
33654;5;-3.74;40.17
33656;8;-3.30;40.17
33658;7;-1.91;40.17
33659;4;-1.86;40.17
33661;5;-1.62;40.17
33662;5;-1.59;40.17
33664;5;-1.57;40.17
33665;4;-1.53;40.17
33667;11;-0.62;40.17
33668;4;-0.57;40.17
33669;6;-0.56;40.17
33671;7;-0.24;40.19
33673;4;0.00;40.17
33675;8;-3.69;40.17
33676;2;-6.91;40.17
33678;12;-4.69;40.17
33679;7;-4.67;40.25
33680;5;-3.05;40.17
33681;3;-0.72;40.17
33682;6;-0.64;40.17
33683;7;-5.89;40.17
33684;17;-4.41;40.16
33686;2;-2.09;40.16
33687;7;-0.75;40.17
33688;7;-0.70;40.16
33689;2;-0.67;40.17
33690;8;-0.57;40.16
33692;2;-6.89;40.16
33693;12;-6.72;40.16
33694;7;-6.63;40.16
33695;9;-6.58;40.16
33697;5;-6.52;40.16
33698;7;-6.32;40.19
33699;16;-6.19;40.16
33700;7;-6.14;40.16
33701;12;-6.02;40.16
33702;14;-5.94;40.16
33703;9;-5.93;40.16
33704;12;-5.91;40.16
33705;12;-5.88;40.16
33706;5;-5.81;40.16
33707;4;-5.65;40.16
33708;10;-5.62;40.16
33709;7;-5.59;40.16
33710;14;-5.46;40.16
33711;9;-5.45;40.16
33713;4;-5.00;40.16
33714;18;-4.99;40.16
33717;5;-4.60;40.16
33718;13;-4.44;40.16
33719;19;-4.43;40.16
33720;13;-4.40;40.16
33721;13;-4.34;40.16
33722;13;-4.29;40.16
33723;18;-4.14;40.16
33724;8;-3.33;40.16
33725;4;-3.23;40.16
33726;4;-2.88;40.16
33727;4;-2.05;40.16
33728;4;-2.02;40.16
33730;4;-1.87;40.16
33733;6;-1.51;40.16
33735;5;-1.24;40.17
33736;3;-0.74;40.16
33739;7;-1.61;40.18
33740;16;-5.03;40.18
33741;3;-2.82;40.17
33742;10;-5.56;40.16
33743;14;-5.47;40.18
33744;4;-2.07;40.17
33745;4;-0.16;40.16
33746;12;-6.38;40.16
33748;11;-5.13;40.16
33749;16;-5.09;40.16
33750;19;-4.45;40.16
33751;11;0.12;40.16
33753;3;-6.74;40.16
33754;9;-6.55;40.15
33755;14;-6.00;40.15
33756;16;-5.97;40.16
33757;10;-5.68;40.16
33758;19;-4.31;40.16
33760;5;-3.84;40.16
33761;7;-2.85;40.16
33763;7;-1.63;40.15
33764;7;-1.57;40.15
33766;11;-0.61;40.15
33767;2;-0.42;40.16
33769;7;-6.53;40.15
33770;16;-6.21;40.15
33771;7;-6.16;40.15
33772;9;-6.12;40.15
33773;16;-6.06;40.15
33774;7;-6.02;40.15
33775;16;-6.01;40.15
33776;4;-5.92;40.15
33777;2;-5.82;40.15
33778;9;-5.75;40.15
33779;9;-5.71;40.16
33780;4;-5.68;40.15
33781;8;-5.67;40.15
33783;4;-5.61;40.15
33784;8;-5.59;40.15
33785;5;-4.53;40.15
33786;5;-4.50;40.15
33787;5;-4.39;40.15
33788;17;-4.32;40.15
33789;16;-4.29;40.15
33791;18;-4.17;40.15
33792;5;-3.99;40.15
33793;5;-3.80;40.15
33795;4;-3.35;40.15
33796;8;-3.30;40.15
33799;4;-1.90;40.15
33800;3;-1.62;40.15
33802;5;-1.56;40.15
33806;3;-0.70;40.15
33807;3;-0.66;40.15
33808;11;-0.64;40.15
33809;2;-0.50;40.15
33810;3;-0.36;40.15
33811;7;-0.28;40.15
33813;4;-0.12;40.15
33815;5;-1.31;40.16
33816;2;-6.97;40.15
33817;7;-6.59;40.16
33818;7;-5.41;40.15
33819;19;-4.49;40.15
33820;5;-4.14;40.16
33822;5;-1.58;40.15
33823;4;-0.59;40.15
33824;4;0.05;40.19
33827;19;-4.41;40.15
33828;5;-4.08;40.14
33829;5;-3.92;40.14
33831;4;-1.96;40.15
33832;4;-1.72;40.15
33833;7;-0.71;40.15
33834;7;-0.67;40.15
33837;8;-6.72;40.14
33838;3;-6.71;40.14
33839;3;-6.47;40.14
33841;7;-6.23;40.14
33842;9;-6.21;40.14
33844;9;-5.89;40.14
33845;9;-5.86;40.14
33846;2;-5.84;40.14
33847;4;-5.69;40.14
33848;4;-5.66;40.14
33849;7;-5.54;40.14
33850;10;-5.52;40.14
33851;14;-5.49;40.14
33852;9;-5.45;40.14
33855;16;-5.05;40.14
33856;5;-4.59;40.14
33857;5;-4.54;40.14
33858;19;-4.50;40.14
33859;17;-4.49;40.14
33860;5;-4.42;40.14
33861;13;-4.31;40.14
33862;10;-4.29;40.14
33863;5;-4.17;40.14
33865;4;-3.43;40.14
33866;4;-3.28;40.14
33867;5;-3.10;40.14
33868;4;-2.87;40.14
33870;3;-2.83;40.14
33872;3;-1.60;40.14
33874;7;-1.38;40.14
33875;10;-1.33;40.14
33877;5;-1.26;40.14
33878;3;-1.20;40.14
33881;11;-0.62;40.14
33882;9;-0.61;40.14
33883;9;-0.54;40.14
33884;5;-0.41;40.14
33885;13;-0.40;40.14
33886;4;-0.25;40.14
33887;13;-0.23;40.14
33889;4;-0.15;40.14
33890;7;0.08;40.14
33891;11;0.13;40.14
33892;3;-1.02;40.21
33893;3;-6.64;40.16
33895;4;-3.25;40.15
33897;3;-5.80;40.15
33898;11;-5.43;40.16
33899;8;-1.34;40.14
33900;6;-0.56;40.14
33901;4;-0.07;40.15
33903;13;-6.02;40.14
33904;5;-5.82;40.14
33905;12;-5.48;40.15
33906;13;-4.43;40.15
33907;17;-4.38;40.14
33908;9;-4.18;40.14
33910;3;-1.36;40.14
33911;7;-0.63;40.15
33912;7;-0.50;40.14
33913;9;-6.53;40.13
33916;4;-6.03;40.13
33917;4;-6.01;40.13
33918;11;-6.00;40.13
33919;13;-5.99;40.13
33921;4;-5.90;40.13
33922;9;-5.88;40.13
33925;7;-5.43;40.13
33926;9;-5.12;40.13
33927;14;-4.95;40.16
33928;17;-4.50;40.13
33929;19;-4.49;40.13
33930;5;-4.41;40.13
33931;17;-4.32;40.13
33932;10;-4.31;40.13
33933;5;-4.04;40.13
33934;5;-3.96;40.13
33935;5;-3.90;40.13
33939;4;-1.79;40.13
33940;6;-1.62;40.13
33942;3;-1.33;40.13
33945;11;-0.60;40.13
33946;8;-0.59;40.13
33947;11;-0.54;40.13
33949;13;-0.41;40.13
33950;3;-0.35;40.13
33951;7;-0.26;40.13
33952;7;-0.19;40.13
33953;3;-0.15;40.13
33954;8;-0.03;40.14
33957;11;0.16;40.13
33958;4;-0.48;40.17
33959;11;-5.56;40.14
33960;9;-5.33;40.14
33961;9;-5.27;40.14
33962;7;-1.41;40.14
33963;3;-2.90;40.15
33964;6;-1.51;40.13
33965;4;0.03;40.13
33966;7;-6.62;40.13
33968;8;-5.67;40.13
33969;4;-5.63;40.13
33970;4;-5.59;40.13
33971;7;-5.52;40.13
33972;5;-3.85;40.13
33973;8;-3.30;40.13
33974;7;-2.81;40.15
33975;2;-1.80;40.13
33976;4;-1.68;40.16
33977;11;-0.63;40.13
33978;9;-0.62;40.13
33979;7;-0.48;40.13
33980;7;-0.28;40.13
33981;7;-0.22;40.13
33982;4;-0.12;40.13
33983;2;-6.95;40.12
33984;3;-6.65;40.12
33985;9;-6.63;40.12
33986;7;-6.27;40.12
33987;9;-6.22;40.12
33988;7;-6.05;40.12
33990;11;-5.74;40.12
33993;8;-5.58;40.12
33994;14;-5.47;40.12
33995;9;-5.44;40.12
33997;9;-5.13;40.12
33999;17;-4.44;40.12
34000;21;-4.37;40.12
34001;5;-4.19;40.12
34002;5;-4.17;40.12
34003;5;-4.08;40.12
34004;5;-3.97;40.12
34007;8;-3.33;40.12
34008;5;-3.20;40.12
34016;4;-0.89;40.12
34018;9;-0.64;40.12
34019;7;-0.61;40.12
34021;4;-0.42;40.12
34022;3;-0.34;40.12
34023;13;-0.31;40.12
34024;11;-0.19;40.12
34025;4;0.00;40.12
34026;4;0.02;40.12
34028;9;-3.88;40.16
34029;7;-2.95;40.16
34030;19;-4.35;40.14
34031;9;-3.17;40.15
34032;4;-1.54;40.13
34033;2;-6.91;40.13
34034;5;-3.75;40.13
34035;13;-3.06;40.16
34036;4;-2.01;40.13
34038;8;-6.80;40.12
34039;5;-6.75;40.13
34040;4;-5.99;40.12
34041;9;-5.91;40.12
34042;6;-5.86;40.12
34043;4;-5.68;40.12
34044;7;-5.18;40.12
34045;17;-4.48;40.16
34046;5;-3.80;40.12
34047;13;-3.76;40.12
34048;4;-3.51;40.17
34049;4;-1.97;40.12
34051;3;-1.39;40.14
34052;10;-1.34;40.12
34053;5;-1.30;40.12
34054;8;-0.57;40.12
34057;3;-6.72;40.11
34059;4;-6.01;40.11
34060;4;-5.83;40.11
34061;8;-5.69;40.11
34063;4;-5.58;40.11
34065;6;-5.45;40.11
34066;4;-5.26;40.11
34067;3;-4.68;40.12
34068;18;-4.11;40.15
34069;5;-4.12;40.11
34070;5;-3.93;40.11
34071;13;-3.79;40.11
34072;5;-3.78;40.11
34073;13;-3.76;40.16
34074;8;-3.55;40.11
34076;4;-3.51;40.11
34077;4;-3.35;40.11
34079;8;-3.26;40.12
34081;13;-3.18;40.11
34082;5;-3.08;40.11
34084;4;-2.14;40.13
34086;4;-1.70;40.11
34087;4;-1.62;40.11
34088;4;-1.59;40.11
34090;3;-1.52;40.11
34091;3;-1.50;40.11
34093;7;-1.37;40.12
34096;4;-0.94;40.11
34097;4;-0.86;40.11
34098;5;-0.66;40.12
34099;4;-0.64;40.11
34100;9;-0.63;40.11
34101;4;-0.60;40.11
34102;7;-0.53;40.11
34103;13;-0.32;40.11
34106;8;-0.07;40.11
34107;8;0.06;40.11
34108;7;-5.15;40.14
34109;4;-1.46;40.15
34110;19;-4.51;40.12
34111;5;-1.25;40.12
34112;12;-6.41;40.12
34113;5;-4.56;40.12
34114;4;-0.10;40.11
34115;9;-6.24;40.11
34118;4;-5.60;40.11
34120;11;-5.39;40.13
34121;5;-4.53;40.11
34122;13;-4.46;40.11
34123;19;-4.42;40.12
34124;23;-4.38;40.11
34125;14;-1.34;40.11
34126;15;-0.30;40.11
34127;7;-0.19;40.11
34128;3;-0.13;40.11
34129;7;0.07;40.11
34130;3;-6.73;40.10
34132;4;-5.84;40.10
34133;11;-5.74;40.10
34135;4;-5.69;40.10
34136;8;-5.58;40.10
34138;7;-5.48;40.10
34139;9;-5.29;40.10
34142;17;-4.50;40.10
34143;19;-4.49;40.10
34144;5;-4.41;40.10
34145;16;-4.31;40.12
34146;14;-4.29;40.10
34147;5;-4.20;40.10
34148;5;-4.16;40.10
34150;5;-3.90;40.10
34151;5;-3.86;40.10
34153;4;-3.79;40.10
34154;13;-3.57;40.10
34155;7;-3.46;40.10
34158;7;-3.18;40.10
34160;4;-2.10;40.10
34161;3;-2.06;40.10
34162;3;-2.03;40.10
34163;7;-1.97;40.10
34165;5;-1.64;40.10
34166;4;-1.55;40.10
34168;3;-1.42;40.10
34169;9;-1.39;40.10
34170;3;-1.37;40.10
34171;9;-1.36;40.10
34172;7;-1.30;40.12
34174;7;-0.89;40.10
34176;7;-0.66;40.10
34177;11;-0.64;40.10
34178;4;-0.45;40.10
34179;15;-0.34;40.10
34180;11;-0.18;40.10
34181;7;-0.17;40.10
34182;4;-0.06;40.10
34183;4;0.03;40.10
34184;11;0.08;40.10
34185;3;-0.72;40.12
34186;9;-5.20;40.13
34187;4;-2.88;40.11
34188;5;-0.39;40.12
34189;9;-6.59;40.12
34190;11;-5.97;40.12
34191;14;-4.96;40.10
34192;8;-4.71;40.15
34193;5;-4.61;40.10
34196;8;-6.70;40.13
34197;7;-6.05;40.10
34198;4;-5.30;40.11
34199;17;-5.10;40.10
34200;5;-4.48;40.10
34201;9;-4.28;40.10
34203;5;-3.48;40.10
34205;7;-3.37;40.10
34206;11;-2.94;40.10
34207;7;-1.70;40.10
34209;6;-0.60;40.11
34210;11;-0.40;40.10
34211;11;-0.30;40.15
34213;4;0.06;40.10
34214;2;-6.90;40.10
34216;4;-6.08;40.10
34217;4;-5.98;40.10
34218;11;-5.71;40.12
34220;4;-5.58;40.10
34221;7;-5.46;40.10
34222;4;-5.42;40.10
34223;7;-5.25;40.11
34224;7;-5.18;40.10
34225;7;-5.16;40.10
34226;12;-5.13;40.10
34227;2;-4.82;40.10
34229;5;-4.54;40.10
34230;3;-4.53;40.10
34231;5;-4.44;40.10
34233;4;-3.78;40.10
34235;4;-2.07;40.10
34236;4;-1.91;40.10
34237;7;-1.72;40.10
34238;7;-1.62;40.10
34240;3;-1.48;40.10
34241;7;-1.46;40.10
34242;13;-1.45;40.10
34243;16;-1.43;40.10
34244;7;-1.41;40.10
34245;18;-1.39;40.10
34246;7;-1.38;40.10
34247;18;-1.37;40.10
34248;15;-1.36;40.10
34249;12;-1.34;40.10
34250;3;-1.32;40.10
34251;3;-1.26;40.10
34252;8;-1.25;40.10
34254;4;-0.96;40.10
34255;7;-0.86;40.10
34256;8;-0.63;40.10
34257;8;-0.57;40.10
34258;11;-0.37;40.10
34259;5;-0.36;40.10
34260;13;-0.28;40.10
34261;11;-0.19;40.10
34262;8;-0.10;40.10
34263;7;-5.55;40.10
34264;4;-6.83;40.14
34265;16;-6.48;40.12
34266;3;-2.47;40.12
34267;7;-1.77;40.11
34268;9;-0.55;40.11
34269;5;-6.62;40.10
34270;16;-6.14;40.11
34271;2;-0.44;40.10
34273;16;-6.04;40.11
34274;8;-5.44;40.10
34275;9;-4.10;40.10
34276;3;-0.90;40.10
34277;5;-0.51;40.11
34278;17;-0.31;40.10
34279;4;-0.12;40.10
34282;8;-5.64;40.11
34283;11;-5.49;40.10
34284;4;-5.44;40.09
34285;7;-5.27;40.17
34287;13;-3.89;40.10
34289;3;-3.33;40.10
34290;4;-3.01;40.09
34291;4;-1.81;40.11
34292;3;-1.66;40.09
34295;17;-0.34;40.09
34296;15;-0.32;40.09
34297;7;-0.20;40.09
34298;3;-0.17;40.09
34299;7;-0.02;40.10
34301;7;0.09;40.10
34302;7;-6.25;40.09
34303;9;-6.01;40.09
34305;7;-5.99;40.09
34306;11;-5.97;40.09
34308;6;-5.82;40.09
34309;7;-5.76;40.13
34310;7;-5.71;40.09
34312;6;-5.42;40.09
34314;9;-5.29;40.09
34315;17;-5.13;40.09
34316;7;-5.07;40.09
34317;9;-5.05;40.09
34318;7;-4.88;40.09
34319;7;-4.67;40.09
34320;7;-4.54;40.09
34321;5;-4.53;40.09
34322;8;-4.49;40.09
34323;5;-4.34;40.09
34326;7;-3.39;40.09
34328;3;-3.36;40.09
34330;4;-2.11;40.09
34333;7;-1.99;40.09
34334;7;-1.96;40.09
34335;4;-1.88;40.09
34337;7;-1.68;40.09
34339;3;-1.61;40.09
34340;7;-1.59;40.09
34341;3;-1.53;40.09
34343;16;-1.46;40.09
34344;6;-1.45;40.09
34345;18;-1.42;40.09
34346;7;-1.39;40.09
34347;18;-1.38;40.09
34348;7;-1.37;40.09
34349;4;-1.36;40.09
34352;3;-0.86;40.09
34353;4;-0.78;40.09
34354;3;-0.61;40.09
34355;6;-0.57;40.09
34356;2;-0.48;40.09
34358;5;-0.40;40.09
34359;11;-0.38;40.09
34360;3;-0.37;40.09
34361;11;-0.36;40.09
34362;7;-0.35;40.09
34363;13;-0.29;40.09
34364;11;-0.25;40.10
34365;7;-0.15;40.11
34367;8;0.06;40.09
34368;5;4.08;40.09
34369;9;4.09;40.09
34370;3;-4.57;40.15
34371;12;-6.16;40.13
34372;9;-5.83;40.10
34373;13;-6.10;40.12
34374;21;-4.45;40.09
34375;5;-3.87;40.09
34376;11;-0.05;40.10
34377;11;0.09;40.11
34378;16;-6.29;40.12
34379;18;-6.04;40.09
34380;4;-5.51;40.08
34381;14;-5.10;40.08
34382;7;-4.64;40.08
34383;7;-4.57;40.08
34386;7;-3.17;40.08
34388;3;-2.05;40.08
34389;14;-1.34;40.09
34391;7;-0.59;40.08
34392;11;-0.01;40.08
34393;7;0.01;40.09
34394;9;-6.40;40.08
34395;13;-6.37;40.08
34396;15;-6.08;40.08
34397;13;-6.07;40.08
34398;9;-6.02;40.08
34399;9;-5.95;40.08
34400;9;-5.92;40.08
34401;6;-5.89;40.08
34402;4;-5.82;40.08
34404;8;-5.76;40.08
34406;9;-5.26;40.08
34407;19;-5.25;40.08
34408;17;-5.24;40.08
34409;5;-5.08;40.08
34410;11;-4.89;40.08
34412;9;-4.61;40.08
34414;3;-3.39;40.08
34416;3;-3.35;40.08
34421;3;-2.08;40.08
34422;7;-2.07;40.08
34423;2;-1.96;40.08
34424;7;-1.95;40.08
34425;7;-1.80;40.08
34426;3;-1.68;40.08
34427;9;-1.63;40.08
34428;3;-1.59;40.08
34429;5;-1.48;40.08
34430;18;-1.46;40.08
34431;7;-1.38;40.08
34432;12;-1.34;40.08
34433;8;-1.32;40.08
34435;3;-1.27;40.08
34436;8;-1.26;40.08
34438;3;-0.94;40.08
34440;7;-0.61;40.08
34441;8;-0.52;40.08
34442;8;-0.47;40.08
34443;7;-0.36;40.08
34444;7;-0.17;40.08
34446;4;0.04;40.08
34447;5;-4.79;40.13
34448;8;-3.98;40.09
34449;6;-5.88;40.08
34450;5;-4.13;40.08
34451;5;-3.55;40.09
34453;7;-1.51;40.09
34454;13;-6.72;40.08
34455;19;-5.33;40.08
34456;9;-4.54;40.08
34457;14;-4.28;40.08
34459;4;-1.57;40.08
34460;11;-5.99;40.07
34461;6;-5.44;40.07
34462;17;-5.30;40.07
34463;9;-5.07;40.07
34464;2;-2.00;40.07
34465;7;-1.65;40.07
34466;18;-1.36;40.07
34467;10;-0.38;40.07
34469;11;-6.25;40.07
34470;9;-6.03;40.07
34471;8;-5.81;40.07
34472;4;-5.45;40.07
34473;19;-5.31;40.07
34474;17;-5.23;40.07
34475;14;-5.14;40.07
34476;17;-5.13;40.07
34477;5;-5.10;40.07
34478;7;-5.08;40.07
34479;7;-5.06;40.07
34480;2;-4.63;40.07
34482;3;-4.54;40.07
34483;5;-4.51;40.07
34484;5;-4.45;40.07
34485;5;-4.36;40.07
34489;5;-3.85;40.07
34490;5;-3.83;40.07
34491;8;-3.75;40.07
34493;13;-3.58;40.07
34494;5;-3.54;40.07
34495;5;-3.50;40.07
34496;3;-3.40;40.07
34499;4;-2.13;40.07
34500;3;-2.07;40.07
34501;3;-1.63;40.07
34502;3;-1.61;40.07
34503;7;-1.36;40.07
34504;14;-1.34;40.07
34506;8;-1.27;40.07
34507;3;-0.91;40.07
34508;5;-0.63;40.07
34510;7;-0.55;40.07
34511;8;-0.48;40.07
34512;6;-0.47;40.07
34513;8;-0.45;40.07
34514;2;-0.26;40.07
34515;4;-0.18;40.07
34517;7;-0.05;40.07
34518;4;0.11;40.07
34519;5;-3.91;40.08
34520;7;-0.64;40.07
34521;11;-6.34;40.07
34522;4;-5.78;40.07
34523;4;-5.48;40.07
34524;9;-5.36;40.07
34525;19;-5.26;40.07
34526;19;-5.12;40.07
34527;7;-4.68;40.07
34528;8;-3.72;40.07
34529;4;-1.86;40.07
34530;13;-0.34;40.07
34531;18;-6.19;40.06
34532;20;-6.16;40.07
34533;16;-6.01;40.07
34534;6;-5.97;40.06
34536;4;-5.42;40.07
34537;5;-4.48;40.06
34538;3;-2.03;40.06
34539;3;-1.77;40.06
34540;9;-1.67;40.06
34544;4;-0.66;40.06
34545;6;-0.50;40.07
34546;6;-0.28;40.06
34547;7;-0.02;40.06
34548;3;0.00;40.06
34549;5;4.17;40.06
34550;3;-6.90;40.06
34551;13;-6.66;40.06
34553;7;-6.18;40.06
34554;17;-6.07;40.06
34555;7;-6.02;40.06
34556;8;-5.99;40.06
34557;6;-5.88;40.06
34559;4;-5.51;40.06
34561;12;-5.31;40.06
34562;19;-5.30;40.06
34563;17;-5.12;40.06
34564;14;-5.10;40.06
34565;12;-5.08;40.06
34567;9;-5.05;40.06
34568;5;-4.73;40.06
34569;5;-3.58;40.06
34570;7;-3.16;40.06
34572;8;-2.95;40.06
34575;3;-2.09;40.06
34576;7;-1.95;40.06
34578;6;-1.68;40.06
34579;9;-1.64;40.06
34581;7;-1.59;40.06
34583;3;-1.52;40.06
34584;15;-1.36;40.06
34585;3;-1.33;40.06
34586;10;-1.29;40.08
34587;8;-1.29;40.06
34588;8;-1.25;40.06
34589;3;-0.88;40.06
34590;7;-0.56;40.06
34591;8;-0.51;40.06
34592;4;-0.47;40.06
34593;4;-0.28;40.07
34594;2;-0.20;40.06
34595;5;3.86;40.06
34596;5;3.90;40.06
34597;5;3.93;40.06
34598;9;3.94;40.06
34599;5;3.95;40.06
34600;5;3.97;40.06
34601;8;-3.81;40.07
34603;19;-6.09;40.06
34605;6;-4.59;40.06
34606;4;-4.56;40.06
34608;3;-1.65;40.06
34609;9;4.16;40.06
34613;9;-4.27;40.06
34618;7;-1.98;40.06
34619;16;-1.37;40.05
34620;3;-1.27;40.05
34622;2;-0.24;40.06
34623;5;4.11;40.07
34625;17;-6.66;40.05
34626;7;-6.19;40.05
34627;20;-6.18;40.05
34628;7;-6.01;40.05
34629;6;-5.99;40.05
34630;8;-5.95;40.06
34631;6;-5.84;40.05
34632;4;-5.82;40.05
34633;4;-5.80;40.05
34634;4;-5.74;40.05
34635;4;-5.39;40.05
34636;12;-5.30;40.05
34637;17;-5.29;40.05
34639;4;-4.59;40.05
34641;9;-3.96;40.05
34642;5;-3.84;40.05
34643;5;-3.52;40.05
34645;3;-2.00;40.05
34646;4;-1.94;40.05
34647;4;-1.91;40.05
34648;3;-1.61;40.05
34649;4;-1.59;40.05
34650;2;-1.57;40.05
34651;7;-1.52;40.05
34652;4;-1.46;40.05
34653;16;-1.45;40.05
34654;16;-1.42;40.05
34657;8;-0.38;40.05
34658;6;-0.29;40.05
34659;5;3.91;40.05
34660;9;3.93;40.05
34661;5;4.06;40.05
34663;9;4.13;40.05
34664;12;-4.99;40.12
34665;16;-6.04;40.05
34666;4;-1.69;40.06
34668;17;-6.72;40.05
34669;8;-5.83;40.05
34670;9;-4.91;40.09
34671;6;-4.62;40.05
34675;5;-6.41;40.04
34676;4;-5.91;40.05
34677;7;-5.35;40.05
34678;17;-5.25;40.04
34679;6;-4.54;40.05
34680;5;-4.17;40.05
34681;13;-2.92;40.06
34683;6;-1.66;40.04
34684;7;-1.62;40.06
34685;6;-0.36;40.05
34686;5;4.16;40.04
34688;11;-6.25;40.04
34689;8;-5.99;40.04
34691;4;-5.81;40.04
34694;4;-5.36;40.04
34695;19;-5.26;40.04
34696;9;-4.64;40.04
34704;5;-3.56;40.04
34709;3;-2.03;40.04
34710;7;-2.00;40.04
34711;4;-1.90;40.04
34712;4;-1.73;40.04
34713;4;-1.62;40.04
34714;7;-1.58;40.04
34715;3;-1.56;40.04
34716;7;-1.46;40.04
34717;4;-1.17;40.04
34718;7;-0.93;40.07
34720;5;-0.57;40.06
34722;8;-0.45;40.04
34724;4;-0.30;40.04
34725;2;-0.25;40.04
34727;4;-0.05;40.04
34728;9;3.94;40.04
34729;5;4.13;40.04
34730;9;4.14;40.04
34732;8;-3.03;40.07
34733;7;-1.83;40.04
34734;7;-1.78;40.04
34736;2;-0.66;40.04
34737;2;-4.77;40.04
34738;5;-3.92;40.04
34739;3;-1.17;40.09
34740;3;-0.98;40.04
34741;5;-0.63;40.04
34742;15;-6.66;40.04
34743;4;-5.85;40.04
34744;5;-4.24;40.12
34746;7;-3.15;40.04
34747;4;-1.86;40.04
34749;9;-1.41;40.06
34753;4;-5.83;40.03
34754;17;-5.23;40.03
34755;14;-5.13;40.03
34756;11;-4.98;40.03
34757;2;-4.86;40.03
34758;5;-4.73;40.03
34759;7;-4.67;40.03
34760;11;-4.64;40.03
34761;4;-4.54;40.03
34763;5;-3.83;40.03
34769;3;-1.82;40.03
34770;4;-1.75;40.03
34771;9;-1.67;40.03
34772;7;-1.56;40.03
34773;5;-1.55;40.03
34775;16;-1.43;40.03
34776;7;-1.18;40.03
34777;5;-0.56;40.03
34778;6;-0.43;40.06
34779;8;-0.39;40.03
34780;10;-0.37;40.03
34782;4;-0.35;40.03
34785;5;4.09;40.03
34786;9;4.15;40.03
34787;4;4.19;40.03
34788;4;-3.77;40.08
34789;13;-3.95;40.11
34790;17;-5.31;40.04
34791;7;-6.64;40.03
34792;5;-4.09;40.05
34793;13;-3.52;40.06
34794;3;-2.54;40.04
34795;7;-2.06;40.06
34796;12;-1.34;40.04
34797;4;-5.10;40.03
34798;5;-4.75;40.03
34799;5;-4.68;40.05
34800;6;-4.63;40.03
34801;3;-6.41;40.03
34802;17;-5.20;40.03
34803;9;-5.05;40.03
34804;9;-4.65;40.03
34805;4;-4.61;40.03
34806;6;-4.58;40.03
34807;9;-4.24;40.03
34808;9;-4.17;40.03
34809;5;-3.86;40.03
34811;7;-3.33;40.06
34812;9;-2.90;40.04
34813;3;-2.02;40.03
34814;4;-1.64;40.03
34815;11;-1.40;40.03
34816;7;-0.97;40.03
34817;19;-6.76;40.02
34818;19;-6.67;40.02
34820;11;-6.27;40.02
34821;10;-6.19;40.03
34822;4;-6.13;40.02
34823;4;-5.99;40.02
34825;9;-5.00;40.02
34827;6;-4.53;40.03
34828;5;-4.43;40.02
34829;5;-4.36;40.02
34831;13;-4.19;40.02
34833;13;-3.83;40.02
34835;5;-3.47;40.02
34836;7;-3.16;40.02
34837;11;-3.17;40.06
34841;4;-2.76;40.07
34843;4;-2.08;40.02
34845;4;-1.92;40.02
34846;4;-1.84;40.02
34847;3;-1.83;40.02
34848;7;-1.82;40.02
34850;7;-1.80;40.02
34851;7;-1.67;40.02
34852;7;-1.44;40.02
34853;16;-1.42;40.02
34854;13;-1.39;40.02
34855;8;-1.37;40.02
34856;7;-1.21;40.03
34857;4;-1.17;40.02
34859;4;-0.78;40.02
34860;3;-0.54;40.02
34861;8;-0.37;40.02
34862;8;-0.34;40.02
34863;8;-0.31;40.02
34865;2;-0.20;40.02
34867;4;4.17;40.02
34868;7;-4.73;40.04
34869;4;-0.10;40.05
34870;5;-1.58;40.03
34871;10;-0.32;40.04
34872;4;-0.17;40.03
34873;5;-4.91;40.04
34875;13;-1.46;40.02
34876;6;-1.38;40.02
34877;7;-4.97;40.02
34878;11;-4.67;40.02
34881;7;-1.53;40.02
34883;12;-1.25;40.02
34884;4;-1.22;40.01
34885;3;-1.00;40.02
34886;7;-0.89;40.02
34887;4;3.81;40.02
34888;9;3.97;40.02
34890;9;4.13;40.02
34892;19;-6.73;40.01
34894;11;-6.28;40.01
34895;13;-6.27;40.05
34897;17;-6.09;40.01
34898;10;-6.06;40.01
34899;4;-5.37;40.01
34900;14;-5.18;40.01
34901;9;-5.02;40.01
34902;2;-5.00;40.01
34903;7;-4.76;40.01
34904;7;-4.68;40.01
34905;16;-4.65;40.01
34906;11;-4.63;40.01
34907;6;-4.61;40.01
34909;6;-4.56;40.01
34910;2;-4.53;40.01
34911;5;-4.32;40.01
34915;8;-3.93;40.01
34916;8;-3.84;40.01
34918;4;-3.41;40.01
34920;4;-3.16;40.01
34923;13;-2.92;40.01
34925;4;-2.33;40.01
34930;3;-1.81;40.01
34931;7;-1.78;40.01
34932;11;-1.70;40.01
34933;11;-1.65;40.01
34934;13;-1.40;40.01
34935;8;-1.39;40.01
34936;13;-1.36;40.03
34937;8;-1.30;40.03
34938;7;-0.99;40.01
34939;4;-0.72;40.01
34944;4;-2.17;40.14
34945;7;-6.83;40.05
34946;19;-5.30;40.02
34947;2;-1.87;40.02
34948;7;-1.61;40.02
34949;11;-6.78;40.01
34951;11;-5.87;40.02
34952;16;-5.33;40.01
34953;2;-1.73;40.02
34955;7;-6.59;40.01
34956;17;-5.24;40.01
34957;7;-5.04;40.04
34958;4;-4.53;40.01
34959;18;-4.30;40.01
34963;7;-2.54;40.01
34964;8;-1.63;40.01
34965;4;-0.82;40.06
34966;4;-0.78;40.01
34967;4;-0.67;40.01
34968;11;-0.64;40.01
34969;9;4.17;40.01
34970;7;-6.26;40.00
34971;4;-6.19;40.00
34972;4;-6.16;40.00
34974;9;-6.00;40.00
34977;16;-5.29;40.00
34978;19;-5.20;40.00
34979;14;-5.19;40.00
34980;9;-5.07;40.00
34981;9;-5.05;40.00
34982;6;-5.04;40.00
34983;4;-5.02;40.01
34984;7;-4.99;40.00
34985;9;-4.67;40.00
34986;5;-4.62;40.00
34988;8;-4.55;40.00
34991;4;-3.79;40.01
34995;4;-3.42;40.00
34997;12;-3.15;40.01
35002;4;-2.27;40.00
35003;4;-1.89;40.00
35004;4;-1.75;40.00
35005;4;-1.65;40.00
35006;4;-1.59;40.00
35008;3;-1.56;40.00
35009;7;-1.55;40.00
35010;3;-1.53;40.00
35012;2;-1.39;40.00
35013;3;-1.30;40.00
35014;3;-1.11;40.00
35015;7;-1.10;40.00
35016;3;-0.91;40.02
35017;7;-0.96;40.00
35018;7;-0.91;40.00
35019;7;-0.87;40.00
35021;4;-0.75;40.00
35022;8;-0.69;40.00
35024;7;-0.56;40.00
35025;13;-0.53;40.00
35026;2;-0.22;40.00
35027;9;3.82;40.00
35029;9;4.15;40.00
35030;3;-6.59;40.05
35032;7;-6.47;40.04
35033;4;-1.49;40.02
35034;9;-6.35;40.02
35035;8;-3.74;40.02
35036;10;-0.50;40.03
35037;10;-0.40;40.02
35038;8;-5.74;40.02
35039;6;-5.47;40.03
35040;2;-0.27;40.02
35041;11;-6.62;40.01
35042;7;-0.60;40.02
35043;21;-6.72;40.02
35044;11;-5.97;40.02
35045;11;-5.80;40.00
35046;4;-2.03;40.01
35047;2;-1.85;40.13
35048;11;-1.61;40.00
35049;9;-0.54;40.01
35050;4;-0.32;40.00
35051;4;-0.08;40.01
35052;7;-6.28;40.00
35053;19;-6.05;40.00
35054;17;-5.21;40.00
35055;12;-5.19;40.04
35057;12;-3.20;40.00
35059;4;-1.38;40.00
35060;9;-0.57;40.00
35061;11;-6.82;39.99
35062;18;-6.78;39.99
35063;15;-6.69;39.99
35064;7;-6.56;39.99
35065;11;-6.46;39.99
35066;3;-6.40;39.99
35067;17;-6.14;40.03
35070;23;-5.13;39.99
35071;17;-5.12;39.99
35072;23;-5.11;39.99
35073;14;-5.08;39.99
35074;9;-5.06;39.99
35081;4;-2.34;39.99
35082;4;-2.29;39.99
35083;4;-1.91;39.99
35084;4;-1.81;39.99
35086;4;-1.72;39.99
35087;7;-1.58;39.99
35088;4;-1.51;39.99
35089;2;-1.49;39.99
35090;2;-1.45;39.99
35091;2;-1.37;39.99
35092;3;-1.27;39.99
35093;3;-1.12;39.99
35094;4;-0.99;39.99
35097;3;-0.71;39.99
35098;7;-0.55;39.99
35099;6;-0.45;40.00
35100;8;-0.34;40.00
35102;19;-6.01;40.01
35105;9;-6.25;40.00
35107;11;-1.21;40.00
35109;15;-6.84;39.99
35110;6;-6.21;40.00
35111;20;-6.09;40.00
35112;23;-6.03;39.99
35113;23;-5.18;39.99
35114;17;-5.15;39.99
35115;4;-4.55;39.99
35117;5;-2.13;39.99
35118;4;-1.41;39.99
35119;4;-0.63;39.99
35120;3;-0.60;39.99
35121;15;-6.67;39.99
35122;11;-6.48;39.99
35123;3;-6.41;39.99
35124;13;-6.27;39.99
35125;11;-6.19;39.99
35127;12;-6.14;39.99
35128;19;-6.07;39.99
35129;23;-6.06;39.99
35130;15;-6.00;39.99
35131;16;-5.87;39.99
35132;16;-5.84;39.99
35133;18;-5.83;39.99
35134;16;-5.81;39.99
35136;9;-5.30;39.99
35137;11;-5.29;39.99
35138;21;-5.17;39.99
35139;8;-4.53;39.99
35140;5;-4.36;39.99
35141;5;-4.32;39.99
35151;4;-2.35;39.99
35152;4;-2.07;39.99
35153;2;-1.91;39.99
35154;4;-1.74;39.99
35155;11;-1.72;39.99
35156;8;-1.63;39.99
35157;3;-1.58;39.99
35159;4;-1.49;39.99
35160;4;-1.45;39.99
35162;3;-1.29;39.99
35164;2;-0.42;39.99
35165;6;-0.24;39.99
35166;4;-0.22;39.99
35167;6;-0.21;39.99
35168;2;-0.17;39.99
35170;9;4.15;39.99
35171;4;-5.64;40.04
35172;10;-4.75;39.99
35173;20;-6.79;39.98
35174;17;-6.86;39.99
35176;7;-5.90;40.01
35177;9;-5.34;39.98
35178;14;-5.20;39.98
35179;20;-5.12;39.98
35181;9;-2.10;40.00
35182;4;-1.61;39.98
35183;11;-1.13;39.98
35184;7;-0.88;39.98
35185;2;-0.51;39.98
35186;6;-0.40;39.98
35187;4;-0.29;39.98
35188;11;-6.89;39.98
35189;11;-6.63;39.98
35190;11;-6.53;39.98
35191;2;-6.51;39.98
35192;11;-6.16;39.98
35193;12;-6.15;39.98
35194;3;-6.14;39.98
35196;11;-6.03;39.98
35197;14;-5.99;39.98
35198;12;-5.97;39.98
35199;14;-5.96;39.98
35200;18;-5.81;39.98
35201;7;-5.78;39.98
35202;12;-5.75;39.98
35203;9;-5.74;39.98
35204;9;-5.71;39.98
35205;18;-5.37;39.98
35206;18;-5.35;39.98
35208;4;-4.56;39.98
35210;13;-4.53;39.98
35211;5;-4.38;39.98
35212;5;-4.29;39.98
35220;5;-2.12;39.98
35221;4;-2.08;39.98
35223;4;-1.71;39.98
35224;7;-1.61;39.98
35225;3;-1.12;39.98
35226;2;-0.54;39.98
35227;2;-0.41;39.98
35228;2;-0.16;39.98
35232;4;-3.04;40.02
35233;13;-4.62;39.99
35234;5;-4.78;39.99
35235;14;-4.65;39.99
35236;2;-1.75;39.98
35237;3;-0.87;39.99
35238;4;-0.36;39.98
35239;9;-6.58;39.98
35240;5;-6.38;39.99
35241;11;-5.72;39.98
35242;4;-2.32;39.98
35244;2;-1.45;39.98
35245;14;-6.83;39.97
35246;8;-6.21;39.98
35247;9;-6.18;39.98
35248;16;-5.90;39.97
35249;7;-5.83;39.97
35250;11;-5.31;39.98
35251;22;-5.14;39.97
35253;4;-2.28;39.97
35254;11;-1.17;39.97
35256;5;-0.57;39.98
35257;2;-0.46;39.97
35258;17;-6.86;39.97
35259;20;-6.85;39.97
35260;15;-6.70;39.97
35261;11;-6.69;39.97
35262;2;-6.48;39.97
35265;14;-6.16;39.97
35266;3;-6.15;39.97
35267;14;-6.13;39.98
35268;16;-6.08;39.97
35269;14;-5.94;39.97
35272;7;-5.80;39.97
35273;12;-5.78;39.97
35275;18;-5.38;39.97
35276;14;-5.13;39.97
35277;4;-4.81;39.97
35278;10;-4.66;39.97
35279;8;-4.58;39.99
35280;5;-4.47;39.97
35281;5;-4.37;39.97
35282;5;-4.30;39.97
35287;4;-2.88;39.97
35288;4;-1.63;39.97
35289;4;-1.31;39.97
35290;3;-1.11;39.97
35292;3;-0.79;39.98
35293;4;-0.63;39.97
35294;2;-0.60;39.97
35295;2;-0.55;39.97
35296;2;-0.39;39.97
35297;4;-0.30;39.97
35301;9;4.16;39.97
35304;5;-5.00;39.98
35305;13;-6.62;39.97
35306;7;-6.31;39.97
35308;9;-2.03;39.98
35309;2;-1.51;39.97
35310;3;-0.88;39.97
35311;11;-0.70;39.98
35312;14;-6.77;39.96
35313;15;-6.74;39.96
35314;15;-6.66;39.96
35316;4;-4.57;39.96
35317;13;-4.54;39.96
35318;5;-4.53;39.96
35321;3;-2.20;39.96
35323;17;-6.88;39.96
35324;15;-6.86;39.96
35325;14;-6.79;39.96
35326;15;-6.69;39.96
35327;11;-6.65;39.96
35328;9;-6.56;39.96
35330;13;-6.46;39.96
35331;11;-6.44;39.96
35332;7;-6.40;39.96
35333;5;-6.32;39.96
35334;13;-6.19;39.96
35335;18;-6.17;39.96
35336;16;-6.15;39.96
35337;7;-5.95;39.96
35339;14;-5.74;39.96
35340;9;-5.70;39.96
35341;5;-5.52;39.96
35342;18;-5.39;39.96
35343;20;-5.35;39.96
35344;11;-5.29;39.96
35345;22;-5.19;39.96
35346;8;-4.63;39.96
35347;5;-4.49;39.96
35348;5;-4.45;39.96
35357;3;-2.22;39.96
35359;3;-2.16;39.96
35360;9;-2.06;39.96
35362;4;-2.00;39.96
35364;4;-1.75;39.96
35365;4;-1.64;39.96
35366;8;-1.59;39.96
35367;3;-1.31;39.96
35368;7;-0.89;39.96
35370;4;-0.25;39.96
35371;4;-0.23;39.96
35372;3;3.21;39.96
35374;9;4.28;39.96
35375;3;-1.08;39.98
35376;13;-6.50;39.98
35377;4;-0.94;39.97
35378;8;-1.73;39.97
35379;9;4.23;39.97
35380;8;-0.64;39.96
35381;11;-6.47;39.95
35382;7;-6.13;39.95
35383;11;-6.06;39.95
35389;2;-0.53;39.96
35391;20;-6.76;39.95
35392;9;-6.54;39.95
35394;16;-6.18;39.95
35395;15;-6.02;39.95
35396;7;-5.93;39.95
35397;16;-5.88;39.95
35398;12;-5.74;39.95
35399;9;-5.56;39.95
35400;22;-5.17;39.95
35402;5;-4.48;39.95
35408;4;-2.47;39.95
35410;7;-2.24;39.95
35412;5;-2.03;39.95
35413;11;-1.62;39.95
35414;4;-1.57;39.95
35415;4;-0.89;39.95
35416;7;-0.88;39.95
35418;3;-0.66;39.95
35419;4;-0.22;39.95
35420;3;3.20;39.95
35421;9;3.99;39.95
35423;11;-5.07;39.97
35424;4;-3.09;39.97
35425;13;-6.04;39.96
35426;8;-3.17;39.97
35427;11;-6.60;39.95
35428;12;-5.80;39.94
35429;11;-5.69;39.94
35430;18;-5.35;39.95
35431;14;-5.11;39.94
35432;5;-5.01;39.94
35433;7;-4.99;39.95
35435;5;-4.54;39.94
35438;12;-3.21;39.94
35440;4;-3.03;39.94
35441;11;-1.24;39.96
35442;3;-0.72;39.95
35443;15;-6.85;39.94
35444;20;-6.82;39.94
35445;20;-6.77;39.94
35446;6;-6.63;39.94
35447;13;-6.47;39.94
35448;16;-5.96;39.94
35449;16;-5.84;39.95
35450;16;-5.81;39.94
35451;12;-5.70;39.94
35452;22;-5.13;39.94
35454;13;-5.02;39.94
35456;5;-4.47;39.94
35462;6;-2.26;39.94
35463;8;-2.25;39.94
35464;8;-1.72;39.94
35465;4;-1.71;39.94
35466;6;-1.62;39.94
35467;8;-1.61;39.94
35468;2;-1.52;39.94
35469;3;-1.27;39.94
35470;7;-1.26;39.94
35471;7;-1.15;39.97
35473;4;-1.08;39.94
35474;9;-0.81;39.94
35475;7;-0.80;39.94
35477;11;-0.73;39.94
35479;3;-0.67;39.94
35480;11;-0.66;39.94
35481;5;3.05;39.94
35482;5;3.11;39.94
35483;3;3.18;39.94
35484;9;4.27;39.94
35485;20;-5.42;39.97
35486;11;-5.51;39.97
35487;14;-4.35;39.98
35488;4;-4.27;39.97
35489;2;-1.55;39.96
35490;8;-4.56;39.95
35491;8;-4.21;39.97
35492;17;-6.71;39.97
35493;11;-6.51;39.94
35494;4;-4.87;39.96
35496;11;-6.87;39.94
35497;20;-6.84;39.94
35498;14;-6.08;39.94
35499;18;-5.41;39.94
35500;4;-4.81;39.94
35501;13;-4.53;39.94
35502;11;-3.29;39.98
35503;5;3.83;39.94
35504;17;-6.45;39.94
35506;8;-2.28;39.94
35507;15;-6.46;39.93
35508;7;-6.41;39.93
35509;16;-5.94;39.93
35510;4;-5.68;39.93
35511;4;-5.59;39.93
35512;5;-5.51;39.93
35513;20;-5.42;39.93
35514;5;-4.85;39.93
35515;5;-4.81;39.93
35517;8;-4.54;39.93
35518;18;-4.42;40.02
35519;5;-4.35;39.93
35520;18;-4.30;39.94
35521;5;-4.12;39.93
35524;5;-3.40;39.93
35525;8;-3.27;39.93
35533;11;-1.70;39.93
35534;4;-1.68;39.93
35535;11;-1.63;39.93
35536;8;-1.62;39.93
35537;6;-1.66;39.97
35538;11;-1.26;39.93
35539;4;-1.22;39.93
35540;11;-1.20;39.93
35541;11;-0.70;39.94
35543;7;-0.68;39.93
35545;8;-0.65;39.93
35546;2;-0.53;39.93
35547;5;3.04;39.93
35548;5;3.08;39.93
35549;7;3.17;39.94
35552;13;-4.15;39.97
35553;9;-5.05;39.96
35554;7;-6.55;39.94
35555;11;-6.26;39.96
35556;4;-4.60;39.93
35557;4;-2.23;40.00
35558;9;-6.57;39.93
35559;15;-6.05;39.93
35560;9;-5.24;39.93
35562;8;-3.49;39.97
35563;4;-2.22;39.94
35564;4;-2.13;39.93
35565;11;-1.16;39.94
35566;7;-0.83;39.96
35567;17;-6.85;39.92
35568;17;-6.82;39.93
35569;15;-6.81;39.93
35570;11;-5.33;39.93
35574;6;-2.25;39.93
35575;7;-1.25;39.93
35576;11;-1.23;39.92
35577;3;3.14;39.93
35578;15;-6.83;39.92
35579;6;-6.73;39.92
35580;15;-6.67;39.93
35581;7;-6.20;39.92
35582;15;-6.01;39.92
35584;16;-5.84;39.92
35588;5;-5.56;39.92
35589;22;-5.16;39.92
35590;11;-5.10;39.92
35591;15;-5.05;39.92
35592;11;-5.01;39.93
35593;5;-4.99;39.92
35594;4;-4.98;39.92
35595;8;-4.55;39.92
35596;13;-4.54;39.92
35597;10;-4.51;39.92
35598;18;-4.50;39.92
35599;9;-4.48;39.92
35600;5;-3.73;39.92
35601;13;-3.72;39.92
35602;5;-3.71;39.92
35608;8;-2.27;39.92
35609;7;-2.22;39.92
35610;7;-2.17;39.94
35612;4;-1.70;39.92
35613;2;-1.69;39.92
35614;2;-1.65;39.92
35615;4;-1.17;39.92
35617;5;-0.81;39.92
35618;7;-0.80;39.92
35619;7;-0.67;39.92
35621;4;-0.63;39.92
35622;5;3.00;39.92
35623;5;3.06;39.92
35624;3;3.11;39.92
35625;5;3.14;39.92
35626;3;3.15;39.92
35627;5;3.17;39.92
35630;15;-6.88;39.94
35631;9;-5.29;39.96
35632;20;-5.21;39.94
35633;24;-5.16;39.94
35634;18;-6.79;39.95
35635;20;-6.71;39.93
35637;3;-0.87;39.93
35638;17;-6.79;39.92
35639;16;-5.98;39.93
35640;7;-1.18;39.92
35641;4;-1.11;39.92
35642;11;-6.91;39.92
35643;18;-6.72;39.92
35644;13;-6.51;39.92
35645;17;-6.47;39.92
35646;2;-5.59;39.92
35647;5;-5.49;39.92
35648;18;-5.43;39.92
35649;20;-5.37;39.93
35650;11;-5.25;39.93
35651;5;-4.92;39.92
35652;11;-2.20;39.92
35653;4;-1.94;39.92
35654;7;-1.66;39.92
35655;4;-1.61;39.92
35656;3;-1.26;39.92
35657;9;-0.72;39.92
35658;7;2.96;39.92
35659;4;4.04;39.92
35660;11;-6.69;39.91
35661;17;-6.67;39.91
35662;7;-6.57;39.91
35663;9;-6.55;39.92
35664;11;-6.51;39.92
35665;15;-6.48;39.91
35666;15;-6.44;39.92
35668;16;-6.16;39.91
35669;7;-5.94;39.91
35670;16;-5.89;39.91
35672;9;-5.68;39.91
35674;7;-5.53;39.93
35675;15;-5.33;39.91
35676;11;-5.30;39.91
35677;13;-5.29;39.91
35678;15;-5.27;39.91
35679;18;-5.20;39.91
35680;22;-5.19;39.91
35681;5;-5.18;39.91
35682;20;-5.11;39.91
35683;15;-5.09;39.91
35684;9;-5.06;39.91
35685;5;-5.05;39.91
35686;13;-5.04;39.91
35688;11;-4.88;39.91
35689;5;-4.83;39.91
35693;5;-3.74;39.91
35694;13;-3.71;39.91
35695;8;-3.70;39.91
35697;5;-3.38;39.91
35700;8;-2.29;39.91
35701;4;-2.25;39.91
35702;8;-2.24;39.91
35704;3;-2.16;39.91
35706;4;-1.21;39.92
35707;4;-1.10;39.91
35708;5;-0.83;39.92
35709;13;-0.75;39.91
35710;11;-0.73;39.91
35711;7;-0.69;39.91
35712;15;-0.67;39.91
35713;12;-0.66;39.91
35714;4;-0.64;39.91
35715;13;-6.62;39.92
35716;3;-1.31;39.93
35717;7;-1.28;39.96
35718;17;-6.04;39.93
35719;14;-5.75;39.94
35720;9;-5.47;39.92
35721;9;-6.37;39.93
35722;6;-5.63;39.95
35723;5;-5.58;39.91
35725;5;-3.42;39.91
35726;4;-2.08;39.91
35727;16;-6.74;39.91
35729;5;-3.72;39.91
35730;8;-2.25;39.91
35731;7;-2.18;39.91
35732;7;-1.14;39.91
35733;7;-0.80;39.91
35734;5;-0.77;39.93
35735;5;3.09;39.91
35736;5;3.12;39.91
35738;16;-6.64;39.90
35739;9;-6.57;39.90
35740;16;-6.52;39.90
35741;17;-6.44;39.90
35742;13;-6.33;39.91
35743;7;-6.24;39.90
35744;16;-6.18;39.90
35745;18;-6.13;39.93
35746;9;-5.92;39.90
35747;16;-5.82;39.90
35748;16;-5.69;39.90
35749;13;-5.68;39.90
35750;2;-5.61;39.90
35752;4;-5.46;39.90
35753;15;-5.43;39.90
35754;14;-5.38;39.90
35755;11;-5.21;39.90
35756;5;-5.20;39.90
35757;15;-5.19;39.90
35758;17;-5.18;39.90
35759;19;-5.16;39.90
35760;15;-5.14;39.90
35761;11;-5.12;39.90
35762;11;-4.87;39.90
35763;9;-4.51;39.90
35765;5;-3.80;39.90
35772;7;-2.21;39.90
35773;4;-1.93;39.90
35774;7;-1.74;39.90
35775;2;-1.63;39.91
35776;3;-1.24;39.90
35777;3;-1.18;39.90
35778;15;-0.70;39.91
35779;4;-0.69;39.90
35781;11;3.00;39.91
35782;3;3.04;39.90
35783;15;-6.25;39.92
35784;18;-5.91;39.93
35785;9;-4.84;39.92
35788;4;-1.67;39.90
35789;15;-6.91;39.90
35790;22;-6.77;39.90
35791;20;-6.47;39.90
35792;15;-6.03;39.90
35793;10;-5.45;39.90
35794;12;-5.35;39.90
35795;8;-5.33;39.90
35796;10;-5.27;39.90
35797;19;-5.08;39.90
35798;11;-4.98;39.90
35799;5;-4.97;39.90
35803;2;-0.84;39.90
35804;12;-0.68;39.90
35805;17;-6.90;39.89
35806;6;-6.75;39.89
35807;16;-6.71;39.89
35808;23;-6.31;39.89
35809;19;-6.26;39.89
35810;20;-6.12;39.89
35811;19;-6.10;39.89
35812;21;-6.09;39.89
35813;20;-6.06;39.89
35814;17;-6.05;39.89
35815;21;-5.92;39.89
35817;24;-5.70;39.89
35818;18;-5.68;39.89
35821;13;-5.41;39.90
35823;6;-5.26;39.89
35824;9;-5.21;39.89
35825;15;-5.03;39.90
35826;5;-5.01;39.89
35830;5;-4.37;39.89
35833;5;-3.78;39.89
35834;5;-3.75;39.89
35835;8;-3.70;39.89
35837;4;-2.14;39.89
35838;4;-1.91;39.89
35840;7;-1.76;39.89
35841;2;-1.57;39.89
35842;7;-1.15;39.89
35843;4;-1.02;39.89
35845;4;-0.81;39.89
35846;5;-0.80;39.89
35847;7;-0.76;39.89
35848;15;-0.73;39.89
35849;9;-0.72;39.89
35850;12;-0.70;39.89
35851;4;-0.38;39.89
35852;8;-0.25;39.89
35853;8;-0.21;39.89
35855;5;3.19;39.89
35856;9;4.28;39.91
35857;4;-2.82;39.91
35858;7;-4.92;39.90
35859;13;-5.13;39.89
35860;15;-5.10;39.89
35862;19;-6.29;39.89
35863;9;-5.58;39.89
35865;5;-4.51;39.91
35866;5;-3.38;39.89
35867;8;-2.27;39.89
35868;4;-2.16;39.89
35869;4;-1.97;39.92
35870;4;-1.63;39.89
35871;4;-1.26;39.89
35872;9;-0.78;39.89
35874;4;4.30;39.89
35875;11;-6.91;39.89
35876;15;-6.90;39.89
35877;11;-6.79;39.89
35878;14;-6.77;39.89
35879;16;-6.73;39.89
35880;16;-6.56;39.89
35882;20;-6.50;39.89
35883;19;-6.27;39.89
35884;23;-6.02;39.89
35885;10;-5.92;39.89
35886;19;-5.84;39.89
35888;11;-5.56;39.89
35890;6;-5.29;39.89
35891;8;-5.27;39.89
35892;5;-4.98;39.89
35893;5;-4.88;39.89
35894;5;-4.68;39.89
35895;5;-4.66;39.89
35898;17;-4.17;39.89
35899;5;-3.79;39.89
35908;4;-2.07;39.89
35909;4;-1.93;39.89
35912;2;-1.58;39.89
35913;3;-1.24;39.89
35914;3;-1.18;39.89
35915;7;-1.17;39.89
35916;3;-1.15;39.89
35917;4;-0.98;39.89
35918;4;-0.82;39.89
35919;5;-0.78;39.89
35920;9;-0.75;39.89
35922;4;-0.64;39.89
35923;8;-0.32;39.89
35924;4;-0.31;39.89
35925;5;2.88;39.89
35927;3;3.01;39.89
35929;5;3.18;39.89
35930;3;3.19;39.89
35931;5;3.20;39.89
35932;9;-3.40;39.90
35933;16;-6.61;39.89
35934;8;-3.47;39.89
35935;21;-6.89;39.88
35936;19;-5.87;39.88
35937;26;-5.70;39.88
35938;8;-5.39;39.89
35939;6;-5.37;39.88
35940;10;-5.34;39.88
35941;11;-5.21;39.89
35943;2;-1.73;39.90
35945;8;-0.23;39.88
35946;4;-0.22;39.88
35947;17;-6.90;39.88
35949;21;-6.79;39.88
35950;19;-6.78;39.88
35951;24;-6.70;39.88
35952;22;-6.68;39.88
35953;16;-6.52;39.88
35954;25;-6.29;39.88
35955;23;-6.27;39.88
35956;23;-6.11;39.88
35957;19;-6.08;39.88
35958;20;-5.77;39.88
35959;8;-5.35;39.88
35960;6;-5.32;39.88
35962;8;-5.23;39.88
35963;15;-5.13;39.88
35964;9;-4.93;39.88
35965;5;-4.92;39.88
35968;9;-4.17;39.88
35970;5;-3.72;39.88
35971;13;-3.39;39.88
35972;4;-2.84;39.88
35975;7;-1.22;39.89
35976;7;-1.19;39.88
35977;5;-0.99;39.88
35978;7;-0.98;39.88
35979;4;-0.97;39.88
35980;2;-0.85;39.88
35981;4;-0.38;39.88
35982;4;-0.32;39.88
35983;3;-0.11;39.88
35984;5;2.86;39.88
35985;4;2.88;39.88
35986;11;2.98;39.88
35987;5;3.14;39.88
35988;5;3.17;39.88
35989;5;3.19;39.88
35991;24;-6.68;39.89
35992;13;-3.01;39.89
35993;22;-6.16;39.88
35995;2;-1.65;39.88
35996;6;-0.69;39.88
35997;18;-6.43;39.88
35998;23;-6.24;39.88
36000;6;-0.82;39.88
36001;22;-6.44;39.88
36002;25;-6.22;39.89
36003;18;-5.67;39.88
36005;5;-4.16;39.87
36006;9;-4.14;39.87
36008;7;-1.77;39.87
36009;3;-1.71;39.87
36010;4;-1.67;39.87
36011;8;-0.76;39.87
36012;11;-6.91;39.87
36013;6;-6.81;39.87
36014;21;-6.78;39.87
36015;24;-6.72;39.87
36016;14;-6.67;39.87
36018;25;-6.24;39.87
36019;19;-6.22;39.87
36020;11;-6.21;39.87
36021;20;-6.18;39.87
36022;25;-6.13;39.87
36023;19;-6.12;39.87
36024;19;-6.00;39.87
36025;16;-5.68;39.87
36026;9;-5.57;39.87
36028;4;-5.40;39.87
36030;6;-5.33;39.87
36031;8;-5.25;39.87
36032;13;-5.14;39.87
36033;11;-5.13;39.87
36034;17;-5.10;39.87
36035;5;-5.00;39.87
36036;9;-4.94;39.87
36037;6;-4.92;39.87
36042;5;-4.12;39.87
36044;5;-3.79;39.87
36046;5;-3.19;39.87
36049;3;-1.75;39.87
36050;3;-1.22;39.87
36051;7;-1.12;39.87
36052;5;-1.00;39.87
36053;4;-0.81;39.87
36054;4;-0.34;39.87
36055;4;-0.28;39.91
36056;4;-0.21;39.87
36057;7;2.87;39.87
36058;11;2.88;39.87
36059;3;3.02;39.87
36061;7;3.16;39.87
36063;2;-1.54;39.89
36064;15;-5.64;39.88
36065;11;-4.96;39.87
36066;20;-6.46;39.87
36067;15;-4.97;39.87
36068;8;-3.23;39.87
36069;4;-2.08;39.87
36070;2;-1.38;39.86
36071;5;3.10;39.87
36073;15;-6.90;39.86
36074;24;-6.68;39.86
36075;19;-5.84;39.86
36076;20;-5.79;39.86
36077;4;-5.31;39.87
36078;10;-5.23;39.86
36079;8;-3.37;39.87
36082;2;-1.59;39.86
36083;5;-0.98;39.86
36084;7;-0.97;39.86
36085;7;3.13;39.86
36086;9;4.27;39.87
36087;17;-6.91;39.86
36088;16;-6.66;39.86
36089;7;-6.60;39.86
36090;7;-6.58;39.86
36091;20;-6.51;39.86
36092;20;-6.48;39.86
36093;19;-6.24;39.86
36094;25;-6.22;39.86
36095;22;-6.20;39.86
36096;16;-6.19;39.86
36097;22;-6.18;39.86
36098;16;-6.15;39.86
36099;19;-6.13;39.86
36100;23;-6.12;39.86
36101;28;-5.94;39.86
36102;10;-5.83;39.86
36103;22;-5.68;39.86
36106;9;-5.59;39.86
36107;4;-5.36;39.86
36108;8;-5.33;39.86
36109;8;-5.23;39.86
36110;15;-5.14;39.86
36111;13;-5.13;39.86
36112;15;-5.12;39.86
36113;6;-4.94;39.86
36116;5;-4.73;39.86
36119;9;-4.12;39.86
36121;5;-3.77;39.86
36127;8;-3.10;39.86
36129;7;-2.10;39.86
36130;3;-2.09;39.86
36131;3;-1.69;39.86
36132;2;-1.67;39.86
36133;2;-1.45;39.86
36134;3;-1.20;39.86
36135;4;-0.82;39.86
36136;9;2.87;39.86
36137;13;2.89;39.86
36138;3;3.00;39.86
36139;7;3.02;39.86
36144;13;-3.21;39.90
36145;8;-2.59;39.89
36147;9;-1.82;39.87
36148;9;-5.52;39.87
36149;4;-4.78;39.88
36151;7;-1.71;39.88
36152;6;-0.75;39.86
36155;4;-0.95;39.86
36156;4;4.30;39.86
36157;25;-6.40;39.88
36158;25;-6.01;39.85
36159;26;-5.69;39.85
36160;4;-5.25;39.85
36161;5;-4.14;39.85
36162;9;-3.16;39.89
36164;11;-2.89;39.86
36166;4;-1.78;39.85
36167;3;-1.55;39.85
36168;5;2.77;39.85
36169;5;2.82;39.86
36170;17;-6.92;39.85
36171;15;-6.91;39.85
36172;14;-6.73;39.85
36173;7;-6.57;39.85
36174;18;-6.44;39.85
36176;25;-6.20;39.85
36177;20;-6.16;39.85
36178;20;-6.13;39.85
36179;19;-6.12;39.85
36180;30;-5.94;39.85
36181;19;-5.92;39.85
36182;20;-5.78;39.85
36184;22;-5.67;39.85
36187;8;-5.35;39.85
36188;8;-5.32;39.85
36189;8;-5.24;39.85
36190;15;-5.13;39.85
36191;5;-4.99;39.85
36192;4;-4.75;39.85
36195;9;-4.13;39.85
36196;5;-4.06;39.85
36197;9;-4.05;39.85
36198;13;-3.87;39.85
36199;5;-3.81;39.85
36202;9;-3.21;39.85
36203;5;-3.20;39.85
36206;3;-2.12;39.85
36208;3;-2.08;39.85
36209;4;-1.83;39.85
36210;3;-1.75;39.85
36211;2;-1.46;39.85
36213;2;-1.36;39.85
36215;5;-0.99;39.85
36216;7;-0.98;39.85
36217;3;-0.97;39.85
36219;4;-0.81;39.85
36221;4;-0.21;39.85
36222;5;2.86;39.85
36223;11;2.89;39.85
36224;11;2.93;39.88
36226;7;3.04;39.85
36227;5;3.19;39.85
36228;17;-4.22;39.88
36229;5;-3.88;39.89
36231;2;-4.88;39.86
36232;9;-3.87;39.86
36234;8;-2.28;39.85
36235;8;-2.21;39.86
36236;4;-2.16;39.86
36237;7;-1.02;39.86
36238;30;-5.97;39.87
36239;2;-5.38;39.86
36240;10;-4.97;39.85
36241;9;-4.16;39.85
36243;4;-2.22;39.85
36244;7;-1.74;39.85
36245;2;-1.70;39.85
36247;3;2.79;39.85
36248;23;-6.29;39.85
36249;22;-6.18;39.84
36250;24;-6.14;39.84
36251;23;-6.03;39.86
36252;17;-4.37;39.84
36253;17;-4.28;39.84
36255;9;-4.10;39.94
36258;7;-2.14;39.85
36259;2;-1.63;39.85
36260;2;-1.49;39.84
36261;7;-1.17;39.84
36262;2;-0.83;39.85
36263;7;3.04;39.89
36264;3;3.17;39.86
36265;6;-6.82;39.84
36266;14;-6.75;39.84
36267;16;-6.56;39.84
36268;20;-6.47;39.84
36269;18;-6.46;39.84
36270;16;-6.45;39.84
36271;22;-6.44;39.84
36272;32;-6.43;39.84
36273;31;-6.40;39.84
36274;19;-6.22;39.84
36275;11;-6.15;39.84
36276;11;-6.12;39.84
36277;6;-6.01;39.84
36278;28;-6.00;39.84
36279;19;-5.97;39.84
36280;21;-5.92;39.84
36281;22;-5.68;39.84
36284;9;-5.51;39.84
36286;6;-5.36;39.84
36288;4;-5.32;39.84
36289;11;-5.21;39.84
36290;13;-5.11;39.85
36291;6;-4.96;39.84
36294;4;-4.68;39.84
36296;4;-4.47;39.85
36297;13;-4.34;39.89
36299;13;-4.29;39.84
36300;9;-4.25;39.84
36301;9;-4.11;39.84
36302;13;-3.85;39.84
36304;5;-3.73;39.84
36307;3;-3.36;39.84
36309;4;-3.05;39.84
36310;4;-3.02;39.84
36311;4;-2.29;39.84
36312;3;-2.14;39.84
36313;3;-2.10;39.84
36314;7;-2.09;39.84
36315;7;-1.83;39.84
36316;3;-1.82;39.84
36317;4;-1.81;39.84
36318;3;-1.74;39.84
36319;2;-1.65;39.84
36321;5;-1.54;39.84
36322;3;-1.51;39.84
36324;7;-1.20;39.84
36325;7;-1.12;39.84
36327;7;-0.99;39.84
36328;7;-0.97;39.84
36330;2;-0.86;39.84
36333;8;-0.70;39.86
36334;4;-0.38;39.84
36335;3;2.84;39.85
36336;7;2.91;39.85
36337;16;2.93;39.84
36338;12;2.95;39.84
36339;5;3.13;39.84
36340;5;3.15;39.84
36342;9;4.05;39.96
36343;9;-4.73;39.86
36344;6;-5.43;39.86
36345;25;-6.07;39.86
36346;11;-6.93;39.84
36347;13;-3.77;39.88
36348;4;-1.84;39.93
36349;14;-6.68;39.84
36350;22;-6.49;39.86
36352;4;-4.93;39.85
36353;22;-6.73;39.86
36354;34;-6.41;39.84
36355;20;-5.67;39.84
36356;22;-5.65;39.84
36359;16;-2.89;39.84
36360;3;-1.26;39.84
36362;3;3.03;39.84
36363;8;3.08;39.84
36364;6;-6.84;39.83
36365;16;-6.46;39.83
36366;23;-6.45;39.83
36367;25;-6.44;39.83
36368;25;-6.23;39.83
36369;20;-6.18;39.83
36370;26;-6.15;39.83
36371;25;-6.12;39.83
36372;11;-6.07;39.83
36373;21;-6.06;39.83
36374;6;-6.04;39.83
36375;11;-6.00;39.83
36376;19;-5.99;39.83
36377;28;-5.95;39.84
36378;11;-5.95;39.83
36379;19;-5.86;39.83
36380;6;-5.42;39.83
36381;6;-5.37;39.83
36382;9;-5.17;39.83
36383;9;-5.14;39.83
36384;11;-5.13;39.83
36385;4;-4.97;39.83
36386;6;-4.94;39.83
36387;6;-4.90;39.84
36388;4;-4.89;39.83
36389;5;-4.68;39.93
36390;9;-4.59;39.86
36391;13;-4.56;39.83
36392;12;-4.54;39.83
36397;4;-3.13;39.83
36400;4;-2.19;39.83
36401;4;-2.10;39.83
36402;7;-2.08;39.83
36403;4;-2.05;39.83
36405;10;-1.69;39.83
36407;7;-1.21;39.83
36409;7;-1.19;39.83
36412;4;-0.95;39.83
36414;2;-0.80;39.85
36416;4;-0.34;39.83
36417;5;2.74;39.83
36418;12;2.92;39.83
36419;8;2.96;39.83
36420;3;2.99;39.83
36422;8;3.02;39.83
36424;5;3.17;39.83
36425;4;4.23;39.83
36426;8;-3.65;39.86
36427;24;-6.75;39.83
36428;29;-6.35;39.86
36429;9;-5.58;39.83
36430;8;-5.26;39.84
36431;7;-6.66;39.83
36432;16;-6.65;39.83
36433;25;-6.27;39.85
36434;10;-5.24;39.83
36435;5;-1.01;39.83
36436;19;-6.84;39.87
36437;18;-6.47;39.83
36438;19;-6.43;39.83
36439;31;-6.34;39.83
36440;11;-5.50;39.86
36441;8;-5.35;39.83
36442;9;-5.20;39.86
36446;4;-3.22;39.83
36447;3;-1.80;39.83
36448;11;-1.16;39.83
36449;7;-1.01;39.83
36450;4;-0.71;39.83
36451;3;-0.44;39.83
36452;15;-6.96;39.83
36453;11;-6.95;39.82
36454;15;-6.91;39.83
36455;11;-6.88;39.82
36456;11;-6.84;39.82
36458;22;-6.75;39.82
36459;14;-6.69;39.82
36460;24;-6.67;39.82
36461;16;-6.51;39.82
36462;18;-6.50;39.82
36463;16;-6.48;39.82
36464;23;-6.46;39.82
36465;15;-6.44;39.82
36467;19;-6.40;39.82
36468;23;-6.28;39.82
36469;28;-6.15;39.82
36470;31;-6.14;39.82
36471;23;-6.08;39.82
36472;6;-6.07;39.82
36473;25;-6.06;39.82
36474;21;-6.05;39.82
36475;21;-6.02;39.82
36476;11;-5.96;39.82
36477;30;-5.95;39.82
36478;11;-5.94;39.82
36479;19;-5.81;39.82
36482;2;-5.55;39.82
36483;2;-5.51;39.82
36484;9;-5.47;39.82
36485;10;-5.29;39.85
36487;11;-5.16;39.86
36488;14;-5.04;39.82
36489;8;-5.02;39.82
36490;14;-5.00;39.82
36496;5;-4.04;39.82
36497;9;-4.03;39.82
36499;4;-3.62;39.82
36501;4;-3.49;39.82
36502;3;-3.40;39.82
36504;8;-3.11;39.83
36505;21;-2.89;39.82
36507;4;-2.20;39.82
36508;4;-2.07;39.82
36509;4;-1.88;39.82
36510;3;-1.87;39.82
36511;4;-1.77;39.82
36512;4;-1.72;39.82
36513;2;-1.37;39.82
36514;6;-1.36;39.82
36515;4;-1.23;39.82
36518;4;-0.32;39.82
36519;8;-0.31;39.82
36521;8;2.92;39.82
36523;8;3.00;39.82
36524;3;3.09;39.82
36525;8;3.11;39.82
36526;5;3.12;39.82
36527;11;-5.61;39.85
36528;18;-6.58;39.86
36529;19;-5.63;39.82
36530;15;-5.11;39.83
36532;24;-6.18;39.82
36533;23;-6.10;39.82
36534;19;-5.90;39.83
36535;4;-3.01;39.82
36536;7;-2.85;39.84
36538;7;-1.81;39.82
36539;7;-1.52;39.82
36540;8;-0.32;39.85
36541;25;-6.45;39.82
36542;29;-6.31;39.82
36543;30;-5.99;39.82
36544;21;-5.86;39.86
36545;10;-5.83;39.82
36546;22;-5.67;39.82
36547;5;-4.87;39.82
36548;5;-3.73;39.82
36551;3;-1.39;39.82
36552;4;-1.34;39.82
36553;4;-1.29;39.82
36554;11;-1.21;39.82
36555;4;-0.97;39.82
36556;11;-0.40;39.82
36558;4;4.26;39.82
36559;7;-6.83;39.81
36560;27;-6.77;39.81
36561;23;-6.73;39.81
36562;29;-6.64;39.81
36563;20;-6.63;39.81
36565;34;-6.42;39.81
36566;32;-6.39;39.82
36568;29;-6.34;39.81
36570;23;-6.26;39.82
36571;27;-6.22;39.82
36572;27;-6.13;39.82
36573;21;-5.98;39.81
36574;30;-5.96;39.81
36575;21;-5.95;39.81
36576;30;-5.93;39.82
36577;21;-5.92;39.81
36578;19;-5.88;39.81
36579;22;-5.75;39.85
36580;11;-5.70;39.82
36581;26;-5.69;39.81
36583;9;-5.61;39.81
36584;17;-5.58;39.81
36585;7;-5.56;39.81
36586;7;-5.52;39.81
36587;6;-5.51;39.81
36588;9;-5.33;39.81
36590;5;-5.08;39.81
36591;10;-5.03;39.81
36592;4;-5.00;39.81
36593;8;-4.99;39.81
36596;4;-4.31;39.81
36598;5;-4.09;39.83
36599;9;-4.00;39.82
36604;4;-3.14;39.82
36605;8;-3.08;39.81
36609;4;-2.16;39.81
36611;7;-1.86;39.82
36612;3;-1.84;39.83
36613;3;-1.78;39.81
36614;7;-1.58;39.81
36616;3;-1.36;39.81
36617;11;-1.18;39.81
36618;8;-1.11;39.81
36620;2;-1.06;39.82
36621;4;-1.01;39.81
36622;3;-0.42;39.81
36623;8;-0.32;39.81
36624;8;-0.23;39.81
36625;5;2.70;39.81
36627;8;2.98;39.81
36628;19;-5.05;39.85
36629;4;-4.81;39.83
36631;9;-1.54;39.82
36633;27;-6.09;39.81
36634;12;-4.72;39.81
36636;11;-6.89;39.81
36638;25;-6.70;39.81
36639;7;-6.49;39.81
36640;19;-6.38;39.81
36641;25;-6.02;39.82
36642;6;-5.37;39.81
36643;14;-5.35;39.81
36645;9;-4.04;39.81
36646;9;-3.97;39.81
36648;4;-1.99;39.81
36649;7;-1.61;39.81
36650;5;-1.42;39.81
36651;2;-1.02;39.81
36652;3;2.92;39.82
36654;11;-6.98;39.80
36655;11;-6.86;39.80
36656;14;-6.73;39.80
36657;23;-6.72;39.80
36658;11;-6.47;39.80
36659;10;-6.43;39.80
36660;19;-6.41;39.80
36661;20;-6.32;39.80
36662;16;-6.30;39.80
36663;14;-6.12;39.80
36664;16;-6.10;39.80
36665;19;-6.07;39.81
36666;25;-6.06;39.80
36667;19;-6.04;39.80
36668;28;-5.99;39.80
36669;19;-5.96;39.80
36670;19;-5.93;39.80
36671;23;-5.92;39.80
36672;25;-5.90;39.80
36673;23;-5.88;39.80
36674;4;-5.75;39.80
36675;6;-5.70;39.80
36677;25;-5.68;39.80
36679;15;-5.65;39.80
36680;21;-5.64;39.80
36681;15;-5.62;39.80
36682;7;-5.54;39.80
36684;14;-5.06;39.80
36685;10;-4.99;39.80
36686;4;-4.98;39.80
36688;12;-4.66;39.80
36690;13;-4.62;39.80
36693;8;-4.13;39.80
36699;4;-2.19;39.80
36700;9;-1.84;39.80
36701;7;-1.78;39.80
36702;4;-1.76;39.80
36703;8;-1.69;39.81
36705;4;-1.27;39.80
36706;8;-1.09;39.80
36707;2;-1.05;39.80
36711;3;2.69;39.80
36713;3;2.84;39.81
36714;8;2.90;39.80
36715;8;2.94;39.80
36717;8;3.08;39.80
36718;5;3.13;39.80
36719;5;-3.96;39.82
36720;18;-2.93;39.82
36721;2;-1.43;39.83
36722;2;-5.41;39.81
36723;10;-5.11;39.81
36724;13;-4.60;39.81
36725;4;-0.93;39.81
36726;21;-6.57;39.80
36727;4;-5.21;39.80
36731;4;-1.04;39.81
36732;8;2.81;39.82
36733;23;-6.67;39.80
36734;13;-6.18;39.80
36735;16;-6.14;39.80
36736;19;-5.83;39.80
36737;23;-5.81;39.80
36738;9;-5.28;39.80
36740;4;-1.95;39.80
36741;3;-1.86;39.80
36743;3;-1.80;39.80
36744;4;-0.99;39.80
36747;7;-0.37;39.80
36748;8;2.85;39.80
36749;3;3.00;39.81
36750;11;-7.00;39.79
36751;23;-6.73;39.79
36752;14;-6.72;39.79
36754;29;-6.64;39.79
36755;9;-6.50;39.79
36756;10;-6.41;39.79
36758;7;-6.38;39.79
36760;12;-6.12;39.79
36761;6;-6.09;39.79
36762;10;-6.08;39.79
36763;16;-5.97;39.79
36764;6;-5.90;39.79
36765;21;-5.89;39.79
36766;6;-5.88;39.79
36767;6;-5.86;39.79
36768;6;-5.71;39.79
36769;19;-5.64;39.79
36770;15;-5.63;39.79
36771;4;-5.42;39.79
36772;8;-5.40;39.80
36773;14;-5.36;39.79
36774;6;-5.35;39.79
36775;12;-5.33;39.79
36777;20;-4.63;39.79
36779;9;-4.00;39.79
36783;9;-3.71;39.80
36786;3;-3.37;39.79
36788;7;-1.80;39.79
36789;4;-1.78;39.79
36790;7;-1.64;39.79
36791;7;-1.59;39.79
36792;7;-1.52;39.79
36794;8;-1.11;39.79
36795;6;-1.05;39.79
36796;4;-1.01;39.79
36798;5;2.67;39.79
36799;5;2.69;39.79
36800;3;2.79;39.79
36801;8;2.88;39.79
36802;8;2.93;39.79
36804;9;-3.80;39.81
36806;5;-6.53;39.80
36807;7;-5.47;39.81
36809;7;-1.23;39.80
36810;21;-5.61;39.79
36811;2;-5.59;39.80
36812;9;-5.23;39.80
36813;4;-3.03;39.80
36814;9;-1.35;39.79
36815;13;-6.48;39.79
36816;21;-6.07;39.79
36817;29;-5.69;39.79
36818;14;-5.09;39.79
36819;8;-5.07;39.79
36820;12;-5.05;39.80
36821;12;-4.69;39.79
36824;8;-2.53;39.79
36825;7;-1.85;39.79
36826;2;-1.00;39.79
36828;6;-6.85;39.78
36829;25;-6.74;39.78
36830;11;-6.71;39.79
36831;27;-6.69;39.78
36833;29;-6.65;39.78
36834;27;-6.63;39.80
36835;3;-6.54;39.78
36836;9;-6.48;39.78
36837;6;-6.15;39.78
36838;12;-6.13;39.78
36839;16;-6.06;39.78
36840;16;-5.99;39.78
36841;23;-5.92;39.78
36842;6;-5.84;39.78
36843;25;-5.83;39.78
36844;19;-5.73;39.80
36845;29;-5.71;39.78
36846;19;-5.65;39.78
36848;10;-5.40;39.78
36849;2;-5.39;39.78
36850;12;-5.36;39.78
36852;8;-5.02;39.79
36853;4;-5.02;39.78
36855;12;-4.74;39.78
36856;8;-4.72;39.79
36858;13;-4.60;39.78
36859;9;-4.59;39.78
36860;12;-4.06;39.78
36862;9;-3.99;39.78
36864;5;-3.71;39.78
36869;6;-2.17;39.79
36870;7;-2.12;39.78
36871;11;-2.10;39.78
36872;4;-1.93;39.78
36874;3;-1.84;39.78
36875;8;-1.69;39.78
36876;7;-1.63;39.78
36877;5;-1.43;39.78
36879;6;-1.33;39.78
36880;11;-1.21;39.78
36881;11;-1.19;39.78
36882;11;-1.13;39.78
36883;4;-1.10;39.79
36885;6;-1.04;39.78
36886;6;-1.01;39.78
36887;4;-0.98;39.78
36892;7;-0.31;39.78
36893;3;-0.26;39.78
36894;3;2.73;39.78
36895;5;2.79;39.78
36896;5;3.14;39.78
36897;14;-6.45;39.79
36898;16;-4.55;39.80
36899;25;-6.60;39.79
36900;5;-4.23;39.81
36901;4;-3.10;39.81
36902;4;-0.32;39.80
36903;19;-6.42;39.78
36904;21;-5.94;39.79
36905;29;-5.79;39.79
36906;9;-4.92;39.80
36908;6;-1.67;39.81
36909;4;-1.32;39.78
36911;3;-0.40;39.79
36912;3;2.91;39.79
36913;23;-6.40;39.79
36914;18;-6.23;39.79
36915;19;-5.62;39.78
36916;4;-5.55;39.78
36917;13;-5.46;39.78
36918;8;-5.44;39.78
36920;14;-5.38;39.78
36921;4;-4.31;39.78
36922;9;-4.29;39.78
36923;9;-3.96;39.78
36926;5;-1.37;39.79
36927;8;2.89;39.78
36929;11;-6.65;39.78
36930;23;-6.64;39.78
36931;11;-6.62;39.78
36932;11;-6.59;39.78
36933;14;-6.58;39.78
36934;5;-6.53;39.78
36935;9;-6.51;39.78
36936;20;-6.38;39.78
36937;19;-6.32;39.78
36938;7;-6.18;39.78
36939;19;-5.92;39.78
36940;19;-5.87;39.78
36941;19;-5.77;39.78
36942;4;-5.72;39.78
36943;4;-5.69;39.78
36944;27;-5.68;39.78
36945;15;-5.61;39.78
36946;11;-5.59;39.78
36947;10;-5.42;39.78
36948;4;-5.08;39.78
36949;13;-5.07;39.78
36951;13;-4.99;39.78
36952;13;-4.62;39.78
36955;12;-4.51;39.80
36956;4;-4.34;39.78
36958;8;-4.17;39.78
36960;9;-3.93;39.78
36965;8;-3.23;39.78
36970;7;-2.10;39.78
36971;7;-1.82;39.78
36972;2;-1.43;39.78
36974;11;-1.20;39.78
36975;11;-1.14;39.78
36976;7;-1.11;39.78
36977;5;-0.97;39.78
36978;5;-0.94;39.78
36981;8;2.80;39.78
36982;8;2.87;39.78
36983;5;3.15;39.78
36984;5;3.37;39.78
36985;7;-2.48;39.80
36986;2;-0.90;39.81
36988;8;-2.18;39.80
36989;19;-6.95;39.80
36990;13;-6.87;39.78
36991;23;-5.66;39.78
36993;8;-2.08;39.79
36994;3;-1.40;39.78
36995;11;-6.98;39.78
36997;23;-6.56;39.78
36998;14;-6.11;39.78
36999;19;-5.81;39.78
37000;14;-5.34;39.78
37001;11;-5.00;39.78
37002;20;-4.64;39.78
37003;4;-1.56;39.80
37005;3;2.86;39.78
37006;9;-6.54;39.77
37007;23;-5.83;39.77
37008;8;-5.36;39.77
37013;8;-1.70;39.77
37014;4;-1.69;39.77
37015;7;-1.67;39.77
37016;7;-1.36;39.77
37019;5;2.66;39.77
37020;3;2.99;39.77
37021;3;3.13;39.77
37022;6;-6.86;39.77
37023;6;-6.79;39.77
37024;11;-6.69;39.77
37025;11;-6.60;39.77
37026;13;-6.53;39.77
37027;6;-6.21;39.77
37028;10;-6.20;39.77
37029;11;-6.08;39.77
37030;9;-6.07;39.77
37031;23;-5.99;39.77
37032;6;-5.80;39.77
37033;19;-5.78;39.77
37034;6;-5.77;39.77
37035;21;-5.62;39.77
37036;12;-5.37;39.77
37037;6;-5.31;39.77
37038;4;-5.18;39.77
37039;10;-5.11;39.77
37040;11;-5.06;39.77
37041;11;-4.99;39.77
37044;9;-4.61;39.77
37046;16;-4.53;39.77
37047;4;-4.32;39.77
37048;7;-4.29;39.77
37053;4;-3.11;39.77
37055;9;-2.82;39.79
37059;7;-1.62;39.77
37060;11;-1.12;39.77
37061;2;-1.11;39.77
37065;16;2.82;39.77
37067;5;3.17;39.77
37069;5;3.39;39.77
37070;13;-2.95;39.79
37071;11;-3.40;39.80
37072;8;-2.98;39.91
37073;16;-4.67;39.79
37075;11;-6.45;39.77
37076;25;-5.86;39.78
37077;4;-2.12;39.77
37078;11;-6.75;39.77
37079;12;-4.72;39.77
37080;10;-6.30;39.77
37081;13;-5.54;39.76
37082;4;-5.52;39.76
37084;8;-5.41;39.77
37085;9;-5.28;39.77
37086;5;-3.75;39.78
37087;8;-3.29;39.80
37089;4;-1.10;39.76
37090;6;-6.82;39.76
37091;11;-6.71;39.76
37092;11;-6.66;39.76
37093;11;-6.59;39.76
37094;14;-6.31;39.76
37095;6;-6.25;39.76
37096;9;-6.08;39.76
37097;21;-5.99;39.76
37098;11;-5.81;39.76
37099;19;-5.80;39.76
37100;19;-5.77;39.76
37101;4;-5.54;39.76
37102;15;-5.52;39.76
37103;13;-5.50;39.76
37104;8;-5.33;39.76
37105;6;-5.29;39.76
37106;6;-5.24;39.76
37107;4;-5.15;39.76
37108;11;-5.11;39.76
37111;12;-4.94;39.76
37112;13;-4.62;39.76
37115;12;-4.29;39.76
37116;9;-3.93;39.76
37117;9;-3.71;39.76
37119;7;-2.10;39.76
37122;6;-1.68;39.76
37123;4;-1.46;39.76
37124;7;-1.28;39.76
37125;7;-1.22;39.76
37126;11;-1.18;39.76
37128;3;-1.11;39.76
37129;4;-1.07;39.76
37131;2;-0.88;39.76
37132;3;2.76;39.79
37133;3;3.12;39.76
37134;3;3.14;39.76
37136;5;3.42;39.76
37137;6;-5.17;39.78
37138;4;-1.04;39.77
37139;4;-5.20;39.76
37140;11;-2.14;39.80
37141;19;-6.98;39.76
37142;11;-6.84;39.78
37143;25;-6.57;39.76
37144;16;-6.37;39.77
37145;19;-6.33;39.76
37146;16;-3.91;39.75
37149;19;-6.90;39.75
37150;13;-5.13;39.75
37151;5;-3.81;39.75
37152;4;-3.08;39.76
37154;4;-1.75;39.75
37155;8;-1.71;39.75
37156;4;-1.33;39.76
37157;3;2.69;39.77
37158;16;2.83;39.75
37161;3;3.17;39.75
37162;19;-6.96;39.75
37163;19;-6.94;39.75
37164;11;-6.92;39.75
37165;6;-6.85;39.75
37166;11;-6.57;39.75
37167;6;-6.31;39.75
37168;7;-6.18;39.75
37169;23;-5.99;39.75
37170;11;-5.80;39.75
37171;19;-5.71;39.75
37172;21;-5.61;39.75
37173;8;-5.40;39.75
37174;10;-5.39;39.75
37175;11;-5.28;39.75
37177;6;-5.25;39.75
37178;7;-5.15;39.75
37179;11;-5.08;39.75
37180;11;-5.06;39.75
37181;11;-5.04;39.75
37182;12;-4.95;39.75
37183;16;-4.70;39.75
37184;20;-4.63;39.75
37185;13;-4.61;39.75
37188;16;-3.97;39.75
37189;16;-3.87;39.80
37193;11;-2.12;39.75
37194;4;-2.06;39.77
37195;4;-1.89;39.75
37198;2;-1.72;39.75
37199;7;-1.62;39.75
37200;4;-1.48;39.75
37202;2;-1.13;39.75
37203;3;-1.12;39.75
37204;11;-1.11;39.75
37207;9;2.62;39.75
37209;7;2.82;39.75
37211;5;3.20;39.75
37212;4;-2.28;39.86
37213;12;-4.93;39.77
37214;15;-5.52;39.78
37215;8;-2.63;39.76
37216;4;-1.16;39.81
37217;6;-1.48;39.78
37218;14;-5.37;39.75
37219;8;-4.87;39.75
37220;4;-3.67;39.93
37221;4;-1.65;39.75
37222;21;-6.94;39.76
37223;13;-6.80;39.76
37224;21;-5.67;39.75
37225;13;-5.46;39.74
37226;4;-5.45;39.74
37227;12;-5.34;39.75
37228;13;-5.01;39.75
37229;12;-4.73;39.74
37230;8;-4.72;39.74
37231;7;-3.75;39.75
37232;11;-3.72;39.75
37234;12;-1.59;39.75
37235;7;-1.20;39.74
37236;8;-1.08;39.75
37237;11;-1.05;39.74
37238;7;-1.04;39.74
37239;19;-7.00;39.74
37240;11;-6.98;39.74
37241;11;-6.90;39.74
37242;7;-6.89;39.74
37243;11;-6.84;39.74
37244;23;-6.75;39.74
37245;6;-6.54;39.74
37246;2;-6.46;39.74
37247;7;-6.35;39.74
37248;15;-6.32;39.74
37249;16;-6.27;39.74
37250;7;-6.16;39.74
37251;19;-5.74;39.74
37253;4;-5.40;39.74
37254;11;-5.30;39.74
37255;9;-5.28;39.74
37256;6;-5.20;39.74
37257;4;-5.19;39.74
37258;11;-5.07;39.74
37259;13;-5.06;39.74
37260;12;-4.92;39.74
37261;12;-4.70;39.74
37266;13;-3.83;39.74
37271;3;-2.12;39.74
37272;7;-2.10;39.74
37274;4;-1.84;39.74
37276;2;-1.70;39.74
37277;9;-1.60;39.78
37278;3;-1.45;39.74
37279;7;-1.32;39.74
37280;7;-1.25;39.74
37281;11;-1.15;39.74
37282;4;-1.13;39.74
37285;7;-0.98;39.76
37286;3;-0.94;39.75
37287;4;-0.37;39.74
37288;9;2.76;39.74
37289;13;2.83;39.74
37290;12;2.89;39.74
37291;3;2.98;39.74
37292;7;3.15;39.74
37295;4;3.45;39.74
37296;25;-6.70;39.75
37297;17;-5.58;39.76
37299;11;-6.52;39.74
37300;16;-6.21;39.75
37301;23;-6.59;39.74
37302;23;-5.81;39.74
37303;15;-5.59;39.74
37304;10;-5.43;39.74
37305;4;-3.19;39.74
37306;9;2.64;39.74
37308;5;3.46;39.74
37309;14;-6.27;39.77
37310;19;-5.64;39.75
37312;9;-5.31;39.74
37314;4;-3.13;39.74
37315;4;-3.02;39.74
37317;4;-1.88;39.78
37318;2;-1.10;39.73
37319;7;-1.06;39.73
37320;9;2.68;39.74
37321;9;2.72;39.74
37322;4;2.81;39.74
37323;7;2.86;39.74
37324;3;3.14;39.73
37325;19;-6.94;39.73
37326;18;-6.91;39.73
37327;7;-6.90;39.73
37328;6;-6.88;39.74
37329;17;-6.86;39.73
37330;17;-6.84;39.73
37331;15;-6.83;39.73
37332;11;-6.79;39.73
37333;25;-6.61;39.73
37334;27;-6.55;39.73
37335;2;-6.48;39.73
37336;7;-6.39;39.73
37337;18;-6.29;39.73
37338;20;-6.28;39.73
37339;21;-5.76;39.73
37340;19;-5.70;39.73
37341;15;-5.68;39.73
37342;7;-5.65;39.73
37343;15;-5.62;39.73
37344;17;-5.60;39.73
37345;18;-5.52;39.74
37346;9;-5.52;39.73
37347;16;-5.49;39.73
37348;18;-5.48;39.73
37349;4;-5.46;39.73
37350;15;-5.45;39.73
37352;7;-5.40;39.73
37353;13;-5.38;39.73
37354;12;-5.36;39.73
37355;14;-5.34;39.73
37356;11;-5.27;39.77
37357;4;-5.20;39.73
37358;6;-5.19;39.73
37359;16;-5.01;39.73
37360;7;-4.98;39.73
37363;13;-3.85;39.73
37364;7;-3.74;39.73
37367;4;-3.15;39.73
37369;4;-2.20;39.73
37370;3;-2.14;39.73
37371;2;-1.76;39.74
37372;3;-1.71;39.73
37374;7;-1.49;39.73
37376;7;-1.15;39.73
37377;4;-1.12;39.73
37378;9;2.74;39.73
37379;4;2.83;39.73
37380;16;2.85;39.73
37381;23;-5.88;39.75
37382;13;-4.56;39.75
37383;4;-1.77;39.76
37384;12;-4.02;39.76
37385;14;-6.22;39.73
37386;19;-5.85;39.74
37387;11;-5.11;39.73
37388;13;-5.07;39.75
37389;3;-0.30;39.75
37392;11;-4.03;39.73
37393;7;-2.15;39.73
37395;16;2.88;39.73
37396;3;3.02;39.73
37398;18;-6.97;39.72
37399;7;-6.47;39.75
37400;16;-6.24;39.73
37401;27;-5.74;39.76
37406;11;-1.08;39.73
37407;11;-1.02;39.73
37408;4;-0.81;39.73
37409;8;2.98;39.73
37410;7;3.12;39.73
37412;18;-6.92;39.72
37413;20;-6.91;39.72
37414;7;-6.60;39.72
37415;2;-6.46;39.72
37416;12;-6.38;39.73
37417;7;-6.40;39.72
37418;12;-6.39;39.72
37419;16;-6.37;39.72
37421;18;-6.27;39.72
37422;14;-6.25;39.72
37423;16;-5.94;39.72
37424;19;-5.90;39.72
37425;19;-5.76;39.72
37427;21;-5.67;39.72
37428;19;-5.65;39.72
37429;15;-5.64;39.72
37430;15;-5.61;39.72
37431;18;-5.59;39.72
37432;10;-5.50;39.72
37433;6;-5.43;39.72
37434;10;-5.42;39.72
37435;16;-5.37;39.72
37436;13;-5.36;39.72
37437;11;-5.34;39.72
37438;4;-5.19;39.72
37439;16;-5.03;39.72
37442;7;-3.73;39.72
37443;8;-3.44;39.72
37447;4;-1.85;39.72
37450;7;-1.51;39.72
37451;7;-1.13;39.72
37452;11;-1.12;39.72
37453;11;-1.06;39.72
37454;4;-1.05;39.72
37455;7;-1.00;39.72
37457;4;-0.32;39.72
37459;3;-0.28;39.72
37461;13;2.80;39.72
37462;13;2.86;39.72
37465;8;2.99;39.77
37467;17;-6.62;39.72
37468;7;-5.17;39.72
37470;8;-4.64;39.72
37472;5;-1.73;39.73
37473;17;-6.66;39.72
37474;15;-6.56;39.72
37476;11;-6.14;39.74
37477;10;-5.55;39.71
37478;12;-5.53;39.72
37479;10;-5.38;39.72
37480;6;-5.20;39.72
37481;9;-5.15;39.73
37482;16;-5.08;39.72
37484;13;-4.61;39.72
37485;7;-1.59;39.72
37487;4;3.22;39.72
37488;7;-6.63;39.71
37489;19;-6.27;39.71
37491;15;-6.18;39.71
37493;15;-5.96;39.71
37494;10;-5.80;39.71
37495;10;-5.75;39.71
37496;12;-5.74;39.71
37497;19;-5.63;39.72
37498;16;-5.62;39.71
37499;20;-5.61;39.71
37500;6;-5.50;39.71
37501;9;-5.45;39.71
37502;12;-5.37;39.71
37504;10;-5.32;39.71
37506;10;-5.27;39.71
37507;8;-5.21;39.71
37510;3;-4.78;39.71
37512;11;-4.02;39.71
37514;8;-3.54;39.76
37517;4;-1.82;39.71
37518;8;-1.78;39.71
37519;7;-1.11;39.71
37521;4;-0.34;39.71
37522;7;-0.29;39.71
37523;4;2.59;39.71
37525;4;2.83;39.71
37526;12;2.88;39.71
37527;8;2.89;39.71
37529;3;3.05;39.71
37533;9;-3.85;39.72
37534;7;-6.84;39.71
37535;12;-5.48;39.71
37536;3;-5.46;39.71
37539;10;-7.00;39.72
37540;19;-6.22;39.71
37541;16;-6.00;39.71
37542;15;-5.98;39.71
37543;19;-5.70;39.71
37544;12;-5.59;39.71
37545;16;-5.57;39.71
37546;12;-5.42;39.71
37547;6;-5.40;39.71
37548;16;-5.36;39.71
37549;13;-5.34;39.71
37550;11;-5.10;39.71
37551;16;-5.00;39.71
37552;13;-4.99;39.71
37553;4;-3.01;39.71
37554;4;-1.80;39.71
37555;9;2.63;39.71
37557;13;2.87;39.71
37558;8;2.96;39.71
37559;4;3.12;39.71
37560;17;-6.85;39.70
37561;17;-6.83;39.70
37562;18;-6.48;39.70
37563;16;-6.33;39.71
37564;17;-6.27;39.70
37565;21;-6.22;39.70
37566;15;-6.19;39.70
37567;18;-5.81;39.70
37568;10;-5.74;39.70
37569;12;-5.73;39.70
37570;19;-5.67;39.70
37571;12;-5.55;39.70
37572;10;-5.52;39.70
37573;6;-5.49;39.70
37574;8;-5.32;39.70
37576;10;-5.29;39.70
37579;3;-4.76;39.70
37580;8;-4.66;39.70
37581;13;-4.62;39.70
37584;12;-4.57;39.70
37588;4;-2.67;39.70
37590;7;-1.77;39.70
37592;4;-0.28;39.70
37593;4;-0.22;39.70
37594;5;2.52;39.70
37597;13;2.69;39.70
37598;9;2.88;39.70
37599;3;2.95;39.71
37600;8;2.99;39.70
37601;3;3.08;39.73
37604;3;-1.25;39.72
37606;17;-6.31;39.70
37607;11;-3.96;39.72
37608;3;-2.09;39.72
37609;19;-6.43;39.70
37610;16;-6.40;39.71
37611;18;-5.87;39.71
37612;23;-5.67;39.70
37614;4;-3.43;39.73
37616;3;3.02;39.70
37617;17;-6.81;39.71
37618;7;-6.58;39.70
37619;19;-5.84;39.70
37620;19;-5.77;39.70
37621;10;-5.70;39.70
37622;16;-5.63;39.70
37623;22;-5.61;39.70
37624;7;-5.16;39.70
37625;9;-5.14;39.70
37626;9;-1.59;39.70
37627;13;2.82;39.70
37628;18;-6.99;39.69
37629;16;-6.38;39.69
37630;19;-6.33;39.69
37631;19;-6.22;39.69
37632;16;-5.89;39.69
37633;16;-5.80;39.69
37634;20;-5.65;39.69
37635;22;-5.64;39.69
37636;20;-5.62;39.69
37637;4;-5.58;39.69
37638;12;-5.57;39.69
37639;16;-5.54;39.69
37640;14;-5.51;39.69
37641;9;-5.45;39.69
37643;16;-5.39;39.69
37644;14;-5.38;39.69
37645;14;-5.36;39.69
37646;10;-5.27;39.69
37647;8;-5.23;39.69
37648;13;-5.21;39.69
37649;16;-5.06;39.69
37651;4;-4.66;39.69
37652;13;-4.61;39.69
37654;12;-4.59;39.69
37655;12;-4.56;39.69
37659;4;-3.07;39.69
37660;4;-3.03;39.69
37663;4;-1.78;39.69
37664;5;-1.64;39.70
37665;3;-1.63;39.69
37666;7;-1.57;39.69
37667;7;-1.51;39.69
37668;7;-1.11;39.69
37669;4;-0.80;39.69
37670;7;-0.32;39.69
37671;4;2.54;39.69
37675;5;2.96;39.69
37676;5;2.99;39.69
37680;4;3.44;39.69
37681;7;-3.78;39.71
37682;13;-6.74;39.71
37684;10;-5.23;39.71
37686;7;-1.74;39.69
37687;6;-6.47;39.70
37688;15;-6.13;39.69
37689;22;-6.01;39.69
37690;18;-5.59;39.69
37692;16;-5.43;39.69
37693;7;-5.34;39.69
37694;10;-5.32;39.69
37695;13;-5.10;39.69
37696;10;-4.95;39.70
37700;3;-0.30;39.70
37701;13;2.66;39.69
37702;13;2.85;39.69
37703;4;3.22;39.69
37704;9;3.35;39.73
37705;12;-6.95;39.68
37706;15;-6.79;39.68
37707;19;-6.25;39.68
37708;15;-5.97;39.68
37709;7;-5.90;39.68
37710;7;-5.72;39.68
37711;7;-5.69;39.68
37712;22;-5.67;39.68
37713;20;-5.64;39.68
37714;16;-5.62;39.68
37715;20;-5.61;39.68
37716;16;-5.57;39.68
37717;16;-5.52;39.68
37719;11;-5.45;39.68
37720;16;-5.37;39.69
37721;10;-5.29;39.68
37722;8;-5.28;39.71
37723;14;-5.23;39.68
37724;11;-5.08;39.68
37725;16;-5.01;39.68
37726;3;-4.93;39.68
37727;13;-4.62;39.68
37731;8;-3.91;39.68
37732;7;-3.73;39.68
37733;4;-3.24;39.68
37734;4;-3.10;39.68
37738;3;-2.09;39.68
37739;5;-1.62;39.69
37740;6;-1.55;39.69
37743;7;-0.89;39.68
37745;4;-0.79;39.68
37747;7;-0.31;39.68
37748;5;2.50;39.68
37749;9;2.54;39.68
37750;9;2.61;39.68
37751;4;2.66;39.68
37752;13;2.70;39.68
37754;5;3.24;39.68
37755;4;3.43;39.68
37756;4;2.71;39.72
37757;3;-1.45;39.71
37758;22;-5.92;39.69
37759;14;-5.04;39.71
37760;7;-4.94;39.71
37761;11;-6.71;39.69
37763;9;-4.40;39.78
37765;5;3.45;39.68
37766;18;-5.80;39.68
37767;10;-5.39;39.68
37768;11;-4.99;39.68
37769;16;-4.56;39.71
37770;7;-3.71;39.68
37771;7;-1.59;39.68
37772;7;-0.34;39.68
37773;13;2.63;39.68
37775;9;2.84;39.68
37776;4;3.39;39.69
37777;20;-6.97;39.70
37778;6;-6.98;39.68
37779;17;-6.85;39.68
37780;13;-6.70;39.68
37782;19;-6.21;39.68
37784;12;-6.07;39.68
37785;15;-5.94;39.68
37786;21;-5.90;39.68
37787;7;-5.77;39.68
37788;7;-5.56;39.68
37789;11;-5.52;39.68
37790;11;-5.50;39.68
37792;13;-5.44;39.68
37794;16;-5.42;39.68
37795;14;-5.40;39.68
37796;8;-5.30;39.69
37797;15;-5.23;39.68
37799;9;-5.10;39.68
37800;13;-5.08;39.68
37801;11;-5.07;39.68
37802;16;-5.02;39.68
37803;13;-5.01;39.68
37804;12;-4.55;39.68
37806;12;-3.86;39.68
37807;4;-3.35;39.68
37808;4;-3.01;39.68
37809;3;-1.74;39.68
37810;7;-1.72;39.68
37812;9;-1.61;39.68
37814;3;-1.48;39.68
37815;3;-1.24;39.68
37816;3;-1.21;39.68
37817;3;-1.18;39.68
37818;7;-0.91;39.68
37819;7;-0.29;39.68
37820;4;-0.24;39.68
37822;9;2.58;39.68
37823;13;2.66;39.68
37824;4;2.67;39.68
37827;5;2.97;39.68
37828;7;-2.36;39.71
37829;12;-3.90;39.70
37830;3;-2.15;39.69
37831;7;-0.94;39.70
37832;4;-3.28;39.72
37833;9;2.80;39.68
37834;21;-5.84;39.68
37835;8;-2.93;39.71
37836;11;-5.47;39.68
37839;5;3.28;39.70
37840;14;-6.79;39.67
37841;8;-6.75;39.67
37842;17;-5.22;39.67
37848;3;-2.07;39.67
37850;4;-0.80;39.67
37851;5;2.48;39.67
37852;4;3.17;39.69
37853;5;3.34;39.67
37854;6;-7.53;39.67
37855;4;-7.50;39.67
37856;7;-7.27;39.67
37857;11;-7.24;39.67
37858;11;-7.18;39.67
37859;11;-7.14;39.67
37860;20;-7.03;39.67
37861;14;-7.02;39.67
37862;10;-6.98;39.67
37863;7;-6.58;39.67
37864;16;-6.01;39.67
37865;11;-6.00;39.67
37866;15;-5.95;39.67
37867;15;-5.93;39.67
37868;25;-5.92;39.67
37870;16;-5.64;39.67
37871;16;-5.61;39.67
37872;13;-5.43;39.67
37874;16;-5.40;39.67
37876;16;-5.38;39.67
37877;10;-5.32;39.67
37878;13;-5.26;39.67
37879;13;-5.00;39.67
37880;7;-4.99;39.67
37883;5;-4.60;39.67
37884;9;-4.59;39.67
37885;3;-4.08;39.67
37886;16;-3.86;39.67
37887;12;-3.82;39.67
37888;7;-3.78;39.67
37889;7;-3.72;39.67
37892;4;-3.27;39.67
37893;4;-3.17;39.68
37894;4;-3.15;39.67
37895;4;-3.05;39.67
37896;8;-2.98;39.67
37897;8;-2.96;39.67
37899;3;-2.41;39.67
37901;4;-1.74;39.67
37902;4;-1.59;39.67
37904;3;-1.20;39.67
37905;7;-1.13;39.67
37908;11;-0.34;39.67
37909;7;-0.32;39.67
37910;3;-0.30;39.67
37911;7;-0.25;39.67
37912;4;2.72;39.67
37913;9;2.76;39.67
37914;9;2.87;39.67
37916;5;2.99;39.67
37917;4;3.23;39.67
37918;4;-4.70;39.69
37919;9;-5.17;39.69
37920;3;-1.67;39.70
37921;5;2.91;39.68
37922;12;-6.80;39.67
37923;23;-6.34;39.67
37924;16;-6.05;39.67
37925;4;-1.53;39.70
37928;9;-4.61;39.67
37929;4;2.59;39.68
37930;11;-5.28;39.67
37931;13;-5.07;39.66
37932;11;-5.04;39.66
37933;7;-3.99;39.68
37934;4;-3.33;39.66
37937;13;2.69;39.66
37938;4;-7.54;39.66
37939;6;-7.43;39.66
37940;11;-7.40;39.66
37941;14;-7.39;39.66
37942;7;-7.36;39.66
37943;10;-7.29;39.66
37944;15;-7.24;39.66
37945;6;-7.21;39.66
37946;11;-7.15;39.66
37947;6;-7.14;39.66
37948;14;-7.05;39.66
37949;17;-6.87;39.66
37950;10;-6.67;39.66
37951;4;-6.44;39.66
37952;19;-6.32;39.66
37953;21;-6.21;39.66
37954;16;-6.08;39.66
37955;12;-6.02;39.66
37956;21;-5.83;39.66
37957;19;-5.81;39.66
37958;16;-5.62;39.66
37959;22;-5.61;39.66
37960;20;-5.59;39.66
37961;11;-5.52;39.66
37962;11;-5.49;39.66
37963;7;-5.44;39.66
37964;11;-5.42;39.66
37965;7;-5.35;39.66
37966;14;-5.32;39.66
37967;13;-5.31;39.66
37968;11;-5.26;39.66
37969;20;-5.23;39.66
37970;3;-5.14;39.66
37971;13;-5.02;39.66
37973;9;-4.99;39.66
37974;6;-4.98;39.66
37976;9;-4.56;39.66
37977;9;-4.54;39.66
37978;12;-4.40;39.70
37983;9;-1.61;39.66
37985;3;-1.34;39.66
37988;11;-0.32;39.66
37989;7;-0.27;39.66
37990;5;2.46;39.66
37991;4;2.48;39.66
37992;9;2.49;39.66
37993;9;2.88;39.66
37994;5;2.98;39.66
37995;5;3.01;39.66
37996;5;3.45;39.66
37997;18;-6.01;39.74
37999;4;-0.90;39.68
38000;13;-5.19;39.66
38001;7;-5.12;39.69
38002;7;-4.73;39.66
38003;6;-4.91;39.67
38004;3;-4.83;39.70
38005;19;-5.86;39.66
38006;11;-5.08;39.65
38008;17;-7.47;39.65
38009;14;-7.28;39.65
38010;11;-7.26;39.65
38011;17;-7.18;39.65
38012;15;-6.09;39.65
38013;22;-6.01;39.65
38014;20;-5.92;39.65
38015;20;-5.57;39.65
38018;7;-0.30;39.65
38019;13;2.64;39.65
38021;8;-7.49;39.65
38022;15;-7.48;39.65
38023;15;-7.45;39.65
38024;8;-7.43;39.65
38025;15;-7.16;39.65
38026;20;-7.06;39.65
38027;17;-6.89;39.65
38028;11;-6.84;39.65
38029;14;-6.80;39.65
38030;22;-6.37;39.65
38031;17;-6.19;39.65
38032;4;-6.16;39.65
38034;8;-5.32;39.65
38035;15;-5.25;39.65
38036;18;-5.24;39.65
38037;17;-5.23;39.65
38038;9;-5.14;39.65
38039;5;-5.12;39.65
38040;13;-5.05;39.65
38041;7;-5.03;39.65
38042;9;-5.01;39.65
38043;12;-5.00;39.65
38044;3;-4.75;39.65
38045;12;-4.72;39.65
38046;9;-4.70;39.65
38048;5;-4.48;39.65
38049;17;-4.39;39.65
38051;13;-4.29;39.65
38052;18;-4.18;39.65
38053;16;-4.17;39.65
38054;10;-4.16;39.65
38055;3;-4.08;39.65
38056;8;-3.75;39.65
38060;4;-3.30;39.65
38061;3;-1.65;39.65
38062;3;-1.16;39.65
38064;4;-0.81;39.65
38066;5;2.44;39.65
38067;4;2.49;39.65
38068;9;2.50;39.65
38069;9;2.52;39.65
38071;4;-0.51;39.69
38072;7;-0.52;39.75
38073;23;-6.41;39.66
38074;20;-6.37;39.67
38075;10;-6.74;39.66
38076;12;-6.64;39.65
38077;15;-6.56;39.68
38079;8;-0.34;39.65
38080;10;-7.52;39.65
38081;13;-5.36;39.66
38083;8;-3.72;39.65
38084;8;-2.59;39.65
38085;4;-2.25;39.65
38086;4;-1.11;39.68
38087;5;2.77;39.65
38088;5;3.38;39.65
38089;10;-7.40;39.64
38090;10;-7.34;39.64
38091;17;-7.22;39.65
38092;12;-6.06;39.64
38093;7;-5.53;39.64
38094;13;-5.53;39.66
38095;7;-5.40;39.64
38096;17;-5.31;39.64
38097;9;-4.43;39.65
38098;8;-3.80;39.64
38099;4;-2.79;39.64
38100;9;-1.55;39.64
38101;7;-1.34;39.64
38102;4;2.46;39.64
38103;10;-7.49;39.64
38104;10;-7.47;39.64
38105;8;-7.41;39.64
38106;16;-7.35;39.64
38107;23;-7.09;39.64
38108;21;-7.08;39.64
38109;8;-6.80;39.64
38110;14;-6.78;39.64
38111;8;-6.75;39.64
38113;9;-6.43;39.64
38114;25;-6.41;39.64
38115;22;-6.38;39.64
38116;24;-6.35;39.64
38117;24;-6.32;39.64
38118;25;-6.30;39.64
38119;10;-6.17;39.64
38120;18;-6.08;39.64
38121;7;-5.78;39.64
38123;7;-5.50;39.64
38124;11;-5.46;39.64
38125;12;-5.32;39.64
38126;9;-5.26;39.64
38127;10;-5.24;39.64
38129;3;-5.05;39.64
38130;5;-5.04;39.64
38131;6;-5.00;39.64
38134;12;-4.74;39.64
38135;15;-4.31;39.64
38137;16;-4.28;39.64
38138;10;-4.13;39.64
38139;8;-4.08;39.64
38140;10;-4.06;39.64
38144;8;-3.74;39.64
38145;4;-3.68;39.64
38148;4;-1.82;39.64
38149;4;-1.62;39.64
38150;7;-1.32;39.64
38153;4;-0.76;39.64
38154;4;-0.55;39.64
38155;4;-0.52;39.64
38156;4;-0.39;39.70
38157;4;-0.37;39.64
38158;4;-0.25;39.64
38159;9;2.44;39.64
38160;13;2.66;39.64
38161;5;2.73;39.64
38163;18;-6.46;39.67
38164;21;-6.27;39.67
38166;14;-6.16;39.65
38168;17;-5.96;39.67
38169;21;-5.87;39.64
38170;4;-3.26;39.64
38172;8;-7.51;39.64
38173;11;-7.38;39.64
38174;25;-6.22;39.64
38175;16;-5.74;39.66
38177;3;-4.90;39.64
38180;3;-1.19;39.64
38181;5;2.60;39.64
38182;19;-7.02;39.63
38183;20;-6.18;39.63
38184;5;-4.52;39.64
38185;5;-4.45;39.63
38186;13;-4.36;39.64
38187;10;-4.10;39.64
38188;7;-7.38;39.63
38189;19;-7.04;39.63
38190;20;-7.00;39.63
38191;23;-6.43;39.63
38192;22;-6.41;39.63
38193;20;-6.40;39.63
38194;22;-6.39;39.63
38195;15;-6.29;39.63
38196;20;-6.09;39.63
38197;18;-6.03;39.64
38198;16;-6.02;39.63
38199;15;-5.97;39.63
38200;18;-5.90;39.63
38201;18;-5.81;39.63
38202;16;-5.78;39.63
38203;18;-5.77;39.63
38204;7;-5.75;39.63
38205;17;-5.68;39.63
38206;20;-5.65;39.65
38208;17;-5.54;39.63
38210;11;-5.51;39.63
38211;17;-5.50;39.63
38212;11;-5.49;39.63
38213;15;-5.47;39.63
38214;4;-5.42;39.63
38215;13;-5.31;39.63
38216;18;-5.25;39.63
38218;5;-5.05;39.63
38221;15;-4.34;39.63
38223;18;-4.28;39.63
38224;10;-4.08;39.63
38225;8;-3.79;39.63
38226;4;-3.10;39.63
38227;4;-1.78;39.65
38229;4;-1.02;39.63
38231;4;-0.68;39.63
38232;4;-0.36;39.63
38233;4;-0.27;39.63
38234;5;2.42;39.63
38235;4;2.44;39.63
38238;5;2.55;39.63
38239;9;2.66;39.63
38240;9;2.68;39.63
38241;5;2.74;39.63
38242;17;-6.14;39.68
38243;7;-1.58;39.64
38244;5;-3.78;39.64
38245;13;-5.28;39.64
38246;14;-7.30;39.63
38247;21;-7.11;39.63
38249;5;-4.43;39.63
38250;11;-4.17;39.63
38252;4;-3.31;39.63
38253;12;-6.72;39.63
38254;14;-6.71;39.63
38255;15;-6.07;39.63
38256;10;-5.36;39.63
38257;8;-5.32;39.63
38258;11;-5.30;39.63
38259;17;-5.26;39.63
38260;4;-3.22;39.63
38261;4;-2.22;39.63
38262;4;-0.78;39.63
38264;9;2.52;39.63
38265;15;-7.39;39.62
38266;11;-7.38;39.62
38267;14;-7.36;39.62
38268;10;-7.33;39.62
38269;19;-7.09;39.62
38270;4;-6.77;39.62
38272;7;-6.56;39.62
38273;13;-6.44;39.62
38274;28;-6.41;39.62
38275;26;-6.40;39.62
38276;15;-6.25;39.62
38277;17;-6.24;39.62
38278;15;-6.22;39.62
38279;15;-6.13;39.62
38280;12;-6.08;39.62
38281;22;-6.05;39.62
38282;12;-5.97;39.62
38283;16;-5.87;39.62
38284;20;-5.65;39.62
38285;20;-5.59;39.62
38287;15;-5.52;39.62
38289;11;-5.50;39.62
38290;15;-5.49;39.62
38291;11;-5.48;39.62
38292;10;-5.27;39.62
38293;7;-5.23;39.62
38294;7;-5.14;39.63
38295;5;-5.04;39.62
38296;3;-4.85;39.62
38297;5;-4.38;39.62
38298;16;-4.28;39.62
38301;5;-3.71;39.62
38302;4;-3.33;39.62
38308;3;-1.61;39.62
38309;7;-1.34;39.62
38310;3;-1.17;39.62
38311;4;-0.35;39.62
38312;5;2.39;39.62
38313;9;2.47;39.63
38314;5;2.64;39.62
38316;5;2.67;39.62
38317;5;3.39;39.62
38318;18;-6.95;39.66
38319;18;-4.24;39.64
38320;3;-5.11;39.63
38321;14;-6.74;39.62
38322;16;-4.26;39.62
38324;5;2.79;39.62
38325;26;-6.43;39.62
38326;28;-6.38;39.62
38327;24;-6.33;39.62
38328;18;-6.11;39.61
38329;21;-6.03;39.62
38330;19;-6.02;39.62
38331;24;-5.99;39.62
38332;4;-5.72;39.62
38333;19;-5.69;39.62
38334;15;-5.45;39.62
38335;15;-5.23;39.63
38337;15;-4.35;39.62
38340;4;-1.36;39.62
38341;5;2.54;39.62
38342;5;3.36;39.62
38343;8;-7.43;39.61
38344;10;-7.34;39.61
38346;4;-6.72;39.61
38347;24;-6.41;39.61
38348;7;-6.26;39.61
38349;10;-6.24;39.61
38350;19;-6.08;39.61
38351;19;-6.05;39.61
38352;12;-5.99;39.61
38353;7;-5.89;39.61
38354;13;-5.85;39.62
38356;17;-5.50;39.61
38357;11;-5.49;39.61
38359;8;-5.29;39.61
38360;13;-5.27;39.61
38361;11;-5.26;39.61
38362;17;-5.25;39.61
38363;17;-5.23;39.61
38364;7;-5.17;39.61
38365;3;-5.02;39.63
38369;10;-4.11;39.61
38370;10;-4.08;39.61
38372;7;-3.84;39.61
38373;8;-3.80;39.61
38374;5;-3.77;39.61
38376;4;-3.32;39.61
38377;8;-3.27;39.61
38378;4;-3.20;39.61
38379;4;-3.13;39.61
38381;3;-1.33;39.62
38385;4;-0.26;39.61
38386;5;2.37;39.61
38387;4;2.41;39.61
38389;5;2.56;39.61
38390;5;2.66;39.61
38391;5;2.94;39.61
38392;7;-3.87;39.64
38393;5;-5.08;39.62
38394;10;-7.50;39.62
38395;8;-7.47;39.63
38396;26;-6.34;39.62
38397;17;-6.29;39.62
38398;3;-5.06;39.62
38399;10;-7.46;39.61
38400;21;-6.19;39.61
38401;10;-6.16;39.61
38402;21;-6.14;39.61
38403;13;-5.90;39.61
38404;22;-5.64;39.62
38405;4;-5.34;39.62
38406;11;-5.18;39.63
38407;3;-1.51;39.62
38408;15;-7.38;39.61
38409;14;-7.32;39.61
38411;8;-6.54;39.61
38412;15;-6.29;39.61
38413;24;-5.95;39.61
38414;11;-4.27;39.61
38415;10;-4.15;39.61
38417;3;-1.58;39.61
38418;13;2.44;39.61
38419;4;2.47;39.61
38421;21;-7.13;39.60
38422;12;-6.73;39.60
38423;9;-6.37;39.60
38424;19;-6.19;39.60
38425;7;-6.10;39.60
38426;11;-6.08;39.60
38427;9;-5.99;39.60
38428;26;-5.93;39.60
38429;22;-5.92;39.60
38430;8;-5.89;39.60
38431;4;-5.88;39.60
38432;19;-5.72;39.60
38433;4;-5.68;39.60
38434;11;-5.56;39.60
38435;11;-5.50;39.60
38436;11;-5.45;39.60
38437;8;-5.44;39.60
38438;4;-5.30;39.60
38439;17;-5.24;39.60
38440;15;-5.23;39.60
38441;17;-5.21;39.60
38442;14;-5.19;39.60
38443;3;-4.91;39.60
38445;13;-4.16;39.60
38446;10;-4.09;39.60
38447;8;-4.08;39.60
38448;10;-4.06;39.60
38449;3;-3.94;39.60
38451;11;-3.82;39.60
38453;8;-3.30;39.60
38456;3;-1.55;39.60
38457;3;-1.46;39.60
38458;4;-1.30;39.60
38462;5;2.36;39.60
38463;9;2.49;39.61
38464;5;2.60;39.60
38465;5;2.64;39.60
38466;5;-4.54;39.62
38467;9;-4.64;39.63
38468;21;-7.03;39.62
38469;6;-4.99;39.61
38471;11;-4.20;39.60
38472;18;-4.17;39.60
38473;7;-3.91;39.60
38474;18;-7.26;39.60
38475;24;-7.00;39.60
38476;26;-6.41;39.60
38477;21;-6.06;39.60
38478;18;-6.03;39.60
38479;15;-5.51;39.60
38480;10;-5.32;39.61
38481;11;-5.28;39.60
38482;13;-5.26;39.60
38483;3;-4.03;39.60
38485;5;3.38;39.60
38486;10;-7.48;39.59
38487;17;-7.20;39.59
38488;21;-7.14;39.59
38489;10;-6.92;39.59
38490;13;-6.33;39.59
38491;24;-6.32;39.59
38492;15;-6.31;39.59
38493;10;-6.14;39.60
38494;18;-6.09;39.59
38495;19;-6.07;39.59
38496;19;-5.92;39.59
38497;7;-5.65;39.59
38498;20;-5.57;39.59
38499;15;-5.54;39.59
38500;17;-5.45;39.59
38502;11;-5.25;39.59
38503;9;-5.08;39.59
38505;12;-4.62;39.59
38507;5;-4.52;39.59
38509;8;-4.30;39.60
38510;16;-4.27;39.60
38511;10;-4.08;39.59
38512;11;-3.94;39.59
38513;11;-3.86;39.59
38514;11;-3.84;39.59
38515;3;-3.78;39.59
38518;4;-3.15;39.60
38519;4;-2.91;39.59
38521;4;-2.79;39.59
38522;3;-1.51;39.59
38526;4;2.51;39.62
38527;9;2.51;39.59
38528;5;2.55;39.59
38529;15;-4.72;39.61
38530;12;-6.69;39.61
38531;5;-5.04;39.60
38532;11;-4.76;39.60
38533;4;-0.68;39.60
38534;6;-5.36;39.60
38535;2;-1.55;39.59
38536;8;2.40;39.59
38537;4;-7.49;39.59
38538;13;-7.22;39.59
38539;11;-7.19;39.59
38540;18;-6.23;39.60
38541;21;-6.08;39.59
38542;20;-5.61;39.59
38543;17;-5.55;39.61
38544;11;-5.47;39.59
38545;6;-5.39;39.59
38546;7;-5.30;39.59
38547;3;-4.77;39.59
38548;8;-4.46;39.59
38549;3;-3.96;39.59
38550;3;-3.90;39.59
38551;5;2.34;39.59
38552;13;2.42;39.59
38553;13;2.47;39.59
38554;10;-7.41;39.58
38555;8;-7.40;39.58
38556;14;-7.30;39.58
38557;15;-7.26;39.58
38558;21;-7.08;39.58
38559;16;-6.14;39.58
38560;7;-6.13;39.58
38561;24;-6.09;39.58
38562;11;-6.07;39.58
38563;19;-6.06;39.58
38564;19;-5.68;39.58
38565;7;-5.63;39.58
38566;11;-5.54;39.58
38567;13;-5.32;39.58
38568;11;-5.30;39.58
38569;11;-5.26;39.58
38570;7;-5.21;39.58
38571;5;-4.98;39.58
38572;13;-4.94;39.58
38573;7;-4.64;39.58
38574;15;-4.63;39.58
38575;8;-4.34;39.58
38576;10;-4.06;39.58
38577;3;-3.94;39.58
38578;7;-3.89;39.58
38579;11;-3.85;39.58
38580;11;-3.81;39.58
38585;4;-3.07;39.58
38590;4;-1.34;39.59
38594;4;2.38;39.59
38595;4;2.41;39.58
38596;4;2.48;39.58
38597;9;2.50;39.58
38598;9;2.52;39.58
38599;5;2.58;39.58
38600;4;-3.41;39.62
38601;15;-7.22;39.62
38602;16;-7.29;39.62
38603;8;-5.40;39.61
38604;12;-4.67;39.60
38605;8;-2.78;39.62
38606;3;-1.98;39.60
38607;21;-6.11;39.59
38608;5;-3.74;39.59
38609;4;-2.94;39.59
38610;28;-6.34;39.59
38611;19;-6.17;39.58
38613;5;3.36;39.58
38614;15;-7.19;39.58
38615;22;-6.95;39.61
38616;13;-6.49;39.59
38617;24;-6.43;39.59
38618;21;-6.16;39.58
38619;13;-5.44;39.58
38622;12;-3.80;39.58
38623;9;-3.71;39.58
38624;4;-3.59;39.66
38625;8;-3.31;39.59
38629;4;-7.44;39.57
38630;17;-7.21;39.58
38631;11;-7.17;39.57
38632;24;-6.97;39.57
38633;10;-6.76;39.57
38634;4;-6.56;39.59
38635;3;-6.56;39.57
38636;10;-6.12;39.57
38637;19;-6.07;39.57
38638;8;-5.38;39.57
38639;6;-5.37;39.57
38640;8;-5.36;39.57
38641;9;-5.34;39.58
38642;11;-5.32;39.57
38643;9;-5.31;39.57
38644;13;-5.28;39.58
38645;7;-5.26;39.57
38646;10;-5.21;39.57
38647;9;-5.07;39.57
38649;3;-4.88;39.57
38650;3;-4.79;39.57
38651;7;-4.77;39.57
38652;19;-4.73;39.57
38654;7;-4.63;39.57
38655;8;-4.30;39.57
38656;16;-4.25;39.57
38657;16;-4.20;39.61
38658;3;-4.15;39.57
38660;7;-3.92;39.57
38661;11;-3.88;39.58
38662;11;-3.83;39.57
38665;4;-2.96;39.57
38669;4;-2.79;39.57
38670;8;-2.69;39.57
38673;3;-1.52;39.57
38674;5;2.31;39.58
38675;5;2.35;39.57
38676;8;2.41;39.57
38677;13;2.48;39.57
38679;5;2.54;39.57
38680;5;2.57;39.57
38681;5;2.61;39.57
38682;5;2.74;39.59
38683;5;2.94;39.58
38685;5;3.40;39.57
38686;17;-7.14;39.62
38687;22;-5.59;39.63
38688;8;-4.81;39.61
38689;18;-4.24;39.59
38690;17;-5.52;39.58
38691;8;-4.55;39.59
38692;5;2.70;39.58
38693;8;-7.46;39.58
38694;7;-6.54;39.58
38695;21;-6.19;39.58
38696;4;-5.81;39.58
38697;15;-5.49;39.57
38698;15;-5.45;39.57
38699;13;-5.23;39.58
38700;15;-4.37;39.57
38701;24;-7.00;39.57
38702;22;-6.09;39.57
38703;19;-5.71;39.57
38704;7;-5.61;39.57
38705;20;-5.58;39.57
38706;19;-4.69;39.57
38707;15;-4.65;39.57
38708;11;-4.59;39.57
38711;8;2.38;39.57
38712;4;2.39;39.57
38713;4;2.52;39.57
38714;12;-7.42;39.60
38715;14;-7.34;39.57
38716;20;-7.21;39.57
38717;11;-7.19;39.57
38718;15;-7.17;39.57
38719;14;-6.91;39.57
38720;10;-6.78;39.57
38721;12;-6.70;39.57
38722;5;-6.56;39.57
38723;16;-6.16;39.57
38725;9;-5.32;39.57
38726;13;-5.31;39.57
38727;9;-5.29;39.57
38728;7;-5.25;39.57
38729;16;-5.21;39.57
38730;12;-5.19;39.58
38731;7;-5.05;39.57
38732;5;-5.01;39.57
38734;16;-4.73;39.57
38735;15;-4.30;39.57
38736;8;-4.29;39.57
38737;16;-4.17;39.57
38738;3;-3.78;39.57
38744;8;-3.22;39.57
38745;4;-2.99;39.57
38746;4;-2.95;39.57
38748;8;-2.73;39.57
38751;8;-2.29;39.57
38752;4;-1.58;39.57
38753;2;-1.51;39.57
38754;4;-1.36;39.57
38755;3;-1.20;39.57
38758;4;2.37;39.57
38760;5;2.50;39.57
38761;11;-4.91;39.60
38762;25;-6.00;39.58
38763;19;-6.87;39.61
38764;20;-5.66;39.57
38765;10;-5.16;39.58
38766;7;-5.10;39.58
38767;23;-7.08;39.59
38768;20;-7.02;39.57
38769;15;-6.89;39.57
38770;17;-7.25;39.57
38771;18;-6.94;39.57
38772;4;-5.38;39.57
38773;6;-1.54;39.57
38774;3;-0.84;39.60
38775;19;-7.05;39.56
38776;22;-6.96;39.56
38777;15;-6.85;39.66
38778;14;-6.72;39.58
38779;18;-6.26;39.56
38780;13;-5.26;39.56
38781;11;-5.23;39.56
38784;8;-2.33;39.56
38785;6;-2.09;39.56
38787;19;-7.17;39.56
38788;11;-7.15;39.56
38789;10;-7.00;39.56
38790;22;-6.98;39.56
38791;24;-6.97;39.56
38792;14;-6.92;39.56
38793;6;-6.91;39.56
38794;23;-6.20;39.56
38795;8;-5.87;39.56
38796;17;-5.78;39.56
38797;17;-5.71;39.58
38798;13;-5.51;39.56
38799;11;-5.49;39.56
38801;8;-5.40;39.56
38802;13;-5.30;39.56
38803;7;-5.28;39.56
38804;13;-5.21;39.56
38805;10;-5.20;39.56
38806;7;-5.19;39.56
38807;10;-5.18;39.56
38808;12;-5.17;39.56
38809;7;-5.02;39.56
38810;11;-4.86;39.56
38811;3;-4.83;39.56
38812;16;-4.75;39.56
38813;8;-4.27;39.56
38814;13;-4.24;39.56
38818;4;-2.84;39.62
38822;7;-1.49;39.56
38823;3;-1.30;39.56
38824;4;2.38;39.56
38825;4;2.42;39.56
38826;8;2.44;39.56
38828;4;2.83;39.56
38829;4;2.92;39.56
38833;4;3.33;39.56
38834;11;-6.49;39.60
38835;13;-4.33;39.59
38836;4;2.45;39.58
38837;8;-6.63;39.60
38839;26;-6.41;39.56
38840;18;-6.14;39.56
38841;11;-5.33;39.56
38842;4;3.29;39.56
38844;23;-7.16;39.55
38845;12;-6.79;39.60
38846;8;-6.76;39.56
38847;9;-6.54;39.55
38848;24;-6.37;39.57
38849;15;-6.31;39.56
38850;22;-5.62;39.56
38851;20;-5.56;39.55
38852;15;-5.48;39.55
38853;7;-5.35;39.55
38854;7;-4.80;39.56
38855;8;2.40;39.55
38857;19;-7.22;39.55
38858;16;-7.06;39.55
38859;28;-7.02;39.55
38860;15;-7.01;39.55
38861;28;-7.00;39.55
38862;15;-6.98;39.55
38863;26;-6.97;39.55
38864;11;-6.91;39.55
38865;21;-6.81;39.55
38866;10;-6.73;39.55
38867;3;-6.57;39.55
38868;7;-6.52;39.55
38870;11;-6.34;39.55
38871;18;-6.23;39.55
38872;22;-6.17;39.55
38873;8;-5.80;39.55
38874;19;-5.69;39.55
38875;22;-5.67;39.55
38876;20;-5.65;39.55
38877;13;-5.50;39.55
38878;17;-5.49;39.55
38880;13;-5.42;39.55
38881;4;-5.39;39.55
38882;11;-5.37;39.55
38883;15;-5.31;39.55
38884;15;-5.29;39.55
38885;15;-5.21;39.55
38886;11;-5.19;39.55
38887;3;-4.92;39.55
38889;7;-4.69;39.55
38892;16;-3.83;39.55
38899;10;-3.30;39.55
38900;8;-3.26;39.55
38901;4;-2.83;39.55
38902;7;-2.10;39.55
38904;7;-1.50;39.55
38905;3;-1.31;39.55
38906;3;-1.27;39.55
38907;8;2.42;39.55
38908;4;2.87;39.55
38909;4;2.90;39.55
38911;4;2.93;39.55
38915;4;3.32;39.55
38916;17;-5.47;39.58
38917;6;-5.90;39.56
38918;11;-3.98;39.57
38919;19;-6.07;39.55
38920;16;-6.03;39.57
38921;10;-3.26;39.55
38922;4;-3.15;39.55
38923;4;-1.07;39.58
38924;9;2.95;39.56
38925;15;-7.40;39.55
38926;4;-6.61;39.55
38927;20;-6.23;39.57
38928;9;-5.05;39.55
38929;3;-4.87;39.55
38932;20;-6.85;39.54
38933;13;-6.46;39.56
38934;17;-6.29;39.57
38935;16;-6.11;39.55
38936;21;-5.96;39.57
38937;8;-5.83;39.55
38938;19;-5.77;39.58
38940;19;-5.23;39.54
38941;18;-5.20;39.54
38942;14;-5.13;39.54
38943;13;-4.18;39.55
38945;5;-3.61;39.54
38946;4;2.41;39.54
38947;4;2.43;39.54
38948;16;-7.33;39.54
38949;23;-7.21;39.54
38950;28;-7.01;39.54
38951;26;-6.96;39.54
38952;23;-6.81;39.54
38953;13;-6.77;39.54
38954;9;-6.76;39.54
38955;7;-6.75;39.54
38956;8;-6.62;39.54
38958;13;-6.54;39.54
38960;26;-6.43;39.54
38961;7;-6.35;39.54
38962;15;-6.26;39.54
38963;17;-6.24;39.54
38964;15;-6.21;39.54
38965;24;-6.20;39.54
38966;24;-6.17;39.54
38967;7;-6.15;39.54
38968;17;-5.94;39.55
38969;4;-5.88;39.54
38970;6;-5.85;39.54
38971;10;-5.84;39.58
38972;17;-5.76;39.54
38973;17;-5.50;39.54
38974;15;-5.49;39.54
38975;15;-5.46;39.54
38976;10;-5.39;39.54
38977;14;-5.33;39.54
38978;15;-5.27;39.54
38979;19;-5.25;39.54
38980;10;-5.08;39.54
38981;7;-4.82;39.54
38982;12;-4.81;39.54
38983;7;-4.67;39.54
38984;3;-4.49;39.54
38986;11;-4.30;39.54
38989;9;-3.63;39.54
38991;4;-3.20;39.55
38992;4;-2.82;39.54
38994;11;-2.04;39.54
38995;4;-2.02;39.54
38996;9;-1.55;39.54
38997;9;-1.52;39.54
38998;7;-1.51;39.54
39001;4;-0.72;39.54
39002;4;-0.69;39.54
39003;4;2.89;39.54
39004;9;2.90;39.54
39005;4;2.92;39.54
39006;9;2.93;39.54
39007;4;2.94;39.54
39010;4;3.30;39.54
39011;9;3.31;39.54
39012;18;-7.32;39.57
39013;11;-4.48;39.56
39014;11;-5.43;39.56
39015;13;-3.37;39.55
39016;11;-7.43;39.54
39017;6;-4.59;39.55
39018;6;-4.53;39.54
39019;11;-4.13;39.56
39020;24;-6.95;39.54
39021;20;-6.93;39.54
39022;21;-5.26;39.54
39023;18;-5.10;39.54
39024;8;-4.29;39.54
39026;20;-6.30;39.53
39027;7;-5.36;39.53
39028;10;-5.34;39.53
39031;4;-2.09;39.54
39034;16;-7.32;39.53
39035;14;-7.30;39.53
39036;14;-7.26;39.53
39037;18;-6.85;39.53
39038;7;-6.76;39.53
39039;18;-6.27;39.53
39040;18;-6.06;39.53
39041;15;-6.03;39.53
39043;11;-5.50;39.53
39044;11;-5.46;39.53
39045;7;-5.40;39.53
39046;14;-5.38;39.53
39047;18;-5.18;39.53
39048;18;-5.13;39.53
39050;3;-4.87;39.53
39051;15;-4.84;39.54
39052;7;-4.80;39.53
39053;12;-4.76;39.55
39054;10;-4.61;39.53
39055;3;-4.48;39.53
39058;4;-2.84;39.53
39063;7;-1.53;39.53
39064;5;2.75;39.53
39065;13;2.77;39.53
39067;4;2.86;39.53
39068;4;2.90;39.53
39069;9;2.92;39.53
39070;4;2.93;39.53
39071;9;2.94;39.53
39072;9;2.98;39.53
39073;4;3.00;39.53
39075;4;3.23;39.53
39076;10;-4.67;39.54
39077;14;-7.33;39.53
39078;6;-1.47;39.53
39079;17;-6.83;39.53
39080;11;-6.78;39.53
39081;13;-5.43;39.53
39082;7;-5.03;39.53
39083;16;-7.03;39.52
39084;21;-6.80;39.53
39085;8;-5.94;39.53
39086;15;-5.24;39.53
39087;7;-5.22;39.53
39088;10;-5.06;39.52
39089;11;-4.37;39.52
39090;13;-4.19;39.52
39092;4;-2.99;39.52
39093;3;-1.26;39.52
39094;14;-7.28;39.52
39095;18;-7.26;39.52
39096;24;-7.08;39.52
39097;9;-7.07;39.52
39098;26;-7.01;39.52
39099;19;-6.90;39.52
39100;18;-6.86;39.52
39101;24;-6.79;39.52
39102;17;-6.33;39.52
39103;38;-6.16;39.52
39104;11;-5.51;39.52
39105;15;-5.50;39.52
39107;16;-5.40;39.52
39108;14;-5.35;39.52
39109;21;-5.23;39.52
39110;14;-5.17;39.52
39112;9;-5.05;39.52
39113;9;-5.02;39.52
39114;11;-4.29;39.52
39118;9;-3.51;39.52
39119;6;-3.29;39.52
39120;4;-3.21;39.52
39121;4;-2.96;39.52
39124;4;-2.02;39.52
39125;4;-1.46;39.52
39126;3;-1.29;39.52
39127;4;-0.73;39.52
39128;4;-0.70;39.52
39131;4;2.85;39.52
39133;4;2.92;39.52
39134;9;2.93;39.52
39136;9;2.95;39.52
39138;9;3.01;39.52
39142;4;3.25;39.52
39143;4;-2.02;39.56
39144;16;-6.88;39.53
39145;9;-6.69;39.53
39146;38;-6.19;39.52
39147;17;-5.48;39.52
39148;11;-5.20;39.52
39149;4;2.97;39.52
39151;28;-6.96;39.52
39152;24;-6.92;39.52
39153;13;-6.77;39.52
39154;18;-5.11;39.52
39155;8;-4.28;39.52
39157;3;-1.37;39.52
39158;13;2.76;39.52
39159;13;-7.35;39.51
39160;16;-7.08;39.51
39161;24;-7.04;39.51
39162;23;-6.90;39.51
39163;20;-6.89;39.51
39164;15;-6.83;39.51
39165;20;-6.82;39.51
39166;22;-6.81;39.51
39167;26;-6.79;39.51
39168;15;-6.78;39.51
39169;7;-6.68;39.51
39170;11;-5.50;39.51
39171;15;-5.48;39.51
39172;17;-5.45;39.51
39173;18;-5.17;39.51
39174;14;-5.16;39.51
39175;18;-5.14;39.51
39176;10;-5.04;39.51
39177;7;-5.01;39.51
39178;5;-5.00;39.51
39179;19;-4.95;39.51
39180;3;-4.94;39.51
39181;15;-3.92;39.51
39187;4;-3.22;39.51
39189;4;-3.19;39.51
39190;4;-3.16;39.51
39191;4;-2.94;39.51
39192;4;-2.91;39.51
39197;7;-1.51;39.51
39198;5;-1.42;39.51
39199;3;-1.34;39.51
39200;3;-1.27;39.51
39201;3;-1.24;39.51
39202;4;2.77;39.51
39203;9;2.94;39.51
39204;4;2.95;39.51
39205;13;2.96;39.51
39208;9;3.21;39.51
39210;11;-6.65;39.52
39211;15;-5.44;39.52
39212;4;-1.82;39.52
39213;9;-6.74;39.52
39214;19;-6.13;39.52
39215;13;-6.02;39.52
39217;15;-5.30;39.52
39218;13;-3.77;39.52
39219;26;-6.93;39.50
39220;13;-6.85;39.51
39222;14;-5.40;39.51
39223;14;-5.37;39.51
39224;20;-5.18;39.51
39225;12;-4.79;39.51
39226;11;-4.31;39.51
39229;11;-2.07;39.51
39230;4;-2.04;39.51
39231;3;-1.31;39.51
39232;13;3.01;39.51
39233;9;3.04;39.51
39234;11;-7.35;39.52
39235;16;-7.26;39.50
39236;17;-6.88;39.50
39237;16;-6.85;39.50
39238;16;-6.82;39.50
39239;7;-6.77;39.50
39240;7;-5.62;39.50
39241;17;-5.48;39.50
39243;18;-5.16;39.50
39244;14;-5.14;39.50
39245;13;-4.21;39.50
39247;4;-3.21;39.50
39250;11;-2.05;39.50
39251;7;-1.47;39.50
39252;3;-1.39;39.50
39253;3;-1.21;39.50
39254;4;2.76;39.50
39255;13;2.95;39.50
39256;4;2.96;39.50
39257;13;2.98;39.50
39259;11;-4.24;39.54
39260;7;-2.08;39.52
39261;16;-6.06;39.51
39262;12;-5.06;39.51
39264;28;-7.01;39.50
39265;9;-5.42;39.50
39266;19;-5.32;39.50
39267;16;-3.80;39.53
39270;4;-0.68;39.50
39271;7;-7.39;39.50
39272;15;-6.95;39.50
39273;22;-6.90;39.50
39274;20;-6.80;39.50
39275;11;-6.78;39.50
39276;9;-6.68;39.50
39277;13;-6.51;39.50
39278;15;-6.01;39.50
39279;4;-5.70;39.50
39280;14;-5.10;39.50
39281;10;-5.01;39.50
39282;3;-4.34;39.50
39283;3;-4.27;39.50
39284;4;-2.98;39.50
39286;3;-1.03;39.50
39287;13;3.26;39.51
39288;11;-7.38;39.49
39289;23;-7.14;39.49
39290;16;-7.11;39.49
39291;28;-6.91;39.49
39292;19;-6.89;39.49
39293;19;-6.84;39.50
39294;9;-6.77;39.49
39295;36;-6.09;39.49
39296;18;-6.06;39.49
39297;7;-5.58;39.49
39298;13;-5.45;39.49
39299;17;-5.44;39.49
39300;11;-5.43;39.49
39301;14;-5.39;39.49
39304;14;-5.13;39.49
39305;11;-4.97;39.49
39306;11;-4.93;39.49
39307;15;-4.86;39.49
39308;7;-4.80;39.49
39309;11;-4.30;39.49
39310;13;-4.24;39.49
39311;8;-4.21;39.49
39312;15;-3.91;39.50
39315;4;-3.15;39.49
39317;7;-2.07;39.49
39318;11;-2.06;39.49
39319;3;-1.29;39.49
39320;3;-1.18;39.49
39321;4;-1.07;39.49
39323;4;2.75;39.49
39325;13;2.94;39.49
39326;13;2.96;39.49
39327;13;3.04;39.49
39329;9;2.85;39.53
39330;16;-7.30;39.50
39331;16;-4.33;39.51
39333;12;-5.67;39.49
39334;8;-4.12;39.65
39335;13;-3.36;39.49
39336;4;3.22;39.49
39337;25;-7.19;39.52
39338;11;-6.83;39.49
39339;19;-6.82;39.49
39340;16;-6.81;39.49
39343;4;-6.29;39.49
39344;18;-6.21;39.49
39345;9;-3.77;39.50
39347;2;-1.43;39.49
39349;9;2.93;39.49
39350;9;3.18;39.53
39351;4;3.26;39.49
39352;13;3.28;39.49
39353;11;-7.36;39.48
39355;22;-6.88;39.49
39356;18;-6.79;39.48
39357;5;-6.78;39.48
39358;7;-6.72;39.51
39359;5;-6.68;39.48
39360;15;-6.35;39.48
39361;24;-6.08;39.48
39362;16;-6.06;39.48
39363;18;-6.05;39.48
39364;20;-6.03;39.48
39365;11;-5.50;39.49
39366;11;-5.48;39.48
39367;11;-5.44;39.48
39370;15;-5.31;39.48
39371;20;-5.17;39.48
39372;18;-5.16;39.48
39373;4;-5.08;39.48
39374;12;-5.07;39.48
39375;6;-5.00;39.48
39376;12;-4.83;39.48
39377;12;-4.80;39.48
39378;8;-4.25;39.49
39380;10;-4.19;39.51
39383;4;-3.16;39.48
39386;12;-1.99;39.48
39387;4;-1.04;39.48
39388;13;2.82;39.48
39389;13;3.02;39.48
39391;9;3.05;39.48
39393;9;3.20;39.48
39396;13;-4.33;39.49
39397;8;-4.43;39.53
39398;23;-7.22;39.50
39399;24;-6.98;39.51
39400;10;-3.33;39.52
39401;7;-1.59;39.49
39402;20;-6.24;39.51
39403;16;-4.80;39.51
39404;3;-1.36;39.48
39405;26;-7.02;39.48
39406;21;-6.90;39.48
39407;5;-6.72;39.48
39408;19;-6.09;39.49
39409;17;-6.00;39.48
39412;18;-5.12;39.48
39413;7;-5.02;39.48
39414;23;-4.86;39.48
39416;9;-1.50;39.51
39417;5;-1.46;39.48
39418;3;-1.21;39.48
39419;4;-0.69;39.48
39421;28;-6.91;39.47
39422;20;-6.89;39.47
39424;13;-6.54;39.47
39425;17;-6.46;39.47
39427;18;-6.22;39.47
39428;22;-6.03;39.47
39429;4;-5.76;39.47
39430;7;-5.66;39.47
39431;7;-5.63;39.47
39432;11;-5.55;39.47
39433;11;-5.45;39.47
39434;7;-5.43;39.47
39435;15;-5.32;39.47
39437;20;-5.15;39.48
39439;12;-4.85;39.47
39443;10;-4.25;39.47
39444;8;-4.22;39.47
39447;4;-3.13;39.47
39448;4;-2.89;39.47
39451;4;-2.82;39.47
39453;7;-1.56;39.52
39454;3;-1.47;39.47
39455;3;-1.18;39.47
39456;4;-1.08;39.47
39458;4;-0.74;39.47
39459;5;2.73;39.47
39461;9;2.85;39.47
39462;4;3.02;39.47
39463;5;3.04;39.47
39464;8;3.25;39.47
39466;8;3.28;39.47
39467;13;-7.34;39.49
39468;12;-3.86;39.52
39469;7;-0.99;39.59
39470;20;-7.08;39.51
39471;18;-5.19;39.48
39472;24;-6.92;39.48
39473;12;-5.40;39.48
39475;4;2.97;39.49
39476;21;-7.17;39.48
39477;16;-5.38;39.47
39478;8;-2.00;39.51
39479;14;-7.27;39.49
39480;9;-7.13;39.47
39481;25;-6.86;39.47
39482;16;-6.79;39.47
39484;15;-6.36;39.47
39485;20;-6.05;39.47
39486;10;-5.36;39.50
39487;15;-5.28;39.48
39488;12;-5.05;39.47
39489;19;-4.91;39.51
39490;11;-4.92;39.47
39491;4;-3.48;39.47
39493;5;2.52;39.47
39494;4;2.77;39.47
39495;11;-7.28;39.47
39496;11;-7.26;39.47
39497;12;-7.16;39.47
39498;23;-7.14;39.47
39499;16;-7.11;39.47
39500;19;-7.01;39.47
39501;28;-6.95;39.47
39502;17;-6.90;39.47
39503;27;-6.88;39.47
39504;15;-6.85;39.47
39505;19;-6.84;39.47
39506;5;-6.67;39.47
39508;15;-6.33;39.47
39510;19;-6.07;39.47
39511;22;-6.05;39.47
39512;8;-5.97;39.47
39513;7;-5.64;39.47
39514;7;-5.56;39.47
39515;11;-5.46;39.47
39516;11;-5.43;39.47
39517;12;-5.42;39.47
39518;14;-5.40;39.47
39519;19;-5.26;39.50
39521;14;-5.16;39.47
39522;11;-5.14;39.47
39523;18;-5.13;39.47
39524;20;-5.14;39.51
39525;12;-5.08;39.47
39526;3;-4.99;39.53
39527;19;-4.90;39.47
39528;31;-4.86;39.47
39530;3;-4.24;39.47
39531;5;-4.23;39.47
39532;3;-4.22;39.47
39533;13;-4.03;39.47
39534;8;-3.99;39.47
39535;13;-3.91;39.47
39539;4;-3.02;39.47
39540;4;-2.83;39.47
39541;4;-2.64;39.76
39542;4;-2.05;39.47
39546;4;-1.78;39.47
39547;4;-1.71;39.47
39549;7;-1.46;39.47
39550;3;-1.23;39.47
39551;3;-1.15;39.47
39552;4;-1.10;39.47
39554;7;-1.01;39.47
39557;4;-0.73;39.47
39558;4;-0.70;39.47
39559;9;2.83;39.47
39560;4;3.00;39.47
39561;13;3.01;39.47
39562;15;-5.51;39.51
39563;13;-5.73;39.50
39564;7;-6.60;39.49
39565;21;-6.82;39.47
39566;3;-6.73;39.47
39568;10;-5.05;39.48
39570;15;-7.24;39.46
39571;5;-6.76;39.46
39572;16;-5.65;39.46
39573;7;-5.61;39.47
39574;15;-5.55;39.46
39575;11;-5.53;39.46
39576;22;-4.75;39.46
39578;4;-2.90;39.46
39580;3;-1.49;39.46
39581;4;-1.39;39.46
39582;4;-1.34;39.46
39583;5;2.75;39.46
39584;13;2.80;39.49
39585;8;3.26;39.46
39586;21;-7.14;39.46
39587;29;-7.08;39.46
39588;27;-7.07;39.46
39589;19;-6.92;39.46
39590;15;-6.84;39.46
39591;11;-6.83;39.46
39592;22;-6.82;39.46
39593;12;-6.75;39.46
39594;7;-6.41;39.46
39595;7;-6.35;39.46
39596;10;-6.31;39.46
39597;19;-6.10;39.46
39598;15;-6.08;39.47
39599;23;-6.07;39.46
39600;8;-5.96;39.46
39601;16;-5.61;39.50
39602;15;-5.51;39.46
39603;11;-5.50;39.46
39604;11;-5.44;39.46
39606;12;-5.40;39.46
39607;14;-5.39;39.46
39609;11;-5.35;39.46
39611;10;-5.14;39.46
39613;25;-5.10;39.46
39614;10;-5.08;39.46
39615;14;-5.05;39.46
39616;19;-4.92;39.46
39617;33;-4.89;39.46
39618;25;-4.85;39.46
39619;25;-4.82;39.46
39620;3;-4.23;39.46
39621;13;-4.00;39.46
39622;13;-3.93;39.46
39624;4;-3.44;39.46
39626;6;-3.25;39.50
39628;8;-2.57;39.46
39631;4;-2.01;39.46
39633;3;-1.58;39.46
39634;3;-1.21;39.46
39638;9;2.77;39.46
39639;9;2.82;39.46
39640;5;2.94;39.46
39641;4;2.95;39.46
39642;4;3.01;39.46
39643;4;-5.95;39.49
39644;16;-5.85;39.49
39645;18;-6.29;39.49
39646;19;-6.01;39.46
39647;12;-5.98;39.46
39648;3;-4.18;39.46
39649;4;-2.94;39.47
39650;13;2.99;39.47
39651;18;-7.19;39.46
39652;14;-6.23;39.46
39654;33;-4.87;39.46
39655;20;-4.81;39.46
39656;10;-3.28;39.48
39658;18;-6.79;39.45
39659;22;-6.06;39.45
39660;20;-6.04;39.45
39661;14;-5.28;39.45
39662;8;-3.98;39.45
39664;4;-1.29;39.45
39666;15;-7.21;39.45
39667;19;-7.07;39.45
39668;11;-6.82;39.45
39669;17;-6.81;39.45
39670;16;-6.76;39.45
39671;16;-6.67;39.45
39672;20;-6.57;39.45
39673;13;-6.54;39.45
39677;36;-6.15;39.49
39678;27;-6.12;39.45
39679;36;-6.10;39.45
39680;21;-6.09;39.45
39681;16;-6.08;39.45
39682;20;-6.07;39.45
39683;16;-5.99;39.45
39684;8;-5.95;39.45
39685;4;-5.62;39.45
39686;10;-5.44;39.45
39687;14;-5.42;39.45
39688;16;-5.40;39.45
39690;33;-4.95;39.45
39692;22;-4.78;39.45
39693;7;-4.17;39.45
39694;7;-4.10;39.45
39695;13;-4.03;39.45
39696;10;-3.92;39.45
39697;9;-3.68;39.45
39701;4;-2.83;39.45
39702;4;-2.80;39.45
39708;4;-1.79;39.45
39709;4;-1.76;39.45
39710;4;-1.72;39.45
39711;2;-0.34;39.45
39712;9;3.01;39.45
39713;11;-3.97;39.48
39714;7;-0.85;39.47
39715;3;-1.53;39.45
39716;29;-7.04;39.45
39717;28;-6.86;39.45
39718;8;-3.36;39.46
39719;5;-1.58;39.45
39720;19;-7.13;39.44
39721;16;-6.70;39.45
39722;4;-5.52;39.44
39723;16;-5.08;39.44
39724;33;-4.92;39.44
39725;3;-4.26;39.44
39726;4;-3.49;39.44
39727;4;-2.90;39.44
39729;4;-2.77;39.44
39732;19;-7.05;39.44
39733;15;-7.02;39.44
39734;24;-6.83;39.44
39735;8;-6.82;39.44
39736;18;-6.73;39.44
39737;22;-6.57;39.44
39740;15;-6.08;39.44
39742;29;-5.43;39.44
39743;27;-5.42;39.44
39744;14;-5.40;39.44
39745;7;-5.31;39.44
39746;19;-5.10;39.44
39747;19;-4.95;39.44
39748;7;-4.82;39.44
39749;23;-4.79;39.44
39750;17;-4.04;39.44
39752;10;-3.84;39.44
39753;5;-3.81;39.44
39754;9;-3.55;39.55
39755;10;-3.33;39.45
39756;4;-3.26;39.44
39760;4;-1.74;39.44
39761;3;-1.56;39.44
39762;4;-1.31;39.44
39764;2;-0.37;39.44
39765;5;2.75;39.44
39769;12;-3.74;39.46
39770;14;-5.35;39.44
39771;16;-5.05;39.45
39772;18;-6.65;39.44
39773;16;-6.59;39.44
39774;11;-6.30;39.44
39775;10;-5.29;39.44
39776;2;-0.41;39.44
39777;15;-7.17;39.44
39778;21;-6.81;39.43
39779;12;-6.78;39.43
39780;7;-6.56;39.43
39781;11;-6.52;39.49
39782;17;-6.48;39.43
39784;19;-6.22;39.43
39785;23;-6.20;39.44
39786;18;-6.00;39.43
39788;9;-4.18;39.43
39789;10;-3.96;39.44
39790;10;-3.89;39.43
39795;4;-1.27;39.44
39796;21;-6.88;39.43
39797;20;-6.63;39.43
39798;18;-6.57;39.43
39800;4;-5.75;39.43
39802;4;-5.63;39.43
39803;4;-5.46;39.43
39804;4;-5.44;39.43
39805;14;-5.31;39.43
39807;10;-5.10;39.43
39808;10;-4.99;39.43
39809;33;-4.86;39.43
39810;25;-4.81;39.43
39811;8;-4.38;39.43
39812;17;-4.00;39.43
39813;10;-3.91;39.43
39814;10;-3.86;39.43
39815;10;-3.83;39.43
39817;9;-3.60;39.43
39818;4;-3.47;39.43
39821;4;-1.82;39.43
39822;2;-1.61;39.43
39823;3;-1.59;39.43
39824;5;-1.58;39.43
39826;3;-1.21;39.43
39827;2;-0.43;39.43
39829;5;2.94;39.43
39831;14;-4.99;39.44
39832;21;-6.07;39.43
39833;21;-5.99;39.43
39834;4;-2.97;39.43
39835;4;-1.64;39.44
39836;19;-7.01;39.43
39837;15;-6.98;39.42
39839;15;-4.80;39.43
39841;6;-3.25;39.43
39842;4;-2.86;39.46
39844;29;-7.03;39.42
39845;21;-6.86;39.42
39846;14;-6.76;39.42
39847;20;-6.59;39.42
39848;13;-6.56;39.42
39850;7;-6.36;39.42
39852;4;-5.58;39.42
39853;27;-5.43;39.42
39854;9;-5.39;39.42
39855;14;-5.32;39.42
39856;10;-5.31;39.42
39857;14;-5.01;39.42
39858;4;-4.97;39.42
39859;19;-4.88;39.42
39861;25;-4.79;39.42
39862;3;-4.43;39.42
39863;7;-4.42;39.42
39864;7;-4.08;39.42
39865;4;-4.04;39.42
39866;10;-3.84;39.42
39868;9;-3.73;39.42
39869;9;-3.61;39.42
39870;4;-3.46;39.42
39871;8;-2.59;39.42
39875;4;-1.80;39.42
39876;4;-1.77;39.42
39877;4;-1.70;39.42
39879;3;-1.50;39.42
39880;7;-1.46;39.42
39881;6;-1.37;39.44
39882;4;-1.34;39.42
39883;6;-1.32;39.42
39884;7;-1.13;39.42
39886;31;-4.92;39.44
39887;23;-6.96;39.44
39888;8;-5.85;39.43
39889;5;-1.51;39.43
39890;12;-7.26;39.42
39891;5;-4.23;39.44
39892;3;-1.23;39.42
39893;17;-6.96;39.42
39894;20;-6.78;39.42
39895;10;-5.87;39.42
39896;7;-4.18;39.42
39897;7;-4.11;39.42
39899;4;-3.35;39.42
39900;4;-2.94;39.42
39902;5;-1.56;39.42
39903;4;-1.42;39.44
39904;4;-1.28;39.42
39905;4;-7.27;39.41
39906;19;-6.94;39.41
39907;21;-6.81;39.41
39909;20;-6.69;39.41
39910;11;-6.30;39.41
39911;11;-6.08;39.41
39913;10;-5.82;39.41
39914;8;-5.81;39.41
39915;4;-5.59;39.41
39916;8;-5.58;39.41
39917;4;-5.44;39.41
39918;14;-5.42;39.42
39919;14;-5.39;39.41
39920;10;-5.26;39.41
39921;10;-5.07;39.41
39922;31;-4.97;39.41
39923;4;-4.95;39.41
39924;11;-4.89;39.41
39925;33;-4.87;39.41
39926;20;-4.74;39.41
39927;7;-4.40;39.41
39928;8;-4.38;39.41
39929;8;-4.35;39.41
39931;7;-4.21;39.41
39933;7;-4.05;39.41
39934;10;-3.85;39.41
39936;9;-3.65;39.41
39937;4;-3.49;39.41
39938;4;-3.47;39.41
39939;4;-3.43;39.41
39940;4;-3.29;39.41
39941;4;-3.27;39.41
39942;4;-2.62;39.41
39946;4;-2.06;39.41
39948;4;-1.78;39.41
39950;4;-1.69;39.41
39951;4;-1.46;39.41
39952;4;-1.36;39.41
39953;7;-1.26;39.41
39954;5;2.83;39.41
39956;5;2.93;39.41
39958;7;-4.66;39.49
39959;9;-1.47;39.43
39960;4;-5.73;39.43
39961;23;-4.83;39.43
39962;7;-5.00;39.42
39963;19;-6.05;39.42
39964;10;-5.80;39.42
39965;28;-6.90;39.41
39966;24;-6.79;39.41
39967;16;-6.02;39.41
39968;25;-6.00;39.41
39969;15;-6.97;39.41
39970;16;-6.74;39.42
39971;18;-6.73;39.41
39972;11;-6.56;39.41
39973;7;-6.12;39.41
39975;11;-5.40;39.41
39976;16;-5.05;39.41
39977;33;-4.91;39.41
39978;23;-4.80;39.41
39979;3;-3.92;39.41
39980;7;-3.82;39.41
39982;6;-3.24;39.41
39983;4;-3.02;39.41
39984;4;-2.81;39.41
39986;4;-1.96;39.41
39987;4;-1.62;39.41
39988;7;-1.49;39.41
39989;3;-1.17;39.41
39991;2;-0.42;39.41
39994;14;-7.24;39.40
39996;29;-7.04;39.40
39997;19;-7.02;39.40
39998;15;-6.94;39.40
39999;21;-6.86;39.40
40000;18;-6.78;39.40
40001;20;-6.72;39.40
40002;22;-6.69;39.40
40003;16;-6.67;39.40
40004;20;-6.66;39.40
40005;20;-6.57;39.40
40006;3;-6.13;39.40
40007;6;-5.82;39.40
40008;8;-5.55;39.40
40009;8;-5.51;39.40
40010;27;-5.43;39.40
40011;14;-5.02;39.40
40012;11;-4.97;39.40
40013;31;-4.95;39.40
40014;25;-4.84;39.40
40015;20;-4.79;39.40
40016;3;-4.45;39.40
40017;7;-4.41;39.40
40018;3;-4.40;39.40
40019;8;-4.37;39.40
40020;4;-4.22;39.40
40022;14;-4.04;39.40
40023;10;-3.86;39.40
40024;5;-3.85;39.40
40025;4;-3.51;39.40
40026;4;-3.40;39.43
40027;4;-2.85;39.40
40028;8;-2.64;39.40
40029;4;-2.63;39.40
40030;8;-2.59;39.40
40037;5;-1.52;39.40
40038;7;-1.36;39.40
40039;4;-1.31;39.40
40040;7;-1.27;39.40
40042;5;2.92;39.40
40045;25;-6.86;39.42
40047;24;-6.13;39.43
40048;6;-3.31;39.41
40049;15;-6.44;39.48
40050;9;-3.68;39.41
40051;4;-2.70;39.41
40052;15;-5.89;39.40
40053;9;-4.19;39.40
40054;8;-2.52;39.42
40056;20;-6.76;39.40
40057;16;-6.70;39.40
40058;15;-6.05;39.40
40060;6;-5.86;39.40
40061;8;-5.44;39.40
40062;10;-5.30;39.40
40063;10;-5.01;39.40
40064;4;-4.93;39.40
40065;20;-4.76;39.40
40066;3;-4.27;39.40
40067;14;-4.00;39.40
40071;14;-7.19;39.39
40072;19;-6.98;39.39
40073;15;-6.90;39.39
40074;12;-6.89;39.39
40075;16;-6.79;39.39
40076;20;-6.78;39.39
40077;20;-6.73;39.39
40078;13;-6.56;39.39
40079;4;-5.63;39.39
40080;8;-5.61;39.43
40081;14;-5.32;39.39
40082;4;-5.02;39.39
40083;11;-4.95;39.39
40084;19;-4.94;39.39
40085;33;-4.86;39.39
40086;23;-4.83;39.39
40087;25;-4.81;39.40
40088;22;-4.74;39.39
40089;7;-4.40;39.39
40090;8;-4.35;39.39
40091;7;-4.21;39.39
40092;7;-4.18;39.39
40093;7;-4.13;39.39
40094;12;-4.01;39.40
40095;12;-3.87;39.39
40097;11;-3.82;39.39
40098;13;-3.72;39.40
40099;9;-3.63;39.39
40100;4;-3.46;39.39
40101;4;-3.37;39.39
40102;4;-2.99;39.40
40103;4;-2.74;39.39
40104;4;-2.66;39.39
40105;4;-2.59;39.39
40107;4;-2.33;39.39
40108;4;-2.26;39.39
40111;4;-1.81;39.39
40113;5;-1.50;39.39
40114;9;-1.49;39.39
40115;4;-1.44;39.39
40117;7;-1.34;39.39
40119;5;-1.14;39.39
40121;5;2.93;39.39
40122;17;-6.08;39.41
40123;14;-5.06;39.42
40124;8;-7.29;39.42
40125;14;-7.22;39.40
40126;5;-1.22;39.40
40127;19;-6.95;39.39
40128;19;-6.92;39.39
40129;4;-5.45;39.39
40130;14;-5.36;39.40
40131;12;-4.70;39.43
40132;12;-4.35;39.41
40133;6;-1.31;39.39
40134;15;-7.01;39.39
40135;21;-6.80;39.39
40136;12;-6.02;39.39
40137;21;-6.00;39.39
40138;31;-4.89;39.40
40139;20;-4.85;39.39
40140;22;-4.78;39.40
40141;3;-4.53;39.45
40142;7;-4.45;39.41
40143;3;-4.41;39.40
40144;7;-4.09;39.39
40146;3;-1.55;39.40
40147;4;-7.29;39.38
40148;15;-6.87;39.38
40149;20;-6.63;39.38
40150;15;-6.52;39.38
40152;14;-6.05;39.38
40153;8;-6.01;39.38
40154;6;-5.84;39.38
40155;3;-5.75;39.38
40156;8;-5.63;39.38
40157;11;-5.35;39.38
40158;19;-5.14;39.38
40159;10;-5.04;39.39
40160;4;-4.99;39.38
40161;31;-4.95;39.38
40162;11;-4.93;39.38
40163;4;-4.91;39.38
40164;33;-4.87;39.38
40165;31;-4.86;39.38
40166;22;-4.82;39.38
40167;20;-4.80;39.38
40168;20;-4.78;39.38
40169;22;-4.76;39.38
40170;20;-4.74;39.38
40171;8;-4.63;39.38
40172;3;-4.47;39.38
40173;7;-4.43;39.38
40174;8;-4.38;39.38
40175;12;-4.30;39.39
40176;5;-3.79;39.38
40177;5;-3.62;39.38
40178;8;-3.58;39.38
40179;12;-3.47;39.38
40180;7;-3.43;39.38
40181;9;-3.10;39.38
40182;9;-3.04;39.38
40183;4;-2.84;39.38
40184;8;-2.74;39.38
40185;8;-2.69;39.38
40186;8;-2.66;39.38
40187;4;-2.57;39.38
40188;4;-2.51;39.38
40190;4;-1.96;39.38
40191;4;-1.93;39.38
40194;9;-1.50;39.38
40195;6;-1.45;39.41
40196;4;-1.46;39.38
40198;9;-1.27;39.39
40200;7;-1.18;39.38
40204;5;3.20;39.38
40205;5;3.23;39.38
40206;23;-5.16;39.42
40207;27;-7.09;39.41
40208;17;-5.94;39.41
40209;4;-5.82;39.39
40211;5;2.84;39.43
40212;7;-1.07;39.42
40213;12;-7.19;39.41
40214;24;-6.84;39.39
40215;20;-6.67;39.39
40216;19;-5.11;39.39
40217;10;-5.07;39.38
40218;4;-0.68;39.39
40219;5;2.90;39.38
40220;4;-7.31;39.38
40221;21;-6.99;39.39
40222;15;-6.93;39.38
40223;24;-6.89;39.38
40224;22;-6.74;39.38
40225;20;-6.71;39.38
40226;22;-6.70;39.38
40227;16;-6.69;39.38
40228;14;-5.25;39.41
40230;4;-4.87;39.38
40231;7;-3.39;39.38
40232;7;-3.35;39.38
40233;4;-2.48;39.38
40234;9;-1.33;39.38
40235;4;-7.21;39.37
40236;12;-6.90;39.37
40237;26;-6.88;39.37
40238;24;-6.86;39.37
40239;26;-6.85;39.37
40241;16;-6.78;39.37
40242;20;-6.77;39.37
40244;15;-6.53;39.37
40245;7;-6.08;39.37
40246;8;-6.03;39.37
40247;6;-5.87;39.38
40248;4;-5.46;39.37
40249;27;-5.38;39.41
40250;27;-5.34;39.41
40251;10;-5.26;39.37
40252;19;-5.17;39.37
40254;10;-5.14;39.37
40256;14;-5.01;39.39
40257;10;-4.98;39.38
40258;14;-4.93;39.37
40259;11;-4.92;39.37
40260;8;-4.50;39.37
40261;8;-4.47;39.37
40262;12;-4.45;39.37
40263;7;-4.08;39.37
40264;12;-3.57;39.37
40265;12;-3.52;39.37
40266;7;-3.45;39.37
40267;7;-3.42;39.37
40269;4;-2.86;39.37
40270;4;-2.54;39.37
40273;4;-1.86;39.37
40274;2;-1.51;39.37
40276;7;-1.34;39.37
40277;3;-1.29;39.37
40278;5;-1.27;39.37
40284;5;2.93;39.37
40287;8;-3.89;39.43
40288;20;-6.16;39.40
40290;7;-5.71;39.39
40291;9;-1.38;39.39
40292;22;-6.46;39.38
40293;11;-5.89;39.38
40294;7;-4.67;39.37
40295;7;-3.63;39.37
40296;4;-1.93;39.43
40297;17;-6.52;39.38
40298;6;-5.81;39.37
40300;18;-4.90;39.37
40301;8;-4.41;39.37
40302;12;-4.39;39.37
40303;4;-1.82;39.37
40304;9;-1.46;39.37
40305;8;-7.32;39.37
40306;12;-6.92;39.37
40307;15;-6.88;39.37
40308;19;-6.85;39.37
40309;15;-6.83;39.37
40310;21;-6.77;39.37
40312;12;-6.69;39.37
40313;16;-6.67;39.37
40314;27;-6.46;39.37
40316;10;-6.05;39.37
40317;4;-5.74;39.37
40318;8;-5.59;39.37
40319;7;-5.36;39.37
40320;20;-5.11;39.37
40321;6;-5.06;39.37
40322;7;-5.03;39.37
40323;18;-4.93;39.37
40324;14;-4.92;39.37
40325;11;-4.89;39.37
40326;12;-4.50;39.37
40327;8;-4.49;39.37
40328;8;-3.58;39.37
40330;4;-2.75;39.37
40331;8;-2.73;39.37
40332;8;-2.66;39.37
40334;4;-1.91;39.37
40335;2;-1.53;39.37
40336;3;-1.40;39.37
40337;7;-1.25;39.37
40339;5;2.92;39.37
40341;5;3.21;39.37
40342;20;-6.35;39.40
40343;13;-6.08;39.37
40344;3;-3.94;39.37
40345;11;-3.68;39.37
40346;5;-3.65;39.37
40347;13;-5.95;39.36
40348;4;-4.97;39.37
40350;6;-4.57;39.37
40351;7;-1.23;39.37
40352;20;-6.66;39.36
40353;4;-5.86;39.37
40354;20;-5.16;39.36
40355;14;-5.14;39.36
40356;11;-5.12;39.36
40357;14;-4.86;39.36
40358;8;-4.44;39.37
40359;7;-4.10;39.36
40361;7;-1.97;39.36
40362;5;-1.31;39.36
40364;4;-0.64;39.37
40365;4;-0.56;39.36
40366;5;3.15;39.37
40367;21;-6.90;39.36
40368;19;-6.88;39.36
40369;19;-6.83;39.36
40370;12;-6.74;39.36
40371;27;-6.45;39.36
40372;16;-6.22;39.39
40373;16;-6.10;39.36
40374;9;-6.08;39.36
40375;6;-6.03;39.36
40376;6;-5.89;39.36
40377;6;-5.84;39.36
40379;4;-5.59;39.36
40380;18;-5.11;39.36
40381;3;-5.06;39.36
40382;9;-5.04;39.36
40383;18;-4.87;39.36
40384;8;-4.50;39.36
40385;12;-4.29;39.36
40387;7;-3.65;39.36
40388;7;-3.37;39.36
40390;9;-3.06;39.36
40391;8;-2.70;39.36
40392;8;-2.65;39.36
40393;4;-1.94;39.36
40394;4;-1.86;39.36
40395;2;-1.52;39.36
40397;4;-1.12;39.36
40398;5;3.19;39.36
40399;15;-4.11;39.43
40400;12;-7.21;39.36
40401;11;-4.79;39.37
40402;4;-3.15;39.42
40404;21;-6.82;39.36
40405;18;-6.80;39.35
40406;15;-5.19;39.36
40407;4;-2.05;39.36
40408;5;3.05;39.50
40409;12;-7.18;39.35
40410;23;-6.69;39.35
40411;9;-6.30;39.35
40412;8;-5.70;39.35
40413;4;-5.56;39.35
40414;12;-4.31;39.35
40415;9;-3.01;39.35
40416;4;-2.33;39.50
40418;7;-0.69;39.35
40419;9;-7.14;39.35
40420;21;-6.97;39.35
40421;21;-6.92;39.35
40423;7;-6.34;39.35
40424;14;-6.26;39.35
40425;8;-6.25;39.35
40426;8;-5.68;39.35
40427;4;-5.58;39.35
40428;18;-5.14;39.35
40429;14;-5.12;39.35
40430;6;-5.08;39.35
40431;11;-5.02;39.35
40432;7;-5.00;39.35
40433;11;-4.98;39.35
40434;11;-4.95;39.35
40435;18;-4.86;39.35
40436;4;-3.96;39.35
40437;7;-3.66;39.35
40438;12;-3.49;39.35
40439;7;-3.35;39.35
40440;4;-3.20;39.35
40441;4;-2.65;39.35
40442;4;-1.89;39.35
40443;4;-1.80;39.35
40444;2;-1.51;39.35
40446;4;-0.85;39.46
40447;6;-1.13;39.36
40448;4;-5.58;39.39
40449;13;-3.75;39.35
40450;21;-6.70;39.35
40451;8;-7.16;39.34
40452;20;-6.65;39.34
40453;18;-6.33;39.34
40455;7;-5.33;39.34
40456;16;-4.87;39.34
40457;12;-4.36;39.35
40458;3;-1.48;39.34
40461;14;-7.31;39.34
40462;12;-7.17;39.34
40463;21;-6.98;39.34
40464;16;-6.82;39.34
40465;20;-6.56;39.34
40466;8;-5.86;39.34
40467;8;-5.67;39.34
40469;20;-5.14;39.34
40470;7;-5.02;39.34
40474;8;-4.37;39.34
40475;3;-4.35;39.34
40476;12;-4.30;39.34
40478;7;-3.63;39.34
40479;4;-3.13;39.34
40480;9;-3.10;39.34
40481;4;-2.67;39.34
40482;4;-2.36;39.34
40484;3;-1.40;39.34
40486;9;-1.19;39.37
40487;4;-1.13;39.34
40488;23;-6.74;39.35
40489;3;-5.22;39.35
40490;3;-0.90;39.35
40491;10;-5.81;39.35
40492;18;-4.93;39.34
40493;12;-7.27;39.36
40494;14;-7.21;39.35
40495;21;-6.86;39.34
40496;7;-6.09;39.34
40497;12;-5.70;39.34
40498;10;-5.54;39.34
40499;12;-5.50;39.34
40500;13;-5.01;39.34
40501;7;-4.64;39.34
40502;4;-0.65;39.34
40503;21;-6.81;39.33
40504;12;-6.19;39.33
40505;3;-5.07;39.33
40506;13;-5.04;39.33
40508;7;-1.97;39.33
40509;7;-1.14;39.33
40510;8;-7.27;39.33
40511;4;-7.23;39.33
40512;12;-7.22;39.33
40513;12;-7.19;39.33
40515;9;-7.10;39.33
40516;19;-6.84;39.33
40517;20;-6.63;39.33
40518;20;-6.60;39.33
40519;20;-6.57;39.33
40521;16;-6.33;39.33
40522;8;-6.27;39.33
40525;10;-5.78;39.33
40526;4;-5.58;39.33
40528;7;-5.37;39.33
40529;11;-5.33;39.33
40531;18;-5.13;39.33
40532;13;-5.06;39.33
40533;11;-5.00;39.33
40534;18;-4.88;39.33
40535;14;-4.86;39.33
40536;14;-4.51;39.33
40537;12;-4.45;39.33
40540;10;-3.62;39.33
40541;7;-3.42;39.33
40543;3;-2.02;39.33
40544;4;-1.86;39.33
40545;3;-1.46;39.33
40546;3;-1.42;39.33
40548;6;-1.13;39.33
40551;2;-0.44;39.33
40552;4;3.08;39.33
40553;7;-4.01;39.36
40554;4;-4.90;39.34
40555;3;-1.31;39.34
40556;8;-6.24;39.33
40557;15;-4.32;39.33
40558;5;3.14;39.33
40559;14;-7.28;39.32
40560;8;-5.68;39.32
40561;10;-5.44;39.34
40562;20;-5.12;39.32
40563;4;-4.86;39.32
40565;9;-3.74;39.33
40566;4;-3.18;39.32
40568;8;-7.23;39.32
40571;16;-6.85;39.32
40572;20;-6.58;39.32
40573;20;-6.48;39.32
40574;14;-6.30;39.32
40575;7;-6.10;39.32
40576;8;-5.93;39.32
40578;10;-5.81;39.32
40580;12;-5.50;39.32
40581;14;-5.49;39.32
40582;7;-5.38;39.32
40583;11;-5.36;39.32
40584;7;-5.08;39.32
40585;13;-5.07;39.32
40587;7;-4.51;39.32
40588;16;-4.45;39.32
40591;5;-3.78;39.32
40592;12;-3.47;39.32
40594;9;-3.01;39.32
40595;4;-2.66;39.32
40596;4;-2.05;39.32
40597;4;-1.82;39.32
40598;3;-1.48;39.32
40599;5;-1.42;39.32
40601;7;-1.17;39.32
40602;4;-1.13;39.32
40603;4;3.11;39.32
40604;12;-6.30;39.33
40605;9;-3.80;39.37
40606;7;-1.21;39.34
40607;6;-5.98;39.34
40608;7;-2.02;39.35
40609;4;-5.85;39.32
40610;8;-5.53;39.32
40611;16;-4.43;39.33
40612;7;-3.45;39.32
40613;4;-1.96;39.32
40614;2;-1.11;39.32
40615;7;-5.01;39.31
40618;4;-3.12;39.32
40620;8;3.09;39.31
40621;21;-6.92;39.31
40622;12;-6.73;39.31
40623;20;-6.59;39.31
40624;20;-6.50;39.31
40625;10;-6.29;39.31
40627;8;-5.90;39.31
40629;8;-5.87;39.31
40630;12;-5.67;39.32
40631;18;-4.86;39.31
40632;14;-4.82;39.34
40633;16;-4.82;39.31
40634;14;-4.81;39.31
40635;9;-4.76;39.31
40636;7;-4.53;39.31
40637;10;-4.51;39.31
40638;7;-4.49;39.31
40640;7;-4.04;39.31
40646;4;-2.72;39.31
40647;4;-2.69;39.31
40648;4;-2.03;39.31
40649;4;-1.93;39.31
40650;4;-1.81;39.31
40652;7;-1.15;39.31
40655;5;3.13;39.31
40656;12;-4.15;39.34
40657;11;-5.37;39.35
40658;15;-4.94;39.33
40659;5;-3.90;39.32
40660;12;-4.46;39.34
40661;8;-4.31;39.39
40663;7;-4.98;39.32
40664;6;-5.61;39.33
40665;12;-6.70;39.31
40666;12;-6.17;39.31
40668;8;-3.60;39.32
40670;15;-5.17;39.31
40671;11;-5.05;39.32
40672;11;-4.99;39.31
40673;15;-4.89;39.31
40674;11;-4.78;39.31
40675;11;-4.29;39.31
40676;5;-3.80;39.31
40678;5;-3.67;39.33
40679;12;-3.55;39.33
40680;8;-3.52;39.31
40682;4;-3.15;39.31
40683;3;-1.42;39.31
40685;4;3.02;39.31
40686;8;3.05;39.31
40688;21;-6.72;39.30
40689;12;-6.50;39.30
40690;20;-6.48;39.30
40691;18;-6.34;39.31
40692;10;-6.32;39.30
40693;11;-5.92;39.30
40694;4;-5.57;39.31
40695;6;-5.54;39.30
40696;10;-5.44;39.30
40698;11;-5.37;39.30
40700;7;-5.05;39.30
40701;7;-4.47;39.30
40702;23;-4.31;39.30
40703;19;-4.30;39.30
40704;15;-4.29;39.30
40705;9;-4.05;39.30
40706;4;-3.99;39.31
40708;8;-3.85;39.30
40710;7;-3.68;39.30
40712;12;-3.47;39.30
40713;7;-3.40;39.31
40714;7;-3.36;39.30
40718;5;-3.02;39.30
40719;4;-2.75;39.30
40720;4;-1.99;39.30
40721;4;-1.91;39.30
40722;4;-1.71;39.30
40723;3;-1.48;39.30
40725;3;-1.33;39.30
40726;3;-1.30;39.30
40727;7;-1.24;39.30
40728;7;-1.21;39.30
40729;7;-1.19;39.30
40730;7;-1.14;39.30
40731;10;-4.57;39.33
40732;23;-6.79;39.31
40733;5;-1.37;39.33
40734;23;-6.97;39.33
40735;16;-4.48;39.30
40738;10;-7.25;39.30
40739;19;-4.37;39.31
40740;4;-2.07;39.30
40741;14;-7.21;39.30
40742;20;-6.67;39.30
40744;10;-5.50;39.30
40745;19;-5.17;39.30
40746;13;-5.01;39.30
40747;4;-4.86;39.30
40748;14;-4.82;39.30
40749;16;-4.80;39.31
40750;7;-4.74;39.34
40752;8;-7.19;39.29
40753;13;-7.08;39.29
40754;21;-6.73;39.29
40755;12;-6.48;39.29
40756;20;-6.43;39.29
40757;20;-6.39;39.29
40758;8;-6.29;39.30
40759;6;-5.60;39.29
40760;8;-5.49;39.29
40761;11;-5.38;39.29
40765;21;-5.16;39.29
40766;15;-5.10;39.29
40767;13;-5.08;39.29
40768;11;-5.07;39.29
40769;4;-5.04;39.29
40770;7;-5.02;39.29
40771;11;-4.93;39.30
40772;13;-4.80;39.29
40773;11;-4.79;39.29
40774;9;-4.76;39.29
40775;14;-4.52;39.30
40778;7;-4.19;39.29
40781;8;-3.75;39.29
40782;8;-3.71;39.29
40783;3;-3.58;39.29
40784;7;-3.56;39.29
40785;4;-3.54;39.29
40786;4;-3.49;39.29
40787;4;-3.45;39.29
40788;4;-3.42;39.29
40789;9;-3.02;39.29
40790;4;-2.82;39.29
40791;4;-2.79;39.29
40792;4;-2.70;39.29
40795;4;-1.68;39.29
40796;7;-1.48;39.29
40797;3;-1.42;39.29
40799;7;-1.39;39.29
40800;3;-1.36;39.29
40802;5;-1.30;39.29
40803;3;-1.29;39.29
40804;4;-1.13;39.29
40805;3;-1.11;39.29
40806;4;-0.80;39.29
40807;4;3.06;39.29
40808;3;-0.74;39.32
40809;3;-4.69;39.34
40810;17;-7.08;39.33
40811;18;-6.87;39.31
40812;12;-7.17;39.31
40813;21;-6.76;39.32
40814;20;-6.62;39.30
40815;8;-3.81;39.30
40816;23;-6.74;39.29
40817;20;-6.51;39.29
40818;8;-5.47;39.36
40819;4;-1.95;39.29
40821;16;-6.91;39.29
40822;12;-6.76;39.29
40823;23;-6.70;39.29
40825;11;-5.04;39.29
40826;10;-4.12;39.29
40827;4;-3.47;39.29
40828;7;-0.96;39.35
40829;13;3.04;39.29
40830;13;3.08;39.29
40831;16;-7.17;39.28
40832;29;-7.16;39.28
40833;13;-7.11;39.28
40834;12;-6.86;39.28
40835;12;-6.79;39.28
40836;12;-6.71;39.28
40837;12;-6.54;39.28
40838;20;-6.53;39.28
40839;22;-6.52;39.28
40840;22;-6.50;39.28
40841;20;-6.48;39.28
40842;20;-6.44;39.28
40844;3;-6.17;39.28
40845;3;-5.92;39.28
40847;8;-5.50;39.28
40848;19;-5.16;39.28
40850;13;-5.06;39.29
40851;4;-4.85;39.28
40852;13;-4.81;39.28
40853;13;-4.79;39.28
40854;4;-4.06;39.28
40855;7;-3.58;39.28
40857;9;-3.04;39.28
40858;4;-2.85;39.28
40859;4;-2.76;39.28
40860;4;-2.71;39.28
40861;4;-2.68;39.29
40862;4;-2.59;39.28
40865;4;-1.49;39.28
40866;4;-1.46;39.28
40868;6;-1.29;39.28
40869;7;-1.25;39.28
40870;2;-0.44;39.28
40871;4;3.05;39.28
40872;4;3.07;39.28
40873;14;-6.16;39.32
40874;21;-5.18;39.28
40876;14;-6.35;39.29
40877;18;-4.36;39.28
40878;9;-4.18;39.29
40879;20;-6.56;39.28
40880;22;-6.53;39.34
40883;6;-5.51;39.28
40884;14;-4.40;39.28
40885;14;-4.31;39.28
40887;16;-7.16;39.27
40888;12;-7.09;39.27
40889;24;-6.96;39.27
40890;16;-6.86;39.27
40891;16;-6.81;39.27
40892;15;-6.66;39.27
40893;22;-6.54;39.27
40894;18;-6.53;39.27
40895;16;-6.51;39.27
40896;12;-6.50;39.27
40897;21;-6.48;39.27
40898;19;-6.47;39.27
40899;23;-6.46;39.27
40900;18;-6.40;39.28
40901;3;-6.33;39.27
40902;3;-6.25;39.27
40903;8;-6.22;39.27
40905;11;-6.14;39.27
40906;11;-6.11;39.29
40907;3;-5.93;39.27
40908;11;-5.89;39.27
40909;10;-5.85;39.29
40910;15;-5.16;39.27
40911;4;-5.06;39.27
40912;15;-5.05;39.27
40913;15;-4.98;39.27
40914;16;-4.86;39.27
40915;11;-4.85;39.27
40916;4;-4.83;39.27
40919;8;-3.70;39.27
40921;8;-3.67;39.27
40925;4;-2.83;39.27
40932;7;-1.18;39.27
40934;13;3.06;39.28
40935;4;-6.05;39.30
40936;10;-5.94;39.32
40937;31;-7.20;39.28
40938;10;-6.25;39.30
40939;12;-4.96;39.28
40940;9;-4.74;39.27
40941;7;-4.28;39.27
40942;4;-1.78;39.27
40943;8;-7.17;39.27
40944;29;-7.15;39.27
40945;12;-7.13;39.27
40946;14;-7.11;39.27
40947;11;-6.67;39.27
40948;13;-5.93;39.28
40949;2;-5.58;39.28
40950;11;-5.27;39.27
40951;17;-5.08;39.27
40952;7;-4.93;39.28
40953;5;-4.73;39.27
40954;4;-3.58;39.27
40956;4;-2.66;39.27
40957;4;-2.07;39.27
40958;6;-1.35;39.27
40959;9;-1.19;39.30
40960;4;-0.75;39.27
40962;16;-7.20;39.26
40963;31;-7.16;39.26
40964;8;-7.03;39.26
40965;16;-6.95;39.27
40966;16;-6.84;39.26
40967;15;-6.62;39.26
40968;21;-6.47;39.26
40969;23;-6.45;39.26
40970;19;-6.44;39.26
40971;22;-6.43;39.26
40972;20;-6.41;39.26
40973;8;-6.24;39.26
40974;15;-6.19;39.26
40975;12;-6.17;39.26
40976;12;-6.10;39.26
40977;8;-6.01;39.26
40982;4;-5.16;39.26
40983;16;-4.97;39.26
40984;12;-4.93;39.26
40985;4;-4.85;39.26
40986;11;-4.83;39.26
40989;7;-4.43;39.26
40991;9;-4.16;39.26
40993;8;-3.71;39.26
40994;8;-3.68;39.26
40995;8;-3.65;39.26
40996;4;-3.42;39.26
40998;4;-2.86;39.26
40999;4;-2.75;39.26
41000;4;-2.64;39.26
41001;4;-2.59;39.26
41005;4;-1.75;39.26
41006;4;-1.46;39.26
41008;9;-1.18;39.26
41012;3;-0.50;39.26
41013;11;-4.81;39.28
41015;12;-4.02;39.28
41016;9;-3.12;39.29
41017;20;-6.90;39.27
41018;15;-6.69;39.27
41019;13;-5.21;39.27
41020;20;-6.86;39.26
41021;16;-6.56;39.26
41022;11;-6.22;39.26
41023;8;-6.15;39.26
41024;12;-5.80;39.26
41026;9;-5.49;39.26
41027;17;-5.18;39.26
41028;7;-5.00;39.26
41029;4;-4.81;39.26
41030;9;-3.03;39.26
41031;4;-2.71;39.26
41033;31;-7.21;39.26
41035;8;-7.15;39.26
41036;15;-7.13;39.26
41037;22;-6.91;39.26
41038;20;-6.81;39.26
41039;11;-6.69;39.26
41040;15;-6.67;39.26
41041;25;-6.45;39.26
41042;23;-6.44;39.26
41043;16;-6.43;39.26
41044;13;-6.01;39.26
41046;8;-5.98;39.26
41047;7;-5.96;39.26
41048;9;-5.95;39.26
41049;7;-5.93;39.26
41050;9;-5.91;39.26
41053;7;-5.48;39.26
41054;11;-5.30;39.26
41055;15;-5.16;39.26
41056;7;-5.05;39.26
41057;15;-4.99;39.26
41058;12;-4.97;39.26
41059;4;-4.83;39.26
41064;6;-4.16;39.26
41067;8;-3.72;39.26
41068;12;-3.68;39.26
41069;8;-3.67;39.26
41072;4;-2.88;39.26
41074;4;-2.48;39.26
41079;4;-1.82;39.26
41082;8;-1.37;39.26
41084;4;-1.18;39.26
41086;3;-3.84;39.27
41087;12;-7.05;39.27
41088;4;-1.75;39.34
41089;15;-7.06;39.26
41090;15;-6.76;39.27
41091;16;-6.53;39.26
41094;15;-5.09;39.26
41095;17;-7.09;39.26
41096;17;-6.78;39.25
41098;12;-5.89;39.25
41099;13;-5.24;39.25
41100;17;-5.20;39.25
41101;19;-5.19;39.25
41103;3;-0.45;39.25
41105;11;-7.13;39.25
41106;17;-7.05;39.25
41107;20;-6.91;39.25
41108;25;-6.44;39.25
41109;11;-6.24;39.25
41110;12;-6.18;39.25
41111;8;-6.16;39.25
41112;9;-5.93;39.25
41113;7;-5.91;39.25
41115;2;-5.54;39.25
41116;4;-5.48;39.25
41117;4;-5.16;39.25
41118;4;-5.07;39.25
41119;15;-5.05;39.25
41120;10;-5.01;39.25
41121;19;-4.97;39.25
41123;7;-4.54;39.25
41124;7;-4.50;39.25
41125;2;-4.16;39.25
41126;8;-3.62;39.25
41127;4;-3.48;39.25
41132;4;-1.69;39.25
41134;7;-4.10;39.26
41135;19;-6.48;39.25
41136;18;-6.35;39.25
41137;7;-6.33;39.25
41138;16;-7.18;39.25
41140;7;-5.29;39.31
41141;29;-7.16;39.24
41142;23;-6.44;39.24
41143;10;-6.22;39.24
41144;9;-5.46;39.24
41146;21;-5.17;39.24
41147;7;-5.06;39.24
41148;10;-4.98;39.24
41149;4;-4.78;39.24
41151;29;-7.23;39.24
41152;16;-7.22;39.24
41154;11;-7.08;39.24
41155;15;-7.05;39.24
41156;15;-6.75;39.24
41157;15;-6.70;39.24
41158;16;-6.40;39.24
41159;9;-6.30;39.25
41160;13;-6.26;39.25
41161;11;-6.25;39.24
41164;4;-5.59;39.24
41165;3;-5.48;39.24
41166;6;-5.44;39.24
41168;13;-5.26;39.24
41169;21;-5.19;39.24
41170;4;-5.18;39.24
41171;4;-5.10;39.24
41172;11;-5.08;39.24
41173;13;-4.78;39.24
41175;7;-4.48;39.24
41179;12;-3.59;39.24
41180;4;-3.39;39.24
41182;9;-3.18;39.24
41183;9;-3.10;39.24
41184;4;-2.88;39.24
41196;3;-0.47;39.24
41197;17;-7.02;39.24
41198;3;-4.73;39.24
41199;4;-3.42;39.26
41200;12;-7.14;39.24
41201;14;-7.04;39.24
41202;12;-6.13;39.24
41203;8;-3.69;39.24
41205;22;-6.85;39.25
41206;4;-6.15;39.23
41207;13;-6.00;39.23
41208;4;-5.91;39.23
41209;20;-5.00;39.24
41210;15;-4.97;39.23
41211;7;-4.43;39.23
41215;29;-7.26;39.23
41216;13;-7.05;39.23
41218;16;-6.91;39.23
41219;25;-6.81;39.23
41220;15;-6.73;39.23
41221;15;-6.58;39.23
41222;12;-6.53;39.23
41223;12;-6.51;39.23
41224;15;-6.46;39.23
41225;21;-6.45;39.23
41226;6;-6.32;39.23
41230;10;-5.65;39.23
41231;4;-5.64;39.23
41232;5;-5.46;39.23
41233;10;-5.45;39.23
41234;18;-5.21;39.23
41235;22;-5.20;39.23
41237;17;-5.14;39.29
41238;15;-5.02;39.23
41239;18;-5.01;39.23
41240;10;-4.99;39.23
41241;12;-4.92;39.23
41242;7;-4.37;39.23
41243;8;-3.93;39.23
41245;12;-3.60;39.23
41246;4;-3.49;39.23
41247;9;-3.17;39.23
41248;9;-3.14;39.23
41249;4;-1.83;39.23
41252;21;-6.49;39.23
41253;13;-4.80;39.23
41254;9;-3.21;39.23
41255;17;-7.12;39.23
41256;20;-6.41;39.23
41257;12;-6.16;39.23
41258;17;-5.02;39.26
41259;29;-7.23;39.25
41260;16;-7.19;39.22
41261;10;-7.04;39.22
41262;18;-6.75;39.23
41264;8;-5.42;39.22
41265;13;-5.29;39.25
41266;19;-5.09;39.22
41267;15;-5.07;39.22
41268;7;-4.75;39.26
41270;29;-7.23;39.22
41271;16;-7.22;39.22
41272;4;-7.14;39.22
41273;15;-7.06;39.22
41274;8;-7.03;39.22
41275;20;-6.90;39.22
41276;16;-6.88;39.22
41277;18;-6.85;39.22
41278;6;-6.83;39.23
41279;25;-6.82;39.22
41280;6;-6.80;39.22
41281;15;-6.71;39.22
41282;19;-6.48;39.22
41283;19;-6.45;39.22
41284;22;-6.40;39.22
41285;16;-6.38;39.22
41286;4;-6.14;39.22
41287;12;-6.13;39.22
41288;12;-5.81;39.22
41289;9;-5.46;39.22
41290;15;-5.24;39.22
41291;20;-5.17;39.22
41292;4;-5.16;39.22
41293;15;-5.14;39.22
41294;4;-5.13;39.22
41295;7;-5.02;39.22
41296;20;-5.01;39.22
41297;10;-5.00;39.22
41298;18;-4.98;39.22
41299;15;-4.94;39.22
41303;7;-4.36;39.22
41304;9;-4.27;39.22
41307;9;-3.16;39.22
41308;9;-3.08;39.22
41309;4;-2.88;39.22
41312;4;-1.51;39.22
41313;4;-1.19;39.22
41317;3;-0.49;39.22
41318;15;-4.36;39.24
41319;4;-5.97;39.23
41320;6;-5.92;39.23
41321;11;-5.24;39.23
41322;5;-5.51;39.24
41323;3;-4.10;39.22
41324;16;-7.16;39.22
41325;25;-6.43;39.22
41326;10;-6.33;39.22
41328;15;-7.10;39.23
41329;15;-6.47;39.21
41330;21;-6.46;39.21
41331;22;-6.43;39.21
41332;14;-6.31;39.21
41333;18;-5.18;39.21
41334;17;-5.11;39.21
41335;16;-3.74;39.25
41337;29;-7.18;39.22
41338;11;-7.11;39.21
41339;17;-7.08;39.22
41340;13;-6.96;39.21
41341;6;-6.86;39.21
41342;16;-6.83;39.21
41343;19;-6.82;39.21
41344;23;-6.81;39.21
41345;18;-6.79;39.21
41346;14;-6.77;39.21
41347;11;-6.70;39.21
41348;21;-6.48;39.21
41349;15;-6.45;39.21
41350;16;-6.41;39.21
41352;4;-6.18;39.21
41353;8;-6.16;39.21
41356;9;-6.03;39.21
41357;12;-5.89;39.21
41359;4;-5.65;39.21
41360;4;-5.56;39.21
41361;5;-5.48;39.21
41362;14;-5.24;39.21
41363;14;-5.19;39.21
41364;14;-5.16;39.21
41365;21;-5.09;39.21
41366;17;-5.07;39.21
41367;17;-5.02;39.21
41368;10;-5.01;39.21
41369;10;-4.99;39.21
41370;20;-4.98;39.21
41371;16;-4.92;39.24
41372;7;-4.86;39.21
41373;13;-4.80;39.21
41375;3;-4.73;39.21
41376;7;-4.45;39.21
41377;5;-4.23;39.25
41378;2;-4.17;39.22
41381;12;-3.64;39.26
41382;4;-2.51;39.21
41386;4;-1.62;39.21
41387;3;-1.51;39.21
41389;4;-1.24;39.21
41392;2;-0.32;39.21
41393;7;-4.64;39.25
41394;11;-4.83;39.22
41395;16;-7.24;39.22
41396;8;-3.98;39.24
41397;10;-6.28;39.22
41398;6;-5.59;39.24
41399;3;-5.50;39.22
41401;20;-6.39;39.21
41402;6;-5.44;39.21
41403;10;-5.30;39.21
41404;19;-4.96;39.22
41405;11;-4.76;39.21
41406;11;-4.30;39.24
41407;8;-7.22;39.21
41408;16;-7.20;39.20
41409;10;-7.13;39.21
41410;14;-7.05;39.21
41411;21;-7.00;39.20
41412;22;-6.84;39.21
41413;2;-5.58;39.21
41415;15;-5.12;39.22
41416;20;-5.00;39.20
41417;15;-4.95;39.21
41420;29;-7.15;39.20
41421;4;-7.14;39.20
41422;14;-7.10;39.20
41423;12;-7.08;39.20
41425;16;-6.85;39.20
41426;18;-6.77;39.20
41427;18;-6.74;39.20
41428;11;-6.66;39.20
41429;12;-6.47;39.20
41430;20;-6.37;39.20
41431;6;-5.96;39.21
41434;5;-5.49;39.20
41435;9;-5.48;39.20
41436;12;-5.25;39.20
41437;18;-5.23;39.21
41438;20;-5.20;39.21
41439;11;-5.11;39.20
41440;13;-5.05;39.21
41441;16;-5.01;39.20
41442;10;-4.98;39.20
41443;7;-4.73;39.20
41444;3;-4.72;39.20
41445;16;-4.03;39.20
41447;8;-3.71;39.20
41448;4;-3.53;39.21
41454;6;-1.93;39.20
41455;4;-1.82;39.20
41456;11;-1.44;39.20
41457;4;-1.19;39.20
41459;4;-5.39;39.24
41460;24;-6.93;39.24
41461;18;-6.52;39.22
41462;8;-6.21;39.22
41464;22;-6.89;39.20
41465;25;-6.81;39.20
41466;20;-6.77;39.21
41467;16;-6.43;39.20
41468;14;-6.33;39.20
41469;4;-6.16;39.20
41473;6;-5.59;39.20
41474;17;-5.09;39.20
41477;16;-3.94;39.20
41478;8;-3.76;39.20
41479;10;-3.67;39.20
41480;4;-7.22;39.19
41482;4;-7.17;39.19
41484;16;-7.15;39.19
41485;8;-7.14;39.19
41486;4;-7.13;39.19
41487;13;-7.09;39.19
41488;21;-6.98;39.25
41489;20;-6.89;39.19
41490;21;-6.82;39.19
41491;14;-6.75;39.19
41492;11;-6.73;39.19
41493;15;-6.71;39.20
41494;15;-6.64;39.19
41495;11;-6.62;39.19
41496;20;-6.41;39.19
41497;12;-6.28;39.19
41499;2;-5.61;39.19
41501;4;-5.55;39.19
41502;4;-5.41;39.20
41504;8;-5.28;39.20
41505;15;-5.24;39.19
41506;17;-5.22;39.19
41507;18;-5.20;39.19
41508;18;-5.17;39.19
41509;8;-5.16;39.19
41510;15;-5.14;39.19
41511;4;-5.12;39.19
41512;11;-5.08;39.19
41513;22;-4.99;39.19
41514;15;-4.97;39.19
41516;7;-4.79;39.19
41517;7;-4.72;39.19
41518;11;-4.63;39.19
41519;15;-4.62;39.19
41520;11;-4.53;39.19
41522;4;-2.72;39.19
41530;11;-1.45;39.19
41533;7;-0.75;39.24
41535;8;-6.26;39.19
41536;8;-6.13;39.20
41537;2;-5.98;39.19
41538;14;-5.85;39.23
41539;4;-5.16;39.20
41541;7;-1.60;39.20
41543;4;-7.19;39.19
41544;17;-6.64;39.23
41545;11;-6.58;39.19
41546;12;-6.55;39.19
41547;16;-6.35;39.19
41548;14;-6.30;39.19
41549;12;-6.21;39.19
41550;8;-5.74;39.27
41551;4;-5.61;39.20
41552;6;-5.47;39.19
41553;11;-4.69;39.19
41554;7;-4.47;39.19
41555;10;-3.59;39.19
41558;2;-0.34;39.30
41559;9;-7.15;39.18
41560;13;-7.13;39.18
41561;19;-7.09;39.18
41562;13;-7.08;39.18
41563;21;-6.81;39.18
41564;19;-6.79;39.18
41565;16;-6.72;39.18
41566;11;-6.69;39.18
41567;21;-6.62;39.18
41569;22;-6.44;39.19
41570;4;-6.43;39.18
41571;22;-6.38;39.22
41572;16;-6.38;39.18
41573;20;-6.35;39.18
41574;12;-6.32;39.19
41575;14;-5.89;39.18
41576;12;-5.88;39.18
41577;10;-5.80;39.20
41578;10;-5.64;39.18
41580;12;-5.40;39.18
41581;6;-5.39;39.18
41582;12;-5.31;39.18
41583;4;-5.27;39.18
41584;22;-5.21;39.18
41585;15;-5.20;39.18
41586;22;-5.17;39.18
41587;13;-5.14;39.18
41588;15;-5.13;39.18
41589;4;-4.79;39.18
41590;11;-4.60;39.18
41591;4;-3.52;39.18
41592;4;-2.73;39.18
41599;2;-0.32;39.18
41600;5;2.96;39.19
41601;6;-3.33;39.19
41602;8;-1.39;39.20
41603;9;-6.01;39.18
41604;6;-1.86;39.19
41605;4;-5.92;39.19
41606;4;-7.16;39.18
41607;21;-6.77;39.18
41608;12;-6.71;39.18
41609;13;-6.66;39.18
41611;9;-6.06;39.22
41613;16;-5.34;39.18
41614;20;-5.29;39.18
41615;17;-5.11;39.18
41616;11;-5.10;39.18
41617;7;-4.70;39.18
41619;8;-3.61;39.18
41623;8;-1.31;39.18
41624;15;-7.12;39.18
41625;12;-6.90;39.17
41626;12;-6.84;39.17
41627;16;-6.79;39.17
41628;19;-6.78;39.17
41629;16;-6.70;39.17
41630;7;-6.68;39.17
41631;17;-6.61;39.17
41632;13;-6.59;39.17
41633;12;-6.28;39.17
41634;8;-6.21;39.17
41635;6;-6.15;39.17
41637;4;-6.12;39.17
41640;6;-5.90;39.17
41641;10;-5.46;39.17
41644;8;-5.33;39.17
41646;22;-5.29;39.17
41647;20;-5.27;39.17
41648;22;-5.23;39.17
41649;12;-5.21;39.17
41650;22;-5.20;39.17
41651;22;-5.18;39.17
41652;10;-5.17;39.17
41653;11;-5.14;39.17
41654;13;-5.13;39.17
41656;10;-4.69;39.17
41657;4;-4.66;39.17
41658;11;-4.37;39.17
41660;8;-3.74;39.17
41661;10;-3.62;39.17
41669;7;-1.63;39.17
41670;7;-1.58;39.17
41673;6;-6.87;39.18
41674;15;-6.91;39.17
41675;17;-6.64;39.17
41676;14;-5.41;39.17
41677;20;-5.24;39.18
41678;14;-5.16;39.17
41679;17;-5.08;39.17
41680;18;-4.63;39.18
41682;3;-1.18;39.18
41684;12;-6.46;39.17
41685;4;-6.30;39.17
41687;4;-5.88;39.17
41688;6;-5.73;39.17
41691;13;-7.04;39.16
41692;8;-7.03;39.16
41693;16;-6.85;39.16
41694;16;-6.78;39.16
41695;11;-6.67;39.16
41696;7;-6.65;39.16
41697;4;-6.26;39.16
41698;2;-6.10;39.16
41700;6;-6.05;39.16
41701;2;-6.00;39.16
41702;2;-5.79;39.16
41704;2;-5.68;39.16
41705;4;-5.64;39.16
41706;2;-5.58;39.16
41707;14;-5.23;39.16
41708;4;-5.21;39.16
41709;4;-5.17;39.16
41710;17;-5.14;39.16
41711;13;-5.12;39.16
41712;8;-5.11;39.16
41717;18;-4.66;39.16
41718;7;-4.44;39.16
41719;11;-4.38;39.16
41720;3;-4.30;39.17
41722;8;-3.75;39.16
41723;8;-3.66;39.16
41724;10;-3.65;39.16
41731;4;-1.83;39.16
41732;7;-1.61;39.16
41735;5;2.92;39.16
41736;5;2.98;39.16
41737;11;-4.46;39.23
41739;18;-6.89;39.17
41740;8;-3.81;39.18
41742;4;-6.45;39.16
41743;4;-6.21;39.16
41745;4;-6.14;39.16
41746;20;-5.31;39.16
41747;14;-5.26;39.16
41748;12;-5.20;39.16
41749;22;-4.61;39.16
41751;5;2.94;39.16
41752;17;-7.07;39.16
41753;17;-7.04;39.16
41754;9;-6.91;39.16
41755;12;-6.85;39.16
41756;18;-6.78;39.16
41757;16;-6.77;39.16
41758;15;-6.63;39.16
41759;17;-6.62;39.16
41760;7;-6.60;39.16
41761;4;-6.42;39.16
41766;2;-5.82;39.16
41768;2;-5.59;39.16
41769;6;-5.56;39.17
41770;10;-5.44;39.16
41772;4;-5.30;39.16
41773;20;-5.28;39.16
41774;20;-5.22;39.16
41775;18;-5.16;39.16
41776;15;-5.14;39.16
41778;19;-5.04;39.16
41780;11;-5.00;39.16
41781;18;-4.63;39.16
41782;14;-4.62;39.16
41783;11;-4.59;39.16
41785;15;-4.51;39.16
41787;8;-3.96;39.16
41788;8;-3.71;39.16
41789;10;-3.67;39.16
41790;10;-3.59;39.16
41796;7;-1.62;39.16
41798;4;-0.68;39.16
41800;7;-1.13;39.23
41801;19;-5.02;39.17
41802;19;-4.56;39.17
41803;19;-7.06;39.17
41806;18;-6.83;39.17
41807;14;-4.67;39.17
41808;10;-6.44;39.15
41811;6;-5.50;39.16
41814;4;-5.19;39.15
41815;7;-4.34;39.17
41817;13;-7.12;39.16
41818;8;-7.03;39.15
41819;13;-6.89;39.15
41820;16;-6.85;39.15
41821;12;-6.46;39.15
41823;6;-5.94;39.15
41824;4;-5.73;39.16
41825;4;-5.67;39.15
41826;2;-5.61;39.15
41828;6;-5.39;39.15
41829;4;-5.29;39.15
41830;20;-5.25;39.15
41831;14;-5.21;39.15
41832;4;-5.16;39.15
41833;19;-5.08;39.15
41835;11;-5.02;39.15
41836;7;-4.80;39.15
41838;12;-4.54;39.15
41839;4;-4.53;39.15
41840;12;-4.51;39.15
41841;16;-4.50;39.15
41843;16;-3.94;39.15
41845;8;-3.68;39.15
41854;2;-1.94;39.15
41856;3;-1.71;39.15
41857;3;-1.68;39.15
41858;4;-1.33;39.15
41860;5;2.93;39.15
41861;5;2.96;39.15
41862;14;-5.18;39.16
41863;2;-5.65;39.15
41865;6;-5.65;39.16
41866;18;-6.84;39.14
41868;4;-5.97;39.15
41870;11;-5.13;39.15
41871;11;-4.98;39.14
41872;11;-4.65;39.14
41873;8;-3.92;39.14
41874;8;-3.81;39.14
41875;4;-1.73;39.21
41879;12;-6.81;39.14
41882;6;-6.34;39.14
41885;2;-5.94;39.14
41886;2;-5.84;39.14
41887;4;-5.70;39.14
41889;6;-5.66;39.14
41890;10;-5.56;39.14
41891;10;-5.52;39.14
41893;10;-5.45;39.14
41894;16;-5.34;39.14
41895;20;-5.30;39.14
41897;20;-5.20;39.14
41898;13;-5.19;39.14
41899;18;-5.18;39.14
41900;15;-5.14;39.14
41901;11;-5.07;39.14
41903;4;-4.55;39.14
41904;8;-4.54;39.14
41905;8;-4.03;39.14
41906;10;-3.68;39.14
41907;8;-3.67;39.14
41911;4;-1.07;39.14
41913;4;-0.41;39.14
41914;4;-1.11;39.16
41916;6;-3.28;39.16
41917;11;-1.62;39.16
41918;6;-6.22;39.14
41919;6;-1.95;39.14
41920;6;-5.48;39.14
41922;13;-5.16;39.13
41923;15;-4.65;39.13
41925;10;-3.61;39.13
41927;4;-1.34;39.22
41928;5;2.93;39.13
41929;13;-7.04;39.13
41930;8;-6.97;39.13
41931;11;-6.83;39.13
41932;12;-6.72;39.13
41933;22;-6.70;39.13
41934;12;-6.56;39.13
41935;12;-6.53;39.13
41936;10;-6.41;39.13
41937;8;-6.40;39.13
41938;4;-6.35;39.13
41939;4;-6.29;39.13
41940;4;-6.26;39.13
41942;2;-5.93;39.13
41943;2;-5.87;39.13
41945;6;-5.73;39.13
41946;4;-5.71;39.13
41947;6;-5.70;39.13
41949;2;-5.50;39.13
41950;6;-5.42;39.13
41951;6;-5.35;39.13
41952;20;-5.29;39.13
41953;4;-5.23;39.13
41954;12;-5.21;39.13
41955;8;-5.19;39.13
41957;11;-5.14;39.13
41958;17;-5.10;39.13
41959;15;-5.08;39.13
41960;11;-5.01;39.13
41962;7;-4.78;39.17
41963;11;-4.63;39.13
41964;19;-4.61;39.13
41965;16;-4.53;39.13
41966;8;-3.99;39.13
41968;8;-3.89;39.17
41969;8;-3.84;39.13
41971;4;-3.35;39.24
41974;4;-1.10;39.13
41976;4;-0.42;39.13
41977;12;-4.90;39.19
41978;10;-6.38;39.16
41979;7;-1.69;39.16
41980;15;-7.14;39.13
41982;8;-4.57;39.13
41983;13;-7.10;39.12
41984;13;-6.86;39.12
41986;10;-6.43;39.12
41987;7;-4.80;39.12
41988;16;-4.00;39.16
41989;8;-3.95;39.12
41990;16;-3.93;39.12
41993;8;-1.38;39.12
41995;9;-6.83;39.12
41996;11;-6.81;39.12
41997;8;-6.41;39.12
41998;8;-6.38;39.12
42000;8;-6.26;39.12
42001;4;-6.14;39.12
42002;8;-5.70;39.12
42003;6;-5.49;39.12
42004;10;-5.48;39.12
42005;6;-5.43;39.12
42006;15;-5.12;39.14
42007;17;-5.08;39.12
42008;16;-4.93;39.12
42010;7;-4.82;39.12
42011;15;-4.73;39.12
42012;15;-4.63;39.12
42013;11;-4.61;39.13
42014;16;-4.58;39.12
42015;16;-4.55;39.12
42016;8;-3.98;39.12
42017;8;-3.81;39.12
42018;10;-3.68;39.12
42019;10;-3.65;39.13
42022;2;-2.67;39.12
42024;5;-2.31;39.12
42026;2;-1.90;39.16
42027;6;-1.89;39.12
42028;4;-1.86;39.12
42030;3;-1.64;39.12
42031;7;-1.52;39.16
42032;7;-1.29;39.12
42035;8;-6.29;39.14
42036;4;-1.42;39.14
42037;15;-7.08;39.13
42038;18;-6.73;39.15
42039;6;-6.16;39.14
42040;8;-7.02;39.12
42041;14;-6.78;39.13
42043;10;-5.64;39.12
42044;2;-5.51;39.17
42045;19;-5.02;39.12
42046;4;-7.15;39.11
42047;20;-6.70;39.11
42048;17;-5.16;39.12
42049;16;-4.88;39.13
42050;8;-3.62;39.11
42053;6;-2.74;39.12
42055;15;-7.11;39.11
42056;9;-7.08;39.11
42057;11;-6.85;39.11
42058;9;-6.81;39.11
42059;16;-6.71;39.11
42060;4;-6.41;39.11
42061;8;-6.39;39.11
42062;6;-6.22;39.11
42065;20;-5.29;39.11
42066;4;-5.26;39.11
42067;12;-5.20;39.11
42069;16;-4.94;39.11
42070;12;-4.92;39.11
42071;12;-4.87;39.11
42072;7;-4.75;39.11
42073;15;-4.69;39.12
42074;19;-4.61;39.11
42075;16;-4.60;39.11
42076;12;-4.51;39.11
42077;13;-4.01;39.11
42083;2;-2.71;39.11
42084;6;-2.65;39.11
42085;4;-2.32;39.21
42086;9;-2.24;39.16
42089;3;-0.99;39.11
42091;13;-6.63;39.13
42092;3;-0.89;39.20
42093;18;-4.66;39.12
42095;6;-5.60;39.13
42096;17;-6.67;39.11
42097;16;-6.56;39.11
42098;16;-6.51;39.15
42099;4;-6.17;39.11
42100;14;-5.18;39.11
42101;7;-1.33;39.12
42102;11;-6.77;39.10
42103;10;-6.58;39.11
42104;8;-6.43;39.11
42105;4;-6.37;39.10
42107;14;-5.57;39.10
42108;10;-5.52;39.11
42109;14;-5.45;39.12
42110;8;-3.71;39.11
42113;6;-7.10;39.10
42114;6;-7.01;39.10
42115;14;-6.73;39.10
42116;18;-6.71;39.10
42117;22;-6.69;39.10
42119;10;-6.43;39.10
42120;8;-6.41;39.10
42121;10;-6.40;39.10
42122;8;-6.26;39.10
42123;6;-6.20;39.10
42125;6;-5.81;39.10
42127;8;-5.71;39.10
42129;16;-5.33;39.10
42130;20;-5.31;39.10
42131;22;-5.30;39.10
42132;4;-5.29;39.10
42133;22;-5.26;39.12
42136;21;-5.14;39.10
42137;7;-5.08;39.10
42138;13;-4.98;39.10
42139;15;-4.97;39.10
42140;11;-4.93;39.10
42141;11;-4.89;39.10
42142;14;-4.64;39.10
42143;13;-3.98;39.10
42144;5;-3.96;39.10
42145;8;-3.77;39.13
42146;2;-2.65;39.10
42148;3;-1.36;39.10
42151;12;-6.97;39.15
42152;10;-5.67;39.11
42154;4;-1.05;39.11
42155;4;-0.37;39.13
42156;4;-6.31;39.12
42160;4;-6.23;39.12
42161;2;-5.63;39.10
42162;7;-4.80;39.10
42163;7;-4.70;39.10
42164;12;-4.50;39.10
42165;2;-2.74;39.10
42167;10;-6.97;39.09
42169;8;-6.69;39.09
42170;18;-6.66;39.09
42171;10;-6.63;39.09
42172;8;-6.62;39.09
42173;15;-6.60;39.09
42174;4;-6.44;39.09
42177;6;-6.21;39.09
42178;4;-6.20;39.09
42180;6;-5.76;39.09
42181;10;-5.71;39.09
42182;8;-5.69;39.09
42183;2;-5.65;39.09
42184;10;-5.64;39.09
42185;14;-5.58;39.09
42186;2;-5.57;39.09
42188;20;-5.44;39.09
42189;21;-5.13;39.09
42190;19;-5.08;39.09
42191;13;-5.02;39.09
42192;13;-5.00;39.09
42193;17;-4.97;39.09
42194;11;-4.95;39.09
42196;13;-4.00;39.09
42200;2;-2.70;39.09
42201;3;-1.08;39.09
42203;15;-6.88;39.12
42204;8;-4.51;39.11
42205;8;-3.91;39.10
42206;6;-5.88;39.13
42207;16;-5.54;39.09
42208;20;-5.47;39.09
42209;16;-5.31;39.09
42213;3;-1.11;39.09
42215;8;-6.56;39.08
42216;4;-6.35;39.08
42217;4;-6.28;39.08
42218;6;-6.27;39.08
42223;10;-5.65;39.08
42225;2;-5.59;39.08
42226;12;-5.58;39.08
42229;15;-4.97;39.08
42230;7;-4.95;39.08
42231;11;-4.91;39.08
42232;7;-4.84;39.08
42233;7;-4.81;39.08
42234;7;-4.75;39.08
42235;11;-4.64;39.08
42236;4;-4.31;39.08
42239;8;-3.74;39.08
42241;2;-2.76;39.08
42242;4;-1.07;39.08
42243;5;-4.02;39.09
42247;6;-6.98;39.08
42249;10;-6.47;39.09
42250;6;-5.67;39.08
42251;18;-5.41;39.08
42253;4;-4.34;39.08
42254;4;-0.29;39.08
42255;13;-6.88;39.07
42258;6;-6.70;39.07
42262;16;-5.52;39.07
42263;23;-5.48;39.07
42265;11;-5.06;39.07
42266;7;-4.70;39.07
42267;11;-4.61;39.07
42268;11;-4.56;39.07
42270;8;-3.90;39.07
42277;15;-6.80;39.09
42279;13;-3.94;39.09
42280;6;-5.70;39.07
42281;21;-5.10;39.08
42284;3;-1.32;39.08
42285;14;-6.50;39.07
42289;4;-3.17;39.07
42290;7;-1.11;39.10
42292;8;-6.56;39.06
42295;6;-5.68;39.06
42296;10;-5.63;39.06
42297;14;-5.62;39.06
42298;19;-5.50;39.06
42299;23;-5.46;39.06
42300;18;-5.42;39.06
42302;18;-5.39;39.06
42305;17;-4.97;39.06
42306;11;-4.87;39.06
42307;7;-4.78;39.06
42308;15;-4.53;39.06
42309;8;-4.51;39.06
42310;8;-4.49;39.06
42311;4;-4.29;39.06
42317;4;-3.15;39.06
42319;4;-1.14;39.06
42320;3;-1.12;39.06
42322;12;-4.54;39.09
42323;14;-6.95;39.07
42325;18;-5.37;39.12
42326;11;-5.02;39.09
42329;4;-5.32;39.07
42330;17;-5.08;39.06
42331;10;-6.69;39.06
42332;4;-6.67;39.06
42333;4;-6.37;39.06
42334;2;-5.65;39.07
42337;10;-6.78;39.07
42338;13;-6.60;39.05
42341;10;-6.47;39.05
42344;10;-5.65;39.05
42345;14;-5.63;39.05
42346;4;-5.52;39.05
42347;8;-5.51;39.05
42348;23;-5.43;39.05
42349;8;-5.42;39.05
42350;4;-5.39;39.05
42351;11;-5.00;39.05
42352;11;-4.91;39.05
42353;11;-4.59;39.05
42354;14;-4.57;39.05
42355;14;-4.51;39.05
42363;4;-0.32;39.05
42364;10;-6.54;39.07
42365;2;-2.66;39.07
42366;14;-5.56;39.07
42367;13;-4.89;39.08
42368;19;-6.66;39.05
42369;2;-2.74;39.06
42370;4;-2.63;39.06
42371;4;-6.41;39.05
42373;15;-4.99;39.05
42374;7;-4.91;39.05
42376;2;-2.71;39.05
42378;10;-6.81;39.05
42380;4;-6.69;39.05
42381;13;-6.63;39.05
42382;10;-6.56;39.05
42384;2;-5.65;39.05
42385;11;-5.50;39.05
42387;18;-5.41;39.05
42388;16;-5.38;39.05
42389;16;-5.19;39.05
42390;11;-4.89;39.05
42391;7;-4.85;39.05
42392;14;-4.59;39.05
42393;8;-4.57;39.05
42394;11;-4.56;39.05
42395;11;-4.50;39.05
42396;4;-4.31;39.05
42399;2;-2.69;39.05
42405;19;-6.86;39.07
42406;8;-2.20;39.07
42407;18;-5.15;39.07
42408;10;-6.95;39.05
42409;8;-3.92;39.05
42410;6;-5.67;39.05
42411;11;-5.46;39.05
42412;4;-3.17;39.04
42413;4;-3.21;39.11
42415;15;-6.62;39.06
42418;18;-5.32;39.05
42420;10;-5.06;39.04
42423;2;-5.69;39.04
42425;10;-5.65;39.04
42426;16;-5.42;39.04
42427;4;-5.33;39.04
42428;16;-5.32;39.04
42429;4;-5.13;39.04
42430;14;-5.10;39.04
42431;7;-4.89;39.04
42432;11;-4.88;39.04
42433;7;-4.87;39.04
42434;7;-4.78;39.04
42435;11;-4.53;39.04
42436;8;-3.89;39.04
42439;2;-2.70;39.04
42440;4;-1.08;39.04
42444;4;-0.31;39.04
42445;9;-4.33;39.07
42446;10;-1.90;39.07
42447;13;-5.04;39.06
42448;15;-4.59;39.07
42449;10;-2.13;39.07
42450;4;-4.35;39.11
42451;6;-6.38;39.06
42453;4;-5.38;39.04
42454;14;-5.18;39.03
42455;18;-4.55;39.05
42456;7;-4.49;39.03
42457;4;-0.57;39.03
42458;4;-0.40;39.07
42460;13;-6.85;39.03
42461;11;-6.65;39.03
42465;6;-5.68;39.03
42466;2;-5.65;39.03
42467;23;-5.50;39.03
42468;11;-5.48;39.03
42469;8;-5.42;39.03
42470;16;-5.23;39.03
42472;4;-5.16;39.03
42473;16;-5.14;39.03
42475;11;-4.61;39.03
42476;14;-4.53;39.03
42478;8;-3.90;39.03
42483;3;-0.90;39.06
42485;20;-5.25;39.06
42486;13;-4.92;39.03
42487;10;-5.60;39.06
42488;17;-4.98;39.03
42489;15;-6.91;39.03
42490;6;-6.53;39.03
42491;19;-5.46;39.03
42492;11;-4.76;39.09
42493;7;-0.97;39.06
42494;6;-6.94;39.03
42495;9;-6.86;39.02
42496;15;-6.83;39.03
42497;18;-5.33;39.02
42498;16;-5.31;39.02
42500;3;-1.20;39.06
42501;4;-1.12;39.04
42503;11;-6.88;39.02
42504;11;-6.85;39.02
42510;2;-5.75;39.02
42511;12;-5.64;39.02
42512;20;-5.50;39.02
42513;16;-5.43;39.02
42514;16;-5.40;39.02
42515;12;-5.19;39.02
42516;14;-5.17;39.02
42517;4;-5.13;39.02
42518;14;-5.11;39.02
42519;14;-5.08;39.02
42520;10;-5.01;39.02
42521;14;-4.98;39.02
42522;9;-4.64;39.02
42523;7;-4.50;39.02
42527;4;-1.05;39.05
42529;4;-0.45;39.02
42530;8;-0.40;39.02
42532;7;-6.66;39.02
42534;16;-5.34;39.02
42535;11;-6.60;39.02
42536;16;-5.52;39.02
42537;8;-5.05;39.02
42538;15;-6.58;39.02
42539;8;-6.57;39.01
42540;10;-6.55;39.01
42541;4;-5.65;39.01
42542;12;-5.15;39.02
42543;8;-3.02;39.02
42544;2;-6.96;39.01
42545;6;-6.95;39.01
42547;10;-6.92;39.01
42548;4;-6.86;39.01
42549;6;-6.85;39.01
42550;11;-6.68;39.01
42551;4;-6.64;39.01
42553;2;-5.68;39.01
42554;14;-5.59;39.02
42556;16;-5.48;39.01
42557;18;-5.31;39.01
42558;23;-5.28;39.01
42559;19;-5.26;39.01
42560;18;-5.21;39.01
42561;14;-5.13;39.01
42562;9;-4.72;39.01
42563;9;-4.66;39.01
42564;7;-4.64;39.01
42565;12;-4.50;39.01
42570;3;-1.08;39.01
42571;7;-1.04;39.01
42572;4;-0.32;39.01
42574;6;-5.80;39.02
42575;4;-0.26;39.03
42576;16;-4.59;39.01
42577;19;-4.55;39.01
42580;2;-6.38;39.02
42583;16;-4.99;39.00
42584;11;-4.52;39.01
42587;7;-1.14;39.00
42588;3;-1.04;39.00
42589;7;-0.29;39.00
42592;4;-6.78;39.00
42593;4;-6.63;39.00
42595;2;-5.78;39.00
42596;2;-5.74;39.00
42598;2;-5.71;39.00
42599;6;-5.70;39.00
42600;6;-5.68;39.00
42601;4;-5.54;39.00
42602;18;-5.51;39.00
42603;20;-5.33;39.00
42604;22;-5.32;39.00
42605;12;-4.74;39.00
42606;7;-4.51;39.00
42607;7;-4.30;39.00
42614;7;-4.69;39.03
42615;8;-4.42;39.01
42617;4;-5.45;39.00
42618;7;-1.11;39.00
42621;8;-5.65;39.00
42622;18;-5.57;39.00
42624;25;-5.27;39.00
42625;4;-0.63;39.18
42628;6;-6.00;38.99
42629;2;-5.96;38.99
42630;6;-5.94;38.99
42633;18;-5.64;38.99
42635;22;-5.23;38.99
42636;12;-5.16;38.99
42639;16;-4.56;38.99
42644;4;-3.92;38.99
42650;3;-1.13;39.00
42651;3;-1.10;38.99
42652;2;-6.74;39.03
42653;10;-5.18;39.00
42654;22;-5.35;38.99
42659;11;-4.72;38.99
42660;11;-4.68;38.99
42661;7;-4.53;38.99
42662;8;-6.94;38.98
42663;4;-6.72;38.98
42664;4;-6.52;38.98
42665;4;-6.00;38.98
42668;18;-5.52;38.98
42669;20;-5.50;38.98
42670;18;-5.43;38.98
42672;11;-5.27;38.98
42673;4;-5.20;38.98
42676;19;-4.92;38.98
42679;12;-4.79;38.98
42680;12;-4.75;38.98
42682;3;-4.16;38.98
42689;8;-6.68;38.99
42690;4;-6.87;38.98
42692;8;-6.61;38.99
42693;2;-5.95;38.98
42694;8;-5.87;38.98
42697;20;-5.23;38.98
42698;12;-5.06;39.00
42701;7;-0.23;38.98
42702;8;-6.95;38.97
42703;4;-6.76;38.97
42707;18;-5.64;38.97
42708;18;-5.61;38.97
42709;16;-5.36;38.97
42710;23;-5.24;38.97
42711;14;-5.17;38.97
42712;12;-5.10;38.97
42713;15;-5.06;38.97
42717;8;-4.37;38.97
42719;16;-3.01;38.97
42724;9;-4.64;38.99
42725;4;-0.43;38.99
42726;6;-6.72;38.98
42728;18;-5.49;38.97
42729;8;-5.18;38.97
42730;13;-4.69;38.97
42732;3;-1.12;38.97
42734;4;-6.78;38.96
42735;8;-6.64;38.96
42736;8;-6.58;38.96
42739;2;-5.92;38.97
42742;22;-5.33;38.96
42743;23;-5.31;38.96
42744;11;-5.27;38.96
42745;20;-5.24;38.96
42747;17;-5.08;38.96
42748;11;-5.07;38.96
42749;11;-4.86;38.96
42751;12;-4.81;38.96
42752;11;-4.73;38.96
42753;11;-4.66;38.96
42754;13;-4.64;38.96
42757;4;-3.81;38.96
42759;4;-2.37;38.96
42765;16;-5.21;39.00
42766;8;-0.36;39.00
42767;25;-5.30;38.97
42768;3;-4.27;38.98
42770;12;-5.16;38.96
42771;19;-4.91;38.99
42772;14;-4.46;38.97
42773;4;-1.22;38.99
42780;12;-4.76;38.96
42781;4;-3.89;38.97
42783;8;-3.01;38.96
42786;2;-6.71;38.95
42787;8;-6.65;38.95
42790;2;-5.99;38.95
42792;8;-5.49;38.95
42793;22;-5.41;38.95
42794;23;-5.27;38.96
42795;8;-5.24;38.95
42796;20;-5.23;38.95
42797;7;-5.08;38.95
42799;16;-4.83;38.95
42800;12;-4.82;38.95
42801;13;-4.73;38.95
42802;11;-4.72;38.95
42803;13;-4.63;38.95
42811;7;-1.06;38.95
42814;13;-3.63;38.99
42815;4;-3.51;38.99
42816;3;-2.82;38.99
42817;16;-3.06;38.99
42818;8;-3.56;38.96
42819;11;-0.32;38.98
42820;12;-5.64;38.95
42822;7;-4.66;38.95
42824;8;-3.73;39.04
42828;4;-6.91;38.95
42830;2;-6.76;38.95
42834;2;-5.96;38.95
42836;20;-5.51;38.95
42837;20;-5.46;38.95
42838;8;-5.45;38.95
42839;8;-5.35;38.95
42840;22;-5.29;38.95
42841;20;-5.26;38.95
42842;20;-5.24;38.95
42844;11;-4.88;38.95
42845;11;-4.85;38.95
42846;7;-4.72;38.95
42848;13;-3.67;38.95
42852;8;-0.38;38.95
42853;11;-0.24;38.95
42854;8;-1.98;39.03
42855;12;-4.56;38.96
42856;11;-4.44;38.97
42857;4;-2.01;38.98
42858;3;-4.16;38.97
42859;14;-5.12;38.97
42860;18;-5.38;38.98
42861;20;-5.32;38.96
42863;8;-1.79;39.03
42864;12;-4.83;38.94
42866;3;-1.12;38.94
42867;4;-0.40;38.96
42868;4;-0.21;38.94
42871;2;-6.75;38.94
42875;18;-5.51;38.94
42876;20;-5.34;38.94
42877;8;-5.05;38.94
42878;15;-5.04;38.94
42881;12;-4.73;38.94
42882;9;-4.67;38.94
42883;14;-4.44;38.94
42884;8;-4.40;38.94
42885;4;-3.75;38.94
42887;13;-3.56;38.94
42888;9;-3.55;38.94
42889;5;-3.54;38.94
42890;4;-3.22;38.94
42891;13;-2.91;38.94
42892;8;-2.03;38.94
42893;8;-1.87;38.94
42900;3;-1.04;38.96
42901;10;-6.83;38.97
42902;6;-6.73;38.94
42903;8;-6.68;38.94
42904;4;-6.55;38.97
42905;17;-5.09;38.94
42906;15;-5.07;38.94
42907;15;-4.94;38.95
42908;16;-4.79;38.97
42910;7;-1.12;38.96
42911;4;-0.49;38.94
42912;8;-0.44;38.94
42913;8;-7.02;38.93
42915;6;-6.89;38.96
42916;6;-6.77;39.02
42918;20;-5.50;38.93
42919;16;-5.20;38.93
42920;15;-5.10;38.93
42922;8;-3.27;38.93
42923;13;-2.96;38.93
42926;8;-0.35;38.93
42927;11;-0.26;38.93
42928;10;-7.03;38.93
42932;2;-6.73;38.93
42933;4;-6.48;38.93
42934;2;-5.93;38.93
42935;12;-5.62;38.93
42936;18;-5.58;38.93
42938;22;-5.38;38.93
42939;16;-5.37;38.93
42940;22;-5.36;38.93
42941;20;-5.24;38.93
42944;15;-4.99;38.93
42945;16;-4.83;38.93
42946;12;-4.82;38.93
42947;13;-4.44;38.93
42948;8;-4.43;38.93
42949;10;-4.41;38.93
42950;8;-4.37;38.93
42952;13;-2.66;38.93
42953;4;-2.38;38.93
42955;7;-1.51;38.93
42957;4;-1.23;38.94
42958;7;-1.20;38.93
42959;7;-1.05;38.93
42960;4;-0.41;38.93
42961;8;-0.37;38.93
42962;4;-0.22;38.93
42963;7;-0.28;38.96
42964;10;-6.97;38.96
42965;12;-5.13;38.93
42968;14;-5.63;38.93
42970;11;-0.32;38.93
42971;4;-6.63;38.93
42972;7;-4.73;38.92
42973;5;-4.12;38.92
42976;2;-7.04;38.92
42979;6;-6.81;38.92
42980;2;-6.79;38.92
42981;2;-6.72;38.92
42982;8;-6.59;38.93
42983;4;-6.53;38.92
42987;12;-5.59;38.92
42988;18;-5.56;38.92
42990;18;-5.52;38.92
42991;20;-5.46;38.92
42992;12;-5.24;38.92
42994;13;-5.02;38.92
42995;9;-4.91;38.92
42996;7;-4.82;38.92
42997;7;-4.80;38.92
42998;11;-4.79;38.92
42999;7;-4.77;38.92
43000;3;-4.75;38.92
43001;6;-4.41;38.92
43003;8;-3.61;38.93
43004;9;-3.56;38.92
43006;13;-2.91;38.92
43007;13;-2.89;38.92
43009;4;-2.37;38.92
43017;11;-0.23;38.92
43018;5;1.22;38.92
43019;4;-0.47;38.93
43020;6;-5.94;38.95
43021;5;-2.98;38.92
43022;10;-2.05;38.92
43024;7;-1.54;38.92
43025;2;-6.67;38.92
43026;6;-5.94;38.91
43027;10;-5.91;38.92
43028;16;-5.25;38.91
43029;10;-5.14;38.91
43031;9;-4.86;38.91
43032;8;-4.72;38.91
43033;3;-4.61;38.91
43034;10;-4.42;38.91
43043;6;-6.51;38.91
43044;6;-6.48;38.91
43045;11;-6.35;38.91
43046;2;-5.97;38.91
43048;12;-5.13;38.91
43049;14;-5.12;38.91
43051;13;-4.98;38.91
43052;10;-4.77;38.91
43053;6;-4.75;38.91
43054;7;-4.74;38.91
43055;3;-4.73;38.91
43056;8;-4.41;38.91
43064;8;-3.60;38.91
43065;8;-3.26;38.91
43068;4;-2.14;38.91
43072;8;-0.41;38.91
43074;11;-0.24;38.91
43075;4;-0.21;38.91
43076;2;-6.00;39.05
43077;4;-5.44;38.92
43079;6;-6.64;38.91
43080;8;-5.17;38.92
43081;11;-5.05;38.93
43083;4;-3.21;38.91
43084;4;-2.40;38.91
43085;3;-1.01;38.91
43086;2;-7.05;38.90
43087;2;-6.10;38.90
43093;5;-6.94;38.90
43100;4;-5.40;38.90
43101;12;-5.25;38.90
43102;10;-5.13;38.90
43103;15;-5.12;38.90
43104;15;-5.10;38.90
43105;13;-5.08;38.90
43106;13;-5.04;38.90
43107;13;-5.01;38.90
43108;13;-4.99;38.90
43109;11;-4.98;38.90
43110;9;-4.89;38.90
43111;6;-4.77;38.90
43116;4;-3.59;38.90
43126;4;-0.68;38.90
43127;4;-0.33;38.90
43128;3;-0.31;38.90
43129;11;-0.28;38.90
43130;8;-0.26;38.90
43131;4;-0.07;38.90
43134;10;-6.54;38.90
43137;8;-0.38;38.90
43138;4;-5.30;38.92
43139;9;-4.95;38.89
43140;7;-4.73;38.89
43141;4;-4.58;38.90
43143;8;-2.12;38.96
43144;6;-1.86;38.89
43146;7;-0.93;38.89
43149;6;-6.70;38.89
43152;10;-6.52;38.89
43158;12;-5.26;38.89
43159;4;-5.17;38.89
43161;4;-4.61;38.89
43164;5;-4.12;38.89
43166;4;-3.62;38.89
43167;4;-3.58;38.89
43169;13;-2.69;38.89
43173;11;-0.23;38.89
43174;4;-0.06;38.89
43175;13;-2.73;38.91
43176;11;-4.83;38.90
43177;3;-1.17;38.90
43178;4;-0.50;38.90
43179;4;-6.34;38.89
43180;16;-5.28;38.90
43181;8;-3.23;38.90
43182;7;-1.63;38.89
43183;4;-0.25;38.89
43185;4;-6.06;38.89
43186;4;-5.71;38.89
43187;15;-5.08;38.89
43188;11;-4.99;38.91
43189;13;-4.97;38.89
43190;14;-4.81;38.90
43195;4;-6.06;38.88
43199;12;-5.27;38.88
43200;13;-5.01;38.88
43201;14;-4.98;38.88
43202;7;-4.95;38.88
43203;9;-4.94;38.88
43204;8;-4.64;38.88
43209;13;-2.90;38.88
43213;13;-2.70;38.88
43214;4;-2.24;38.88
43218;3;-1.00;38.88
43219;4;-0.47;38.88
43220;7;-0.13;38.88
43221;4;-0.09;38.88
43222;8;-0.45;38.89
43223;9;-3.39;38.92
43224;4;-0.76;38.90
43225;12;-5.14;38.88
43226;17;-5.10;38.89
43227;9;-3.47;38.88
43228;3;-1.65;38.88
43231;11;-5.06;38.88
43232;3;-4.73;38.88
43233;8;-4.70;38.89
43234;6;-4.43;38.89
43235;4;-3.20;38.88
43237;4;-0.04;38.88
43238;5;-7.00;38.87
43240;8;-6.66;38.87
43243;4;-6.01;38.87
43244;22;-5.40;38.87
43245;22;-5.36;38.87
43246;22;-5.31;38.87
43247;12;-5.29;38.87
43248;13;-5.08;38.87
43249;13;-5.05;38.87
43250;14;-5.00;38.87
43251;14;-4.97;38.87
43252;12;-4.95;38.87
43253;6;-4.82;38.87
43254;8;-4.67;38.87
43266;3;-0.99;38.87
43269;4;-0.24;38.87
43270;4;-0.02;38.87
43271;5;1.23;38.87
43272;6;-6.56;38.88
43273;7;-0.80;38.90
43274;9;-2.78;38.88
43275;7;-5.91;38.87
43277;13;-2.67;38.88
43278;7;-0.31;38.89
43281;14;-5.18;38.87
43282;3;-4.83;38.87
43285;4;-0.11;38.87
43286;5;1.20;38.87
43287;5;1.29;38.87
43288;5;-7.02;38.86
43291;6;-6.70;38.86
43292;10;-6.65;38.89
43295;8;-5.86;38.86
43296;20;-5.40;38.86
43297;22;-5.33;38.86
43298;13;-5.10;38.86
43299;11;-5.08;38.86
43300;4;-5.07;38.86
43301;11;-5.06;38.86
43302;10;-5.03;38.88
43303;8;-4.95;38.86
43304;6;-4.94;38.86
43305;3;-4.68;38.86
43306;7;-4.63;38.86
43307;7;-4.45;38.86
43308;6;-4.38;38.86
43317;4;-0.37;38.86
43319;4;0.03;38.86
43320;5;1.24;38.86
43321;5;1.27;38.86
43322;13;-3.98;38.96
43323;9;-4.09;38.89
43324;2;-1.91;38.89
43325;16;-5.52;38.95
43326;13;-2.97;38.88
43330;4;-3.59;38.87
43331;6;-2.01;38.89
43333;8;-6.13;38.86
43335;22;-5.39;38.86
43336;22;-5.37;38.86
43337;16;-4.98;38.86
43338;10;-4.78;38.88
43339;8;-4.70;38.86
43342;8;-3.86;38.90
43343;13;-3.41;38.89
43344;4;-3.15;38.89
43346;13;-2.72;38.86
43349;7;-0.14;38.86
43350;5;1.32;38.86
43351;5;1.36;38.86
43352;10;-6.70;38.85
43354;8;-6.66;38.85
43357;4;-6.07;38.85
43359;18;-5.40;38.85
43360;14;-5.12;38.85
43361;11;-5.07;38.85
43362;13;-5.06;38.85
43363;11;-5.05;38.85
43364;12;-5.00;38.85
43365;12;-4.93;38.85
43366;7;-4.88;38.85
43367;3;-4.87;38.85
43368;11;-4.57;38.85
43372;5;-3.56;38.85
43373;9;-3.36;38.85
43374;8;-3.31;38.89
43375;8;-3.26;38.85
43376;4;-3.20;38.85
43379;5;-2.78;38.85
43381;4;-2.26;38.87
43385;2;-1.89;38.85
43388;4;-0.44;38.86
43389;7;-0.31;38.85
43390;4;0.02;38.85
43391;5;-4.21;38.89
43392;6;-6.73;38.89
43393;9;-4.47;38.89
43394;4;-0.33;38.86
43395;3;-1.56;38.88
43396;3;-0.29;38.87
43397;4;-6.82;38.86
43398;13;-5.01;38.85
43399;7;-4.92;38.86
43400;12;-4.69;38.86
43401;8;-4.24;38.85
43406;8;-5.03;38.85
43407;8;-4.65;38.85
43408;12;-4.66;38.90
43409;12;-4.13;38.85
43410;6;-1.86;38.85
43411;7;-1.63;38.85
43413;5;-7.02;38.84
43415;4;-6.31;38.84
43417;18;-5.38;38.84
43418;20;-5.37;38.90
43419;15;-5.14;38.84
43420;13;-5.12;38.84
43421;16;-5.00;38.84
43422;6;-4.95;38.84
43423;3;-4.88;38.84
43424;11;-4.48;38.84
43425;6;-4.44;38.84
43426;6;-4.42;38.84
43427;6;-4.38;38.84
43428;8;-4.16;38.84
43429;9;-3.56;38.84
43430;8;-3.42;38.84
43431;4;-3.37;38.84
43433;5;-3.18;38.84
43434;9;-3.16;38.84
43435;5;-3.15;38.84
43437;9;-3.11;38.84
43438;5;-2.99;38.84
43441;2;-1.90;38.84
43448;7;-4.86;38.88
43449;7;-0.99;38.87
43450;4;-5.11;38.86
43451;8;-4.37;38.85
43452;9;-6.95;38.85
43453;2;-7.05;38.85
43455;7;-5.97;38.84
43456;10;-4.95;38.85
43457;6;-6.70;38.84
43458;10;-6.68;38.84
43459;2;-6.50;38.86
43460;4;-6.05;38.85
43461;4;-5.85;38.85
43462;18;-5.32;38.84
43463;10;-5.04;38.84
43464;11;-4.61;38.84
43466;7;-4.27;38.84
43467;2;-2.79;38.84
43469;9;-2.75;38.84
43473;9;-7.00;38.89
43474;6;-6.65;38.84
43475;2;-6.58;38.84
43478;8;-6.02;38.84
43479;7;-5.86;38.84
43480;14;-5.40;38.84
43481;16;-5.35;38.84
43482;4;-5.26;38.84
43483;8;-5.24;38.84
43484;14;-5.18;38.84
43485;15;-5.16;38.84
43486;11;-5.14;38.84
43487;13;-5.13;38.84
43488;17;-5.12;38.84
43489;12;-5.08;38.84
43490;8;-5.06;38.84
43491;14;-5.02;38.84
43492;17;-5.01;38.84
43493;14;-4.99;38.84
43494;10;-4.98;38.84
43495;16;-4.97;38.84
43496;6;-4.94;38.84
43497;9;-4.89;38.85
43498;11;-4.55;38.84
43499;7;-4.53;38.84
43500;11;-4.47;38.84
43501;9;-4.24;38.84
43502;6;-4.19;38.84
43503;3;-4.10;38.84
43506;4;-3.42;38.84
43507;5;-3.23;38.84
43514;3;-1.62;38.84
43519;7;-0.94;38.84
43520;7;-0.90;38.84
43521;3;-0.87;38.89
43524;4;-0.59;38.84
43525;4;-0.30;38.84
43528;5;1.36;38.84
43529;5;1.39;38.84
43530;12;-5.48;38.86
43531;4;-1.05;38.87
43532;4;-5.99;38.84
43533;4;-5.78;38.86
43534;11;-3.94;38.84
43535;5;-2.28;38.84
43536;11;-0.37;38.84
43537;14;-5.38;38.83
43538;10;-4.95;38.83
43539;4;-3.35;38.83
43541;4;-0.80;38.83
43542;11;-0.40;38.83
43543;2;-6.77;38.87
43544;6;-6.62;38.83
43545;2;-6.56;38.83
43548;4;-6.09;38.83
43549;8;-6.03;38.83
43550;8;-6.01;38.83
43551;3;-5.96;38.83
43553;4;-5.81;38.83
43555;12;-5.36;38.83
43556;18;-5.35;38.83
43557;4;-4.99;38.83
43558;24;-4.97;38.83
43559;18;-4.94;38.83
43560;7;-4.91;38.83
43561;7;-4.82;38.83
43562;7;-4.75;38.83
43563;7;-4.73;38.83
43564;3;-4.71;38.83
43565;9;-4.28;38.83
43566;3;-4.27;38.83
43567;7;-4.25;38.83
43568;3;-4.23;38.83
43569;12;-3.55;38.83
43571;4;-3.40;38.83
43574;5;-2.89;38.83
43575;2;-2.78;38.83
43581;11;-0.85;38.83
43583;4;-0.62;38.83
43584;11;-0.29;38.83
43585;4;-0.03;38.84
43586;5;1.37;38.83
43587;5;-3.51;38.89
43588;11;-0.22;38.85
43589;7;-3.89;38.83
43590;7;-3.63;38.84
43591;4;-3.46;38.83
43592;7;-0.42;38.84
43594;3;-4.65;38.83
43595;10;-4.37;38.83
43596;6;-4.33;38.83
43598;9;-3.13;38.83
43600;7;-0.26;38.85
43602;12;-5.20;38.85
43603;23;-5.06;38.82
43604;2;-2.82;38.82
43605;11;-0.88;38.82
43606;4;-7.14;38.82
43608;4;-6.82;38.82
43609;4;-6.64;38.82
43610;7;-6.23;38.82
43611;4;-6.24;38.90
43612;7;-5.78;38.82
43613;11;-5.13;38.82
43615;4;-5.00;38.82
43616;22;-4.98;38.82
43617;18;-4.95;38.82
43618;7;-4.85;38.82
43619;7;-4.79;38.82
43620;3;-4.67;38.82
43621;4;-4.36;38.82
43622;6;-4.35;38.82
43623;7;-4.27;38.82
43624;6;-4.20;38.82
43625;3;-4.11;38.82
43626;3;-3.93;38.82
43627;12;-3.48;38.82
43628;4;-3.37;38.82
43630;5;-3.32;38.82
43631;5;-3.16;38.82
43632;2;-2.85;38.82
43633;5;-2.29;38.82
43636;7;-0.37;38.82
43638;11;-0.28;38.82
43641;11;-0.19;38.82
43642;4;0.00;38.82
43643;7;-6.39;38.86
43644;4;-0.46;38.82
43645;19;-5.01;38.82
43646;4;-4.30;38.82
43648;7;-0.92;38.82
43650;7;-4.56;38.88
43651;7;-4.22;38.82
43652;3;-4.16;38.81
43654;4;-1.33;38.81
43656;4;-7.15;38.81
43658;4;-6.40;38.81
43661;15;-6.24;38.81
43662;15;-6.19;38.81
43663;7;-6.18;38.81
43664;15;-6.16;38.81
43665;12;-6.14;38.81
43666;4;-6.02;38.81
43667;11;-5.85;38.81
43668;8;-5.82;38.81
43670;13;-5.10;38.81
43671;19;-4.99;38.81
43672;3;-4.72;38.81
43673;7;-4.54;38.81
43675;9;-3.26;38.81
43679;5;-2.89;38.81
43680;4;-2.40;38.81
43681;5;-2.27;38.81
43684;7;-0.89;38.81
43685;11;-0.40;38.81
43686;7;-0.38;38.81
43688;11;-0.25;38.81
43689;4;-0.02;38.81
43691;4;0.01;38.81
43692;8;-3.52;38.83
43693;4;-6.69;38.82
43694;7;-4.49;38.82
43695;4;-5.36;38.81
43696;8;-4.44;38.81
43699;11;-0.83;38.81
43702;11;-5.77;38.81
43703;11;-4.63;38.80
43704;4;-4.33;38.81
43705;9;-4.25;38.81
43707;9;-3.48;38.80
43708;4;-3.35;38.80
43709;9;-3.21;38.83
43710;2;-2.80;38.81
43711;4;-0.94;38.81
43713;11;-0.87;38.81
43714;7;-0.81;38.80
43715;4;-6.73;38.80
43716;4;-6.63;38.80
43717;7;-6.16;38.80
43718;6;-6.01;38.80
43719;3;-5.75;38.80
43720;12;-5.27;38.80
43722;13;-5.11;38.80
43723;21;-5.10;38.80
43724;22;-4.98;38.80
43725;7;-4.89;38.80
43726;7;-4.58;38.80
43727;7;-4.50;38.80
43728;10;-4.49;38.80
43730;7;-4.25;38.80
43732;4;-4.17;38.80
43736;7;-3.68;38.80
43737;5;-3.49;38.80
43738;4;-3.39;38.80
43740;8;-3.09;38.80
43741;2;-2.77;38.80
43742;5;-2.66;38.80
43744;4;-2.37;38.80
43745;7;-2.35;38.80
43746;4;-1.37;38.80
43747;8;-0.93;38.80
43748;7;-0.91;38.80
43749;11;-0.89;38.80
43750;4;-0.80;38.80
43751;4;-0.68;38.80
43753;4;-0.59;38.81
43754;7;-0.40;38.80
43756;4;-0.24;38.80
43757;7;0.00;38.80
43758;8;-5.26;38.86
43759;4;-4.35;38.90
43760;7;-0.16;38.85
43762;7;-5.81;38.80
43763;4;-5.05;38.81
43764;8;-4.36;38.80
43765;4;-4.19;38.81
43766;3;-0.22;38.80
43768;4;-6.71;38.79
43770;2;-6.09;38.80
43772;4;-4.30;38.79
43773;11;-0.92;38.79
43774;8;-0.33;38.82
43777;7;-6.18;38.79
43778;7;-6.15;38.79
43780;2;-6.07;38.79
43781;6;-6.04;38.79
43782;11;-5.84;38.79
43785;19;-5.11;38.79
43786;11;-5.01;38.79
43787;11;-4.99;38.79
43788;21;-4.98;38.79
43792;3;-4.66;38.79
43793;7;-4.55;38.79
43794;14;-4.49;38.79
43795;4;-4.48;38.79
43797;6;-4.19;38.79
43798;4;-4.18;38.79
43800;11;-3.61;38.79
43801;9;-3.46;38.79
43802;4;-3.40;38.79
43803;5;-3.34;38.79
43806;8;-3.10;38.79
43808;4;-2.41;38.79
43810;8;-0.94;38.79
43811;4;-0.93;38.79
43812;11;-0.85;38.79
43813;4;-0.76;38.79
43814;4;-0.72;38.79
43816;4;-0.55;38.79
43818;4;0.10;38.79
43819;19;-5.14;38.81
43820;9;-3.31;38.82
43821;24;-4.97;38.80
43823;15;-6.21;38.79
43824;3;-5.91;38.84
43825;11;-5.86;38.78
43826;21;-5.02;38.79
43827;7;-4.73;38.79
43828;11;-4.70;38.79
43832;11;-0.88;38.79
43833;8;-0.26;38.79
43834;6;-7.16;38.78
43836;7;-6.29;38.78
43837;9;-6.19;38.78
43839;15;-6.12;38.78
43840;7;-6.03;38.78
43841;6;-6.01;38.78
43842;8;-5.99;38.78
43843;7;-5.90;38.78
43845;19;-5.13;38.78
43846;11;-5.12;38.78
43847;11;-5.04;38.78
43848;11;-4.98;38.78
43849;7;-4.89;38.78
43850;3;-4.67;38.78
43851;4;-4.45;38.78
43853;4;-4.19;38.78
43854;3;-4.00;38.78
43856;4;-3.71;38.78
43857;5;-3.51;38.78
43858;5;-3.46;38.78
43859;4;-3.39;38.78
43860;9;-3.33;38.78
43862;5;-3.20;38.78
43864;4;-2.40;38.78
43865;7;-2.39;38.78
43867;7;-2.37;38.78
43869;7;-0.92;38.78
43870;7;-0.85;38.78
43871;11;-0.81;38.78
43872;4;-0.80;38.78
43873;4;-0.56;38.78
43874;4;-0.38;38.78
43875;4;0.07;38.78
43878;15;-6.30;38.80
43880;4;-1.32;38.79
43882;4;-6.65;38.78
43883;4;-5.83;38.78
43884;11;-5.78;38.78
43885;8;-5.16;38.77
43887;7;-4.59;38.78
43888;4;-4.40;38.78
43889;4;-3.35;38.78
43892;8;-0.93;38.78
43893;8;-0.74;38.78
43895;7;-0.21;38.79
43896;8;-6.37;38.77
43897;15;-6.26;38.77
43898;15;-6.24;38.77
43899;7;-6.19;38.77
43900;9;-6.15;38.77
43901;15;-6.14;38.77
43902;9;-6.13;38.77
43903;8;-6.00;38.77
43904;8;-5.97;38.77
43905;8;-5.85;38.77
43906;11;-5.00;38.77
43907;11;-4.97;38.77
43908;7;-4.95;38.77
43909;7;-4.86;38.77
43910;11;-4.67;38.77
43912;4;-4.37;38.77
43913;3;-3.99;38.77
43914;4;-3.70;38.77
43915;5;-3.48;38.77
43916;4;-3.42;38.77
43917;9;-3.32;38.77
43918;9;-3.20;38.77
43921;5;-2.70;38.77
43925;11;-0.86;38.77
43926;2;-0.53;38.77
43928;3;-2.02;38.81
43929;3;-3.86;38.79
43930;9;-2.71;38.80
43931;10;-4.36;38.78
43932;6;-4.21;38.78
43933;7;-4.04;38.80
43934;4;-5.95;38.79
43935;19;-5.04;38.77
43936;7;-4.66;38.81
43937;14;-4.50;38.77
43941;6;-7.19;38.77
43942;4;-6.72;38.77
43943;3;-6.03;38.77
43944;4;-5.08;38.77
43945;7;-4.48;38.77
43946;11;-3.66;38.77
43947;4;-3.37;38.77
43948;8;-3.05;38.80
43949;5;-2.90;38.86
43950;2;-2.82;38.77
43951;3;-2.35;38.78
43952;4;-1.69;38.95
43953;6;-0.60;38.78
43954;19;-6.33;38.76
43955;15;-6.31;38.76
43956;15;-6.22;38.76
43957;15;-6.19;38.76
43958;9;-6.14;38.76
43960;3;-6.12;38.76
43961;7;-6.02;38.76
43964;11;-5.16;38.76
43966;4;-4.95;38.76
43967;7;-4.94;38.76
43968;10;-4.79;38.76
43969;14;-4.76;38.76
43970;11;-4.69;38.76
43972;14;-4.37;38.76
43973;4;-4.34;38.76
43977;5;-3.51;38.76
43978;4;-3.45;38.76
43979;4;-3.41;38.76
43980;9;-3.25;38.77
43982;5;-2.89;38.77
43985;8;-2.10;38.76
43986;4;-1.18;38.76
43988;11;-0.81;38.76
43990;4;-0.05;38.76
43991;11;-4.52;38.81
43993;15;-4.85;38.80
43994;7;-4.53;38.77
43995;4;-4.24;38.77
43996;3;-0.47;38.77
43997;19;-4.73;38.76
44000;21;-5.02;38.76
44001;10;-4.83;38.76
44002;11;-4.59;38.78
44003;11;-4.45;38.78
44004;8;-4.35;38.76
44009;3;-0.51;38.76
44010;5;-7.20;38.75
44011;4;-6.70;38.75
44013;9;-6.19;38.75
44014;8;-5.07;38.75
44015;21;-5.05;38.75
44016;4;-5.04;38.75
44017;12;-4.94;38.75
44018;7;-4.92;38.75
44019;7;-4.85;38.75
44020;22;-4.79;38.75
44021;14;-4.78;38.75
44022;22;-4.76;38.76
44023;11;-4.74;38.75
44024;11;-4.71;38.75
44025;15;-4.69;38.76
44026;11;-4.67;38.75
44027;15;-4.66;38.75
44028;4;-4.48;38.75
44029;8;-4.40;38.76
44030;6;-4.31;38.77
44031;4;-4.27;38.75
44035;13;-3.65;38.75
44036;9;-3.56;38.75
44038;5;-3.45;38.75
44039;9;-3.42;38.75
44040;9;-3.37;38.75
44041;13;-3.34;38.75
44042;13;-3.32;38.75
44047;4;-1.76;38.76
44048;4;-1.74;38.75
44050;4;-1.35;38.77
44053;7;-0.81;38.75
44055;4;-0.69;38.75
44056;4;-0.59;38.75
44058;3;0.01;38.77
44059;5;-6.06;38.77
44060;4;-0.67;38.85
44061;18;-4.79;38.78
44062;3;-6.09;38.75
44063;16;-5.23;38.78
44064;16;-5.10;38.77
44065;4;-1.33;38.85
44066;4;-6.88;38.84
44067;19;-6.32;38.75
44068;19;-4.99;38.76
44069;21;-4.97;38.75
44072;3;-1.03;38.77
44073;11;-0.85;38.75
44074;6;-0.59;38.75
44075;2;-0.56;38.75
44076;5;-7.21;38.74
44077;4;-7.17;38.74
44079;4;-6.92;38.74
44080;15;-6.27;38.74
44081;15;-6.16;38.76
44083;7;-6.02;38.74
44084;4;-5.88;38.74
44088;19;-5.17;38.75
44089;11;-5.17;38.74
44090;4;-5.07;38.74
44091;19;-5.04;38.74
44092;21;-5.00;38.74
44093;14;-4.94;38.74
44094;12;-4.93;38.74
44095;15;-4.92;38.74
44096;7;-4.91;38.74
44097;14;-4.89;38.74
44098;24;-4.88;38.74
44099;16;-4.82;38.74
44100;14;-4.79;38.74
44101;11;-4.68;38.74
44102;16;-4.58;38.74
44103;13;-4.54;38.74
44104;4;-4.53;38.74
44105;9;-4.51;38.74
44106;13;-4.49;38.74
44107;8;-4.48;38.74
44108;20;-4.47;38.74
44110;8;-3.87;38.74
44114;9;-3.60;38.75
44115;5;-3.58;38.75
44116;5;-3.42;38.74
44117;13;-3.33;38.74
44118;5;-3.27;38.74
44119;9;-3.22;38.74
44120;9;-3.17;38.79
44123;4;-1.18;38.74
44124;11;-0.90;38.75
44127;8;-0.71;38.76
44128;4;-0.62;38.74
44130;4;-0.30;38.76
44132;4;0.10;38.76
44133;4;-4.36;38.74
44135;13;-3.25;38.75
44136;8;-2.35;38.74
44137;8;-6.84;38.74
44138;4;-5.01;38.74
44139;14;-4.81;38.74
44140;15;-4.64;38.74
44141;17;-4.40;38.74
44144;4;-1.52;38.74
44145;4;-1.15;38.74
44146;5;-0.49;38.75
44147;7;-0.03;38.76
44148;5;-7.24;38.74
44149;4;-7.16;38.74
44152;2;-6.81;38.74
44153;4;-6.52;38.74
44154;4;-6.48;38.74
44156;11;-5.91;38.74
44157;12;-5.77;38.74
44158;20;-5.27;38.74
44159;20;-5.25;38.74
44161;11;-5.08;38.74
44162;17;-5.07;38.74
44163;14;-5.04;38.74
44164;12;-5.02;38.74
44165;17;-5.00;38.74
44166;15;-4.99;38.74
44167;12;-4.98;38.74
44169;19;-4.94;38.74
44170;23;-4.93;38.74
44171;19;-4.92;38.74
44172;26;-4.91;38.74
44173;22;-4.89;38.74
44174;14;-4.88;38.74
44175;3;-4.82;38.74
44176;20;-4.78;38.74
44177;15;-4.73;38.74
44178;15;-4.67;38.74
44179;15;-4.54;38.74
44180;18;-4.51;38.74
44181;16;-4.50;38.74
44182;16;-4.46;38.74
44184;9;-3.62;38.74
44185;5;-3.54;38.74
44186;5;-3.39;38.74
44191;5;-2.20;38.74
44192;3;-1.77;38.74
44196;3;-1.31;38.74
44197;7;-1.26;38.74
44198;4;-1.08;38.74
44201;3;-0.83;38.74
44202;3;-0.76;38.74
44203;4;-0.59;38.74
44205;2;-0.56;38.74
44206;3;-0.49;38.74
44209;4;-6.00;38.75
44211;4;-5.59;38.76
44212;9;-3.65;38.74
44213;9;-6.03;38.74
44215;5;-3.36;38.74
44217;15;-6.28;38.73
44218;12;-6.18;38.74
44219;3;-6.07;38.73
44220;7;-6.05;38.73
44222;17;-5.18;38.73
44223;15;-5.17;38.73
44224;4;-5.06;38.73
44225;12;-4.95;38.73
44227;13;-3.28;38.73
44228;4;-1.20;38.73
44229;7;-0.78;38.73
44232;8;-6.82;38.73
44233;8;-6.51;38.73
44234;6;-6.02;38.73
44235;10;-5.52;38.73
44236;8;-5.37;38.73
44237;23;-5.29;38.73
44238;11;-5.15;38.73
44239;8;-5.13;38.73
44240;11;-5.12;38.73
44241;12;-5.04;38.73
44242;14;-5.02;38.73
44243;4;-5.00;38.73
44244;12;-4.99;38.73
44245;19;-4.89;38.73
44246;22;-4.87;38.73
44247;11;-4.67;38.73
44248;8;-4.47;38.73
44249;7;-4.36;38.73
44250;8;-4.34;38.73
44251;5;-3.40;38.73
44255;8;-2.06;38.73
44261;3;-0.89;38.73
44263;3;-0.86;38.73
44265;2;-0.60;38.73
44266;9;-0.57;38.73
44267;7;-0.56;38.73
44270;7;-5.95;38.74
44271;12;-5.84;38.74
44272;17;-4.63;38.73
44273;18;-4.57;38.73
44274;8;-4.19;38.74
44275;3;-0.80;38.73
44276;22;-5.34;38.73
44277;17;-4.73;38.74
44279;4;-0.68;38.73
44280;5;-7.26;38.72
44281;8;-6.85;38.72
44282;16;-5.46;38.72
44283;21;-4.92;38.72
44284;15;-4.70;38.73
44286;5;-3.37;38.72
44288;4;-1.07;38.72
44289;7;-1.01;38.74
44291;4;-6.66;38.72
44292;4;-6.59;38.72
44293;12;-6.46;38.72
44294;8;-6.31;38.72
44295;4;-6.27;38.72
44296;13;-6.17;38.72
44297;15;-6.05;38.72
44298;14;-5.80;38.72
44299;8;-5.78;38.72
44300;8;-5.56;38.72
44302;10;-5.50;38.72
44303;23;-5.43;38.72
44304;23;-5.36;38.72
44305;8;-5.18;38.72
44306;13;-5.17;38.72
44307;17;-5.08;38.72
44308;15;-5.02;38.72
44309;12;-5.01;38.72
44310;8;-5.00;38.72
44311;14;-4.99;38.72
44312;4;-4.98;38.72
44313;19;-4.91;38.72
44314;19;-4.87;38.72
44315;24;-4.85;38.73
44316;11;-4.72;38.72
44317;17;-4.70;38.72
44318;11;-4.68;38.72
44319;12;-4.59;38.72
44320;22;-4.50;38.72
44321;16;-4.47;38.72
44322;8;-4.41;38.72
44323;12;-4.16;38.72
44326;13;-3.27;38.72
44328;5;-3.18;38.72
44331;3;-1.84;38.72
44332;7;-1.75;38.73
44334;4;-1.23;38.72
44335;4;-1.20;38.72
44341;15;-5.10;38.73
44342;4;-4.09;38.74
44344;12;-5.39;38.75
44345;20;-5.41;38.72
44347;4;-4.30;38.73
44351;8;-5.52;38.71
44352;23;-5.40;38.71
44353;19;-4.94;38.71
44354;11;-4.93;38.71
44355;11;-4.74;38.72
44356;15;-4.65;38.72
44357;13;-3.32;38.72
44359;4;-1.12;38.72
44361;12;-6.83;38.71
44363;2;-6.72;38.71
44364;8;-6.53;38.71
44365;13;-6.15;38.71
44367;4;-6.00;38.71
44368;9;-5.95;38.71
44369;11;-5.93;38.71
44370;4;-5.92;38.71
44371;10;-5.82;38.71
44372;14;-5.81;38.71
44374;21;-5.46;38.71
44375;17;-5.10;38.71
44376;11;-5.08;38.71
44377;11;-4.83;38.71
44378;7;-4.78;38.71
44379;17;-4.75;38.71
44380;11;-4.70;38.71
44381;8;-4.63;38.71
44382;13;-4.60;38.71
44384;4;-4.37;38.71
44386;8;-3.85;38.71
44389;9;-3.45;38.71
44390;5;-3.35;38.71
44391;13;-3.28;38.71
44394;8;-2.06;38.71
44395;3;-1.80;38.71
44396;3;-1.75;38.71
44397;7;-1.26;38.71
44401;8;-5.87;38.72
44402;4;-7.11;38.76
44403;5;-3.43;38.72
44404;14;-4.96;38.71
44406;4;0.10;38.72
44407;8;-6.47;38.71
44409;13;-6.21;38.71
44410;11;-5.37;38.71
44411;15;-4.72;38.71
44413;8;-4.12;38.71
44415;12;-6.86;38.70
44416;10;-5.77;38.72
44417;8;-5.65;38.85
44419;12;-4.99;38.70
44420;19;-4.85;38.70
44421;15;-4.61;38.70
44429;7;-0.73;38.72
44434;8;-6.54;38.70
44435;8;-6.50;38.70
44436;12;-6.44;38.70
44437;8;-6.34;38.70
44438;4;-6.25;38.70
44439;8;-5.92;38.70
44440;10;-5.81;38.70
44441;14;-5.80;38.70
44443;12;-5.49;38.70
44445;21;-5.42;38.70
44446;25;-5.39;38.70
44447;23;-5.26;38.70
44448;17;-5.13;38.71
44449;17;-5.11;38.70
44450;8;-4.97;38.70
44451;21;-4.94;38.70
44452;17;-4.67;38.70
44454;14;-4.62;38.70
44455;16;-4.54;38.71
44456;16;-4.41;38.70
44457;7;-4.04;38.70
44461;13;-3.33;38.70
44462;13;-3.29;38.70
44464;13;-3.27;38.70
44465;5;-3.16;38.70
44469;4;-2.61;38.70
44471;8;-2.07;38.70
44480;4;0.13;38.70
44481;13;-4.80;38.71
44482;19;-5.44;38.70
44483;8;-6.58;38.70
44485;13;-6.18;38.69
44486;4;-5.82;38.69
44488;10;-5.52;38.69
44489;15;-5.07;38.70
44490;8;-4.83;38.70
44491;17;-4.73;38.69
44496;8;-6.98;38.69
44497;4;-6.95;38.69
44499;4;-6.60;38.69
44500;13;-6.14;38.69
44501;4;-5.99;38.69
44502;4;-5.96;38.69
44503;10;-5.92;38.69
44504;8;-5.90;38.69
44505;8;-5.87;38.69
44506;10;-5.84;38.69
44507;10;-5.80;38.69
44508;6;-5.77;38.69
44511;8;-5.47;38.69
44512;17;-5.45;38.69
44513;21;-5.43;38.69
44514;19;-5.42;38.69
44515;23;-5.39;38.69
44516;23;-5.35;38.69
44517;11;-5.29;38.69
44519;25;-5.20;38.69
44520;17;-5.16;38.69
44521;15;-5.13;38.69
44522;11;-5.11;38.69
44523;17;-5.08;38.69
44524;14;-4.98;38.69
44525;12;-4.95;38.69
44526;11;-4.88;38.69
44527;11;-4.70;38.69
44528;8;-4.68;38.69
44529;16;-4.48;38.69
44530;8;-4.44;38.69
44532;7;-4.36;38.69
44534;11;-4.04;38.69
44535;8;-3.86;38.69
44537;5;-3.42;38.69
44539;5;-3.15;38.69
44540;4;-3.09;38.69
44543;5;-2.20;38.69
44546;7;-1.26;38.69
44552;17;-5.03;38.70
44554;12;-4.21;38.70
44556;13;-5.35;38.69
44557;11;-5.26;38.69
44558;17;-5.06;38.68
44559;8;-4.15;38.69
44561;8;-3.83;38.69
44563;5;-3.36;38.69
44564;5;-3.25;38.69
44567;4;-6.33;38.68
44568;13;-6.22;38.68
44569;4;-5.93;38.68
44570;10;-5.89;38.70
44571;8;-5.86;38.68
44573;15;-5.45;38.68
44575;23;-5.23;38.68
44576;25;-5.21;38.68
44577;23;-5.21;38.70
44578;15;-5.16;38.68
44579;11;-5.07;38.68
44580;11;-5.02;38.68
44581;14;-4.95;38.68
44582;11;-4.87;38.68
44583;10;-4.73;38.68
44584;11;-4.62;38.68
44585;16;-4.42;38.68
44587;3;-4.04;38.68
44591;8;-2.08;38.68
44595;3;-1.42;38.68
44598;7;-0.83;38.68
44602;7;-0.24;38.68
44603;12;-3.86;38.71
44604;4;-3.74;38.81
44605;8;-2.94;38.71
44607;7;-0.87;38.71
44608;9;-3.16;38.71
44609;5;-2.82;38.72
44611;3;-1.29;38.70
44612;15;-5.02;38.68
44613;19;-4.89;38.68
44614;10;-4.80;38.68
44615;14;-4.59;38.68
44616;7;-4.27;38.68
44617;13;-3.26;38.68
44618;4;-1.86;38.68
44620;2;-5.77;38.68
44621;17;-5.12;38.68
44622;15;-5.04;38.68
44623;15;-4.25;38.67
44624;8;-4.09;38.68
44625;8;-3.90;38.68
44626;5;-3.63;38.70
44627;13;-3.34;38.68
44628;4;-2.59;38.81
44633;4;-6.64;38.67
44634;8;-6.34;38.67
44635;13;-6.21;38.67
44636;15;-6.15;38.67
44638;4;-5.97;38.67
44642;18;-5.50;38.67
44643;20;-5.39;38.67
44644;8;-5.23;38.67
44645;11;-5.05;38.67
44646;17;-5.02;38.67
44647;12;-5.00;38.67
44648;14;-4.99;38.67
44649;8;-4.95;38.67
44650;8;-4.66;38.67
44651;11;-4.64;38.67
44654;12;-4.22;38.67
44655;12;-4.13;38.67
44656;8;-4.04;38.67
44657;12;-3.91;38.67
44658;16;-3.80;38.67
44659;8;-3.78;38.67
44661;9;-3.44;38.68
44662;5;-3.39;38.68
44663;5;-3.35;38.67
44664;5;-3.32;38.67
44665;5;-2.82;38.67
44667;5;-2.29;38.74
44668;5;-2.21;38.67
44669;4;-1.99;38.67
44671;3;-1.76;38.67
44673;4;-1.58;38.67
44674;4;-1.55;38.67
44676;3;-1.40;38.67
44679;4;-0.31;38.67
44681;4;-2.19;38.88
44682;3;-0.17;38.74
44683;4;-5.58;38.69
44684;18;-4.54;38.68
44685;7;-0.11;38.69
44686;5;-7.27;38.68
44687;19;-4.93;38.68
44688;20;-4.44;38.70
44689;5;-1.67;38.71
44691;8;-6.47;38.67
44692;17;-5.47;38.67
44693;25;-5.29;38.70
44694;17;-5.16;38.67
44695;12;-4.97;38.67
44698;3;-0.79;38.68
44699;13;-6.16;38.67
44700;4;-6.04;38.67
44701;22;-5.20;38.67
44702;21;-4.88;38.69
44703;13;-4.83;38.67
44704;16;-4.39;38.67
44709;12;-7.00;38.66
44710;4;-6.94;38.66
44711;8;-6.33;38.66
44712;8;-6.29;38.66
44713;9;-6.15;38.66
44715;4;-5.96;38.66
44716;4;-5.81;38.66
44718;23;-5.25;38.66
44719;15;-5.02;38.66
44720;17;-5.01;38.66
44721;14;-4.98;38.66
44722;14;-4.95;38.66
44723;19;-4.86;38.66
44724;11;-4.82;38.66
44726;14;-4.71;38.67
44727;17;-4.63;38.67
44728;11;-4.61;38.66
44729;12;-4.60;38.66
44730;18;-4.58;38.66
44731;12;-4.56;38.66
44732;16;-4.52;38.67
44733;20;-4.38;38.66
44735;7;-4.32;38.69
44736;10;-4.25;38.66
44737;11;-4.22;38.66
44738;12;-4.18;38.66
44739;16;-4.12;38.66
44740;12;-4.06;38.66
44741;5;-3.22;38.66
44742;5;-3.14;38.66
44743;4;-3.10;38.66
44744;5;-2.94;38.66
44745;8;-2.71;38.66
44748;4;-1.74;38.66
44749;5;-1.62;38.66
44751;3;-1.43;38.66
44752;4;-1.25;38.66
44757;4;-0.50;38.66
44759;8;-7.05;38.70
44760;6;-6.79;38.68
44761;2;-6.75;38.69
44762;3;-3.99;38.69
44763;15;-5.13;38.67
44764;7;-4.02;38.67
44767;7;-0.91;38.67
44768;9;-6.18;38.66
44769;8;-5.55;38.66
44770;21;-5.44;38.66
44772;8;-6.55;38.66
44773;15;-6.13;38.66
44774;4;-5.86;38.66
44777;14;-5.48;38.66
44778;22;-5.40;38.66
44779;17;-5.06;38.66
44780;12;-4.99;38.66
44781;11;-4.29;38.67
44783;5;-3.70;38.66
44784;9;-2.98;38.66
44785;4;-1.04;38.71
44786;7;-0.83;38.66
44787;4;-7.09;38.65
44788;4;-7.07;38.65
44789;4;-7.04;38.65
44790;6;-7.02;38.65
44791;6;-7.00;38.65
44792;12;-6.89;38.68
44793;4;-6.90;38.65
44794;10;-6.78;38.65
44795;4;-6.60;38.65
44796;15;-6.15;38.65
44797;13;-6.14;38.65
44798;4;-5.90;38.65
44799;7;-5.62;38.65
44800;11;-5.58;38.65
44801;18;-5.43;38.65
44803;22;-5.36;38.65
44804;22;-5.30;38.66
44805;20;-5.23;38.66
44806;17;-5.18;38.65
44807;17;-5.11;38.65
44808;14;-5.05;38.65
44809;12;-5.02;38.65
44810;14;-5.00;38.66
44811;13;-4.96;38.65
44812;14;-4.92;38.65
44813;15;-4.87;38.65
44814;17;-4.86;38.65
44815;12;-4.68;38.65
44816;7;-4.48;38.65
44817;11;-4.45;38.65
44818;3;-4.36;38.65
44820;11;-4.32;38.65
44822;12;-4.12;38.65
44823;5;-3.56;38.65
44825;13;-3.41;38.65
44826;5;-2.98;38.65
44827;5;-2.95;38.65
44829;5;-1.95;38.65
44832;3;-1.08;38.65
44834;4;-0.97;38.65
44836;7;-0.87;38.66
44838;3;-0.78;38.65
44841;4;-0.12;38.65
44842;4;-7.17;38.68
44843;4;-6.29;38.68
44845;14;-5.51;38.67
44846;3;-3.89;38.66
44847;3;-0.23;38.65
44848;18;-5.47;38.65
44849;8;-4.69;38.66
44850;8;-4.20;38.66
44852;11;-4.36;38.68
44853;11;-4.21;38.65
44854;16;-4.18;38.66
44855;15;-4.09;38.65
44860;4;-7.00;38.64
44861;4;-6.94;38.64
44862;10;-6.81;38.64
44863;13;-6.15;38.64
44864;18;-6.14;38.64
44865;16;-6.13;38.64
44867;4;-5.92;38.64
44868;4;-5.88;38.64
44869;4;-5.81;38.64
44870;2;-5.80;38.64
44872;3;-5.57;38.64
44873;11;-4.97;38.64
44874;17;-4.95;38.64
44875;17;-4.87;38.64
44876;11;-4.68;38.64
44877;11;-4.66;38.64
44878;13;-4.42;38.65
44879;7;-4.38;38.64
44881;11;-4.29;38.64
44882;16;-4.15;38.64
44883;8;-4.11;38.64
44886;9;-3.29;38.66
44887;2;-2.15;38.64
44888;4;-1.97;38.64
44891;3;-1.81;38.64
44894;3;-1.42;38.64
44896;3;-1.10;38.64
44897;3;-0.80;38.64
44898;3;-0.56;38.64
44899;4;-0.41;38.64
44900;4;-0.26;38.64
44902;4;0.07;38.64
44904;15;-6.19;38.68
44905;12;-6.04;38.67
44906;4;-6.67;38.65
44907;4;-0.03;38.71
44908;14;-4.89;38.65
44909;4;-3.07;38.65
44911;4;-1.24;38.64
44913;6;-5.89;38.64
44914;6;-5.85;38.65
44916;13;-5.05;38.64
44917;12;-4.18;38.64
44918;12;-4.13;38.64
44923;4;-6.95;38.63
44925;10;-6.52;38.63
44926;8;-6.35;38.63
44927;8;-6.28;38.63
44928;4;-6.27;38.63
44929;4;-6.04;38.63
44930;9;-5.92;38.63
44931;4;-5.87;38.63
44932;10;-5.83;38.63
44936;11;-4.98;38.63
44937;15;-4.96;38.63
44938;11;-4.85;38.63
44939;8;-4.76;38.63
44940;7;-4.60;38.63
44941;13;-4.42;38.63
44942;7;-4.41;38.63
44944;15;-4.19;38.63
44945;8;-4.16;38.64
44946;15;-4.11;38.63
44952;13;-3.35;38.63
44953;9;-3.34;38.63
44959;3;-1.40;38.63
44961;3;-0.54;38.63
44963;4;-0.46;38.63
44966;4;-0.02;38.63
44967;4;0.08;38.63
44968;4;-3.04;38.70
44970;11;-4.40;38.64
44972;4;-6.72;38.64
44973;4;-6.01;38.63
44974;8;-5.51;38.63
44975;8;-4.93;38.63
44976;8;-4.72;38.63
44977;11;-4.43;38.63
44978;11;-4.07;38.64
44979;7;-3.87;38.64
44980;3;-2.77;38.63
44984;3;-1.72;38.64
44985;3;-1.37;38.65
44987;4;-0.82;38.63
44989;4;-6.69;38.63
44990;4;-6.63;38.63
44991;10;-6.51;38.63
44992;4;-6.39;38.63
44994;7;-6.08;38.63
44995;8;-6.03;38.63
44999;11;-5.06;38.63
45000;11;-5.00;38.63
45001;8;-4.75;38.63
45002;11;-4.69;38.63
45003;7;-4.59;38.63
45004;4;-4.28;38.63
45005;4;-4.23;38.63
45006;11;-4.11;38.63
45007;7;-4.05;38.63
45008;4;-3.92;38.63
45009;4;-3.77;38.63
45010;16;-3.35;38.63
45013;8;-2.76;38.63
45017;5;-1.90;38.63
45019;7;-1.74;38.63
45021;4;-1.27;38.64
45023;3;-1.14;38.63
45026;7;-3.09;38.63
45027;7;-1.43;38.64
45030;7;-0.39;38.68
45031;8;-5.83;38.63
45032;15;-4.46;38.63
45033;5;-1.92;38.62
45034;8;-6.26;38.62
45035;12;-6.04;38.62
45036;17;-4.85;38.62
45037;15;-4.83;38.64
45042;10;-6.52;38.62
45043;8;-6.48;38.62
45046;8;-5.50;38.62
45047;11;-5.49;38.62
45048;15;-5.45;38.62
45049;12;-5.44;38.63
45050;12;-5.32;38.62
45051;14;-4.94;38.62
45053;8;-4.88;38.62
45054;11;-4.83;38.62
45055;11;-4.72;38.62
45056;14;-4.70;38.62
45057;11;-4.67;38.62
45058;13;-4.43;38.62
45059;15;-4.41;38.62
45060;13;-4.38;38.62
45062;14;-4.21;38.62
45063;11;-4.05;38.62
45065;4;-3.78;38.62
45066;11;-3.27;38.62
45068;4;-3.02;38.62
45069;8;-2.54;38.62
45071;5;-1.87;38.62
45073;3;-1.74;38.62
45075;4;-1.51;38.62
45076;7;-1.39;38.62
45082;8;-6.09;38.67
45084;6;-5.80;38.66
45085;11;-5.56;38.62
45086;4;-5.88;38.62
45087;8;-4.02;38.63
45088;12;-3.30;38.63
45089;20;-5.18;38.61
45090;9;-5.04;38.62
45091;7;-4.60;38.61
45092;18;-4.27;38.62
45093;8;-3.29;38.61
45099;4;-6.63;38.61
45101;8;-6.03;38.61
45102;3;-5.51;38.61
45103;11;-5.50;38.61
45105;8;-5.37;38.61
45106;4;-5.17;38.61
45108;12;-4.94;38.61
45109;8;-4.81;38.61
45110;14;-4.67;38.61
45111;18;-4.66;38.61
45112;7;-4.49;38.61
45113;8;-4.18;38.61
45116;11;-4.06;38.61
45117;15;-4.05;38.61
45118;4;-4.04;38.61
45119;7;-3.80;38.61
45122;8;-3.32;38.61
45123;11;-3.24;38.61
45124;3;-3.09;38.61
45129;4;-1.39;38.61
45131;8;-0.95;38.61
45134;14;-4.24;38.63
45135;7;-5.60;38.62
45136;7;-6.15;38.62
45138;11;-3.20;38.63
45139;9;-6.12;38.61
45140;8;-5.54;38.61
45141;15;-4.09;38.61
45142;12;-3.11;38.61
45143;12;-2.66;38.61
45147;14;-4.93;38.60
45148;8;-4.75;38.60
45149;11;-4.53;38.60
45150;17;-4.41;38.60
45151;4;-3.77;38.60
45152;7;-1.79;38.67
45153;3;-1.71;38.61
45156;12;-6.02;38.60
45157;3;-5.52;38.60
45158;11;-5.51;38.60
45159;7;-5.45;38.60
45160;12;-5.42;38.60
45161;13;-5.06;38.60
45162;7;-5.05;38.60
45163;9;-5.04;38.60
45164;13;-5.00;38.62
45165;15;-5.00;38.60
45166;8;-4.79;38.60
45168;14;-4.68;38.60
45169;18;-4.67;38.60
45170;14;-4.66;38.60
45171;7;-4.57;38.60
45172;13;-4.43;38.60
45173;4;-3.86;38.60
45175;12;-3.34;38.60
45180;4;-1.38;38.60
45185;7;-0.74;38.60
45186;7;-0.70;38.60
45187;5;-0.49;38.60
45189;4;-0.13;38.60
45190;10;-5.86;38.61
45191;4;-1.97;38.61
45192;3;-0.74;38.64
45193;6;-5.97;38.66
45194;4;-5.70;38.65
45195;15;-4.73;38.60
45196;7;-3.10;38.60
45197;7;-5.50;38.59
45198;14;-5.35;38.63
45199;21;-4.96;38.60
45200;4;-4.00;38.61
45202;15;-3.24;38.62
45204;4;-1.51;38.63
45208;7;-6.15;38.59
45209;9;-5.92;38.59
45210;8;-5.77;38.59
45211;11;-5.76;38.59
45213;4;-5.62;38.59
45216;4;-5.53;38.59
45217;3;-5.51;38.59
45218;11;-5.45;38.59
45219;8;-5.30;38.59
45221;12;-5.08;38.60
45222;7;-5.03;38.59
45223;8;-4.67;38.59
45224;11;-4.64;38.59
45225;7;-4.48;38.59
45226;15;-4.41;38.59
45227;11;-4.40;38.59
45228;8;-4.03;38.59
45229;6;-4.02;38.59
45231;12;-3.30;38.59
45232;11;-3.22;38.59
45233;15;-3.21;38.59
45236;9;-2.89;38.59
45237;3;-2.77;38.59
45243;4;-1.72;38.59
45247;3;-1.14;38.59
45252;13;-3.46;38.65
45253;4;-2.48;38.62
45254;12;-3.67;38.60
45255;9;-3.52;38.66
45256;9;-1.91;38.62
45257;12;-4.91;38.62
45258;4;-3.82;38.62
45259;12;-3.76;38.61
45260;9;-2.93;38.62
45261;8;-6.25;38.59
45262;12;-4.11;38.60
45263;4;-1.61;38.59
45264;7;-0.80;38.59
45266;7;-5.48;38.58
45267;10;-3.99;38.58
45269;16;-3.36;38.58
45271;7;-3.03;38.59
45272;12;-2.99;38.58
45273;8;-2.65;38.62
45274;6;-2.47;38.58
45275;2;-2.11;38.61
45279;4;-0.69;38.58
45281;4;-6.81;38.58
45282;4;-6.47;38.58
45283;4;-6.44;38.58
45284;2;-6.01;38.58
45285;9;-5.94;38.58
45286;4;-5.87;38.58
45287;6;-5.86;38.58
45288;4;-5.81;38.58
45289;4;-5.61;38.58
45290;8;-5.54;38.58
45292;4;-5.32;38.58
45293;12;-4.86;38.58
45294;11;-4.62;38.58
45295;11;-4.49;38.58
45296;13;-4.47;38.59
45297;9;-4.22;38.58
45299;11;-3.90;38.58
45300;4;-3.89;38.58
45301;4;-3.83;38.58
45302;9;-3.79;38.58
45303;9;-3.73;38.63
45304;16;-3.38;38.59
45305;3;-3.10;38.58
45306;7;-3.08;38.58
45309;9;-2.90;38.58
45311;8;-2.54;38.58
45312;2;-2.32;38.60
45314;6;-2.18;38.58
45316;4;-2.09;38.58
45318;5;-1.90;38.58
45322;4;-1.46;38.58
45323;4;-1.24;38.58
45325;3;-1.20;38.61
45326;7;-1.18;38.58
45327;4;-1.17;38.58
45328;4;-0.92;38.58
45330;3;-0.72;38.58
45331;7;-0.70;38.58
45332;7;-1.11;38.62
45333;2;-7.03;38.61
45334;12;-4.77;38.61
45335;7;-0.93;38.59
45336;4;-5.98;38.60
45337;18;-4.93;38.58
45338;8;-4.16;38.58
45339;4;-6.21;38.60
45340;17;-4.98;38.59
45341;14;-4.87;38.59
45342;7;-4.53;38.59
45343;12;-0.99;38.61
45344;5;-0.51;38.58
45346;10;-5.79;38.58
45348;3;-5.49;38.57
45349;15;-4.54;38.58
45350;11;-4.53;38.62
45351;15;-4.33;38.61
45352;4;-4.03;38.58
45353;11;-3.93;38.58
45354;12;-3.33;38.58
45355;12;-3.26;38.59
45356;4;-1.42;38.59
45357;4;-1.38;38.58
45361;4;-6.46;38.57
45362;8;-6.34;38.57
45364;8;-6.11;38.57
45365;7;-6.06;38.57
45366;3;-6.01;38.57
45367;7;-5.92;38.60
45368;4;-5.59;38.57
45369;8;-5.55;38.57
45370;11;-5.51;38.57
45371;8;-5.39;38.57
45372;4;-5.35;38.57
45374;11;-5.02;38.57
45375;13;-5.01;38.57
45376;11;-4.64;38.57
45377;15;-4.59;38.57
45378;11;-4.50;38.57
45379;7;-4.48;38.57
45380;16;-4.40;38.57
45381;20;-4.38;38.57
45382;9;-4.23;38.57
45383;11;-4.22;38.57
45384;9;-4.21;38.57
45385;8;-4.13;38.57
45386;4;-3.99;38.57
45387;11;-3.89;38.57
45388;4;-3.86;38.57
45389;7;-3.76;38.57
45390;4;-3.74;38.57
45391;4;-3.66;38.57
45395;8;-3.21;38.57
45397;12;-2.74;38.57
45399;5;-2.70;38.57
45401;4;-2.65;38.57
45402;2;-2.52;38.57
45405;3;-2.44;38.57
45406;4;-2.41;38.57
45408;4;-2.18;38.57
45409;6;-2.03;38.57
45410;8;-1.92;38.57
45411;8;-1.86;38.57
45412;4;-1.84;38.57
45416;7;-1.09;38.58
45419;16;-5.17;38.62
45420;6;-6.97;38.60
45422;10;-6.54;38.58
45423;6;-5.82;38.58
45424;8;-5.42;38.58
45425;12;-5.24;38.58
45426;9;-5.06;38.58
45427;5;-5.05;38.58
45428;10;-5.36;38.59
45429;6;-5.32;38.57
45430;12;-5.15;38.57
45432;4;-1.79;38.59
45433;7;-0.73;38.57
45434;12;-6.79;38.60
45435;8;-6.70;38.58
45436;10;-6.50;38.59
45437;4;-5.86;38.57
45438;8;-5.52;38.57
45439;6;-5.36;38.57
45440;9;-4.29;38.57
45441;4;-3.70;38.57
45442;4;-1.56;38.73
45443;7;-1.26;38.57
45445;11;-0.79;38.57
45446;4;-6.83;38.56
45447;4;-6.77;38.56
45448;4;-6.73;38.56
45451;8;-6.54;38.56
45452;8;-6.47;38.56
45453;4;-6.21;38.56
45455;4;-5.92;38.56
45456;6;-5.84;38.56
45457;4;-5.83;38.56
45459;3;-5.46;38.56
45460;8;-5.45;38.56
45461;4;-5.37;38.56
45462;2;-5.35;38.56
45463;4;-5.30;38.56
45464;8;-5.24;38.56
45465;8;-5.10;38.57
45466;19;-5.00;38.56
45467;21;-4.99;38.56
45468;15;-4.82;38.56
45469;19;-4.74;38.56
45470;20;-4.72;38.56
45471;7;-4.64;38.56
45472;17;-4.61;38.56
45473;16;-4.57;38.56
45474;12;-4.48;38.56
45475;16;-4.44;38.56
45476;11;-4.21;38.56
45477;9;-3.96;38.56
45478;11;-3.87;38.56
45479;10;-3.86;38.56
45480;4;-3.84;38.56
45481;6;-3.73;38.56
45484;12;-3.23;38.56
45487;5;-2.71;38.56
45489;4;-2.34;38.56
45492;4;-1.82;38.56
45493;4;-1.48;38.56
45494;4;-1.44;38.56
45495;4;-1.40;38.56
45497;4;-1.13;38.56
45498;4;-1.11;38.56
45499;4;-1.08;38.56
45502;7;-0.81;38.56
45503;5;-0.54;38.56
45505;10;-6.57;38.57
45506;3;-0.53;38.59
45507;4;-6.61;38.58
45508;13;-5.76;38.57
45509;11;-5.73;38.57
45510;18;-4.69;38.58
45513;4;-2.95;38.56
45516;7;-6.03;38.56
45517;10;-5.80;38.56
45518;7;-5.77;38.56
45519;4;-5.57;38.58
45520;17;-5.02;38.56
45521;15;-5.01;38.56
45522;22;-4.73;38.56
45523;16;-4.49;38.56
45524;15;-4.46;38.56
45525;11;-4.33;38.56
45527;4;-2.12;38.56
45528;3;-1.00;38.56
45529;4;-0.13;38.56
45530;6;-7.30;38.55
45532;4;-6.84;38.55
45533;7;-6.82;38.55
45534;7;-6.76;38.55
45535;9;-6.72;38.55
45536;8;-6.50;38.55
45537;4;-6.46;38.55
45538;4;-6.40;38.55
45540;6;-5.86;38.55
45541;4;-5.84;38.55
45542;6;-5.83;38.55
45543;3;-5.67;38.55
45544;7;-5.69;38.57
45545;4;-5.43;38.55
45547;13;-5.06;38.55
45548;9;-5.04;38.57
45549;17;-5.00;38.55
45550;4;-4.85;38.55
45551;13;-4.76;38.55
45552;11;-4.72;38.55
45553;14;-4.70;38.55
45554;14;-4.68;38.55
45555;16;-4.54;38.55
45556;17;-4.44;38.55
45557;6;-3.70;38.55
45559;12;-3.29;38.55
45560;12;-3.24;38.55
45565;9;-2.71;38.55
45569;3;-2.45;38.55
45570;7;-2.41;38.55
45574;4;-1.43;38.55
45575;4;-1.39;38.55
45576;4;-1.14;38.55
45577;4;-1.07;38.55
45580;3;-0.76;38.55
45581;7;-0.75;38.55
45582;7;-0.58;38.55
45583;7;-0.55;38.55
45585;3;-0.42;38.56
45586;4;-0.24;38.60
45587;4;-0.17;38.55
45589;11;-6.08;38.59
45590;15;-4.63;38.61
45591;4;-7.19;38.59
45593;3;-0.73;38.56
45594;5;-6.01;38.55
45595;14;-4.40;38.56
45596;9;-4.20;38.55
45597;3;-2.47;38.55
45598;4;-1.20;38.56
45599;4;-0.88;38.60
45602;4;-6.17;38.56
45603;3;-6.00;38.55
45604;4;-5.82;38.55
45605;18;-4.97;38.55
45606;8;-4.14;38.55
45608;7;-1.27;38.55
45609;3;-1.04;38.55
45611;7;-0.78;38.55
45612;7;-0.70;38.55
45613;11;-0.69;38.55
45616;8;-6.51;38.54
45617;6;-6.17;38.54
45618;8;-6.14;38.54
45619;15;-6.13;38.54
45620;13;-6.12;38.54
45621;8;-6.09;38.54
45622;7;-5.76;38.54
45625;9;-5.02;38.54
45626;4;-5.01;38.54
45627;4;-4.86;38.54
45628;10;-4.85;38.54
45629;17;-4.70;38.54
45630;7;-4.67;38.54
45631;4;-4.03;38.54
45632;7;-3.97;38.54
45633;11;-3.91;38.55
45636;5;-2.71;38.54
45637;2;-2.60;38.54
45639;4;-2.38;38.55
45641;4;-2.20;38.54
45643;4;-1.25;38.54
45644;4;-1.13;38.54
45647;8;-0.83;38.55
45648;7;-0.81;38.54
45649;3;-0.80;38.54
45650;3;-0.78;38.54
45651;3;-0.75;38.54
45653;8;-3.62;38.61
45654;4;-4.12;38.56
45655;12;-3.66;38.55
45656;4;-4.06;38.54
45657;9;-3.93;38.54
45661;15;-4.76;38.55
45662;7;-4.64;38.54
45663;11;-4.17;38.55
45668;7;-2.40;38.54
45669;9;-0.55;38.54
45670;4;-7.05;38.53
45671;4;-6.91;38.53
45672;9;-6.76;38.53
45673;8;-6.18;38.53
45675;8;-5.45;38.53
45676;10;-4.88;38.55
45677;17;-4.61;38.53
45678;11;-4.53;38.53
45679;15;-4.44;38.54
45680;12;-4.42;38.53
45681;12;-4.38;38.53
45683;11;-4.28;38.54
45685;9;-4.17;38.53
45686;4;-4.13;38.53
45687;6;-4.12;38.53
45688;4;-4.02;38.53
45689;13;-3.91;38.56
45690;6;-3.70;38.53
45693;8;-3.16;38.53
45694;8;-3.13;38.53
45696;5;-2.70;38.53
45697;2;-2.62;38.53
45698;3;-2.59;38.54
45699;3;-2.56;38.53
45700;4;-1.39;38.53
45702;4;-1.21;38.53
45703;3;-1.06;38.53
45704;4;-1.05;38.53
45706;3;-1.02;38.53
45707;4;-0.83;38.53
45709;11;-3.95;38.54
45710;12;-6.83;38.54
45711;9;-4.25;38.54
45713;7;-0.95;38.54
45714;6;-6.21;38.54
45715;12;-5.72;38.54
45716;11;-3.85;38.54
45717;12;-3.08;38.55
45718;4;-1.51;38.54
45720;7;-6.81;38.53
45723;7;-6.03;38.53
45724;3;-6.01;38.53
45725;4;-5.42;38.53
45727;15;-4.48;38.53
45728;11;-4.37;38.53
45729;4;-2.18;38.53
45733;4;-7.08;38.53
45734;4;-6.88;38.53
45737;8;-6.44;38.53
45738;4;-6.34;38.53
45739;10;-5.44;38.53
45740;10;-4.94;38.53
45741;18;-4.73;38.53
45742;16;-4.55;38.53
45743;20;-4.50;38.53
45744;9;-4.32;38.54
45745;7;-4.21;38.53
45746;9;-3.90;38.53
45747;9;-3.85;38.53
45748;8;-3.33;38.53
45750;12;-3.03;38.53
45752;4;-2.91;38.55
45753;2;-2.58;38.53
45754;3;-2.57;38.53
45757;4;-2.03;38.53
45760;11;-0.93;38.53
45762;4;-0.40;38.53
45763;6;-5.43;38.54
45764;7;-5.39;38.54
45765;16;-4.40;38.54
45766;14;-4.96;38.54
45767;7;-1.07;38.53
45768;4;-6.50;38.53
45769;12;-6.00;38.53
45770;11;-4.22;38.58
45771;4;-7.10;38.52
45772;10;-6.20;38.52
45773;13;-6.10;38.52
45774;9;-4.76;38.52
45775;11;-4.17;38.52
45776;8;-4.11;38.53
45777;13;-3.87;38.52
45778;3;-1.38;38.52
45779;3;-1.32;38.55
45783;16;-6.81;38.52
45784;9;-6.75;38.52
45785;7;-6.67;38.52
45786;8;-6.45;38.52
45787;8;-6.40;38.52
45788;4;-6.35;38.52
45789;8;-6.18;38.52
45791;7;-6.06;38.52
45792;7;-6.01;38.52
45793;6;-5.46;38.52
45795;4;-4.85;38.52
45796;11;-4.75;38.52
45797;12;-4.74;38.52
45798;11;-4.69;38.52
45799;7;-4.62;38.52
45800;15;-4.41;38.52
45801;7;-4.32;38.52
45802;4;-4.25;38.52
45803;9;-4.23;38.52
45804;8;-4.16;38.52
45805;4;-4.04;38.52
45806;7;-3.86;38.52
45807;6;-3.71;38.52
45808;9;-3.68;38.53
45810;12;-3.05;38.52
45816;4;-2.33;38.53
45817;4;-2.29;38.52
45818;6;-2.09;38.52
45820;4;-1.43;38.52
45823;3;-1.10;38.52
45824;7;-0.93;38.52
45825;7;-0.74;38.53
45827;8;-3.87;38.58
45831;9;-5.74;38.52
45832;10;-5.65;38.52
45833;16;-4.51;38.53
45834;7;-4.45;38.52
45835;8;-3.09;38.52
45838;4;-6.25;38.51
45840;10;-4.95;38.51
45841;23;-4.49;38.51
45842;19;-4.47;38.53
45843;12;-4.38;38.51
45844;12;-4.19;38.51
45845;6;-3.83;38.51
45846;8;-3.03;38.51
45847;8;-2.01;38.52
45850;8;-0.88;38.53
45852;12;-6.82;38.51
45854;7;-6.69;38.51
45855;20;-6.67;38.51
45857;4;-6.47;38.51
45858;8;-6.38;38.51
45859;10;-6.21;38.51
45860;10;-6.18;38.51
45861;13;-6.08;38.51
45863;4;-5.44;38.51
45864;2;-5.43;38.51
45865;8;-5.07;38.51
45866;9;-4.75;38.51
45867;14;-4.73;38.51
45868;11;-4.64;38.54
45869;19;-4.45;38.51
45870;7;-4.24;38.51
45871;4;-4.22;38.51
45872;8;-4.12;38.51
45873;4;-4.03;38.51
45874;9;-3.74;38.51
45877;8;-3.05;38.51
45880;4;-2.31;38.51
45881;4;-2.28;38.51
45882;4;-2.15;38.52
45883;6;-2.06;38.51
45886;3;-1.11;38.51
45887;7;-1.10;38.51
45889;11;-0.92;38.51
45892;8;-4.02;38.54
45893;7;-2.97;38.53
45894;5;-2.84;38.55
45895;9;-2.70;38.53
45896;12;-2.75;38.52
45897;8;-0.82;38.51
45898;6;-7.29;38.52
45899;11;-6.05;38.51
45901;3;-2.60;38.51
45903;7;-6.76;38.50
45904;16;-6.77;38.53
45905;4;-6.58;38.50
45906;8;-6.16;38.50
45907;11;-6.11;38.51
45908;15;-4.47;38.50
45909;15;-4.43;38.50
45910;6;-4.14;38.52
45911;7;-3.85;38.50
45913;4;-1.40;38.50
45914;7;-1.26;38.51
45915;4;-6.90;38.50
45917;7;-6.78;38.50
45919;4;-6.56;38.50
45921;13;-6.06;38.50
45925;4;-4.73;38.50
45926;16;-4.51;38.50
45927;16;-4.49;38.50
45928;12;-4.48;38.50
45929;17;-4.45;38.50
45930;16;-4.38;38.50
45931;7;-4.27;38.50
45932;10;-4.24;38.50
45933;14;-4.23;38.50
45934;10;-4.21;38.50
45935;14;-4.19;38.50
45936;10;-4.18;38.50
45937;11;-4.16;38.50
45938;8;-4.11;38.50
45939;14;-3.89;38.50
45941;9;-3.70;38.50
45943;8;-3.28;38.50
45944;12;-3.05;38.50
45945;4;-2.89;38.50
45946;2;-2.50;38.53
45950;11;-0.93;38.50
45951;4;-0.84;38.50
45955;3;-5.62;38.52
45956;7;-1.12;38.52
45957;19;-4.42;38.51
45958;5;-3.53;38.54
45959;7;-3.75;38.51
45960;6;-2.13;38.54
45961;4;-6.27;38.50
45962;9;-5.99;38.51
45963;5;-5.42;38.50
45964;4;-3.76;38.54
45965;4;-6.37;38.49
45966;5;-5.72;38.50
45967;19;-4.44;38.49
45968;11;-4.37;38.50
45969;7;-4.17;38.49
45970;9;-3.95;38.49
45971;8;-3.83;38.49
45972;8;-3.80;38.49
45973;9;-3.72;38.49
45974;3;-2.52;38.49
45975;3;-2.49;38.49
45976;3;-1.37;38.50
45979;8;-0.89;38.49
45980;6;-7.32;38.49
45983;7;-6.75;38.49
45989;2;-5.44;38.49
45991;7;-4.70;38.49
45992;15;-4.45;38.49
45993;17;-4.43;38.49
45994;12;-4.38;38.49
45995;7;-4.35;38.51
45996;14;-4.24;38.49
45997;10;-4.23;38.49
45998;7;-4.21;38.49
45999;10;-4.19;38.49
46000;14;-4.18;38.49
46001;4;-4.16;38.49
46002;6;-4.09;38.50
46003;7;-4.03;38.49
46004;7;-3.87;38.49
46005;7;-3.70;38.49
46006;8;-3.64;38.50
46007;12;-3.62;38.49
46008;2;-2.61;38.49
46009;7;-2.59;38.49
46010;7;-2.56;38.49
46011;3;-2.54;38.49
46012;2;-2.44;38.49
46014;4;-2.30;38.49
46015;2;-2.22;38.49
46021;4;-1.12;38.49
46023;7;-0.93;38.49
46024;4;-0.92;38.49
46027;20;-4.56;38.52
46028;11;-4.79;38.51
46029;13;-4.66;38.51
46030;4;-6.41;38.50
46031;9;-4.69;38.49
46032;8;-3.27;38.56
46033;4;-1.45;38.49
46034;16;-6.79;38.49
46035;6;-6.24;38.49
46036;2;-4.89;38.49
46037;15;-4.40;38.49
46038;8;-4.13;38.49
46039;4;-2.40;38.49
46040;4;-2.19;38.49
46041;4;-6.88;38.48
46042;4;-6.33;38.48
46043;13;-6.03;38.49
46044;14;-4.73;38.48
46045;19;-4.46;38.48
46046;11;-4.29;38.50
46047;4;-3.81;38.48
46049;7;-1.26;38.49
46050;6;-7.30;38.48
46051;4;-7.27;38.48
46052;12;-6.82;38.48
46056;4;-6.35;38.48
46057;8;-6.27;38.48
46061;5;-5.40;38.48
46063;4;-5.01;38.48
46064;7;-4.66;38.48
46065;9;-4.64;38.48
46066;18;-4.50;38.48
46067;19;-4.43;38.48
46068;15;-4.42;38.48
46069;14;-4.38;38.48
46070;7;-4.31;38.49
46071;16;-4.29;38.48
46072;7;-4.28;38.48
46073;7;-4.18;38.48
46074;7;-4.16;38.48
46075;4;-4.15;38.48
46076;9;-4.08;38.48
46077;12;-3.97;38.48
46078;11;-3.96;38.48
46079;16;-3.64;38.48
46081;17;-3.58;38.48
46082;4;-2.63;38.48
46084;6;-2.31;38.48
46087;4;-1.49;38.48
46089;3;-1.37;38.48
46090;3;-1.30;38.49
46092;4;-1.19;38.51
46093;4;-1.18;38.48
46094;4;-1.07;38.48
46095;3;-0.99;38.50
46096;4;-0.93;38.48
46098;8;-0.91;38.48
46100;4;-0.87;38.48
46103;2;-5.23;38.51
46104;10;-5.12;38.51
46105;2;-5.49;38.50
46106;8;-7.17;38.52
46107;4;-6.99;38.51
46108;8;-6.89;38.56
46109;20;-6.69;38.48
46110;4;-6.02;38.49
46111;16;-4.56;38.48
46112;5;-2.90;38.48
46113;3;-0.76;38.50
46115;11;-6.07;38.48
46117;2;-5.46;38.47
46119;17;-4.41;38.48
46120;12;-4.36;38.48
46121;16;-4.27;38.48
46122;10;-4.24;38.48
46123;14;-3.99;38.47
46124;9;-3.79;38.47
46126;4;-1.73;38.48
46127;9;-7.27;38.47
46128;4;-6.91;38.47
46129;12;-6.73;38.51
46131;8;-6.53;38.47
46132;4;-6.26;38.47
46133;8;-6.24;38.47
46134;13;-6.05;38.47
46135;7;-6.01;38.47
46137;2;-5.43;38.47
46140;4;-4.76;38.47
46141;9;-4.73;38.47
46143;19;-4.42;38.47
46144;16;-4.40;38.47
46145;12;-4.38;38.47
46146;16;-4.34;38.47
46147;4;-4.30;38.47
46148;12;-4.28;38.47
46149;7;-4.25;38.47
46150;8;-4.15;38.47
46151;4;-4.13;38.47
46152;7;-4.11;38.47
46154;9;-4.06;38.47
46155;12;-4.02;38.47
46156;4;-3.71;38.47
46157;16;-3.67;38.47
46158;4;-3.65;38.47
46159;4;-3.61;38.47
46160;8;-3.59;38.47
46162;13;-3.55;38.47
46164;2;-2.65;38.47
46166;4;-2.54;38.47
46173;3;-1.26;38.47
46174;3;-1.14;38.47
46175;4;-0.89;38.47
46176;8;-0.85;38.48
46177;3;-0.78;38.47
46179;5;-5.92;38.51
46180;8;-5.80;38.50
46181;4;-6.54;38.48
46182;2;-2.52;38.48
46183;5;-5.64;38.47
46184;3;-5.34;38.50
46185;14;-4.21;38.47
46186;4;-4.16;38.47
46187;9;-3.93;38.47
46189;20;-6.64;38.51
46190;5;-5.74;38.47
46191;12;-4.50;38.47
46192;17;-4.44;38.47
46193;12;-3.62;38.47
46195;2;-2.29;38.47
46196;7;-1.30;38.47
46197;9;-7.26;38.46
46198;4;-7.00;38.46
46200;12;-6.52;38.46
46201;4;-6.40;38.46
46202;4;-6.31;38.46
46204;15;-6.06;38.46
46205;11;-6.04;38.46
46206;7;-6.02;38.46
46207;8;-5.68;38.50
46208;14;-5.46;38.46
46209;12;-5.44;38.46
46210;5;-5.39;38.46
46211;18;-4.49;38.46
46212;16;-4.45;38.46
46213;19;-4.41;38.46
46214;12;-4.34;38.46
46215;7;-4.32;38.46
46216;16;-4.28;38.46
46217;12;-4.27;38.46
46218;7;-4.24;38.46
46219;10;-4.23;38.46
46220;7;-4.17;38.46
46221;8;-4.13;38.46
46223;14;-4.02;38.46
46224;12;-3.78;38.46
46226;16;-3.68;38.46
46227;16;-3.64;38.46
46228;13;-3.59;38.46
46229;8;-3.58;38.46
46230;13;-3.56;38.46
46231;9;-3.55;38.46
46232;15;-3.46;38.46
46234;4;-2.57;38.46
46236;2;-2.25;38.53
46239;4;-1.39;38.46
46240;3;-1.27;38.46
46241;3;-0.93;38.46
46243;3;-0.67;38.46
46244;13;-6.11;38.47
46245;12;-5.99;38.47
46246;8;-5.94;38.46
46247;9;-3.50;38.48
46248;18;-4.56;38.46
46250;16;-4.37;38.46
46251;12;-3.43;38.47
46252;6;-2.36;38.51
46253;11;-6.10;38.46
46254;10;-5.50;38.46
46255;17;-5.41;38.46
46258;11;-4.25;38.46
46259;10;-4.20;38.46
46260;9;-3.76;38.46
46261;3;-3.22;38.46
46265;4;-0.59;38.46
46266;4;-0.52;38.46
46267;4;-6.95;38.45
46268;13;-6.86;38.45
46269;4;-6.53;38.45
46273;8;-6.39;38.45
46275;11;-6.08;38.45
46276;17;-6.07;38.45
46278;13;-6.03;38.45
46279;3;-6.01;38.46
46280;12;-5.93;38.45
46282;8;-5.64;38.45
46283;12;-5.42;38.45
46284;7;-5.39;38.45
46285;5;-5.36;38.45
46286;12;-4.66;38.45
46287;12;-4.63;38.45
46288;14;-4.45;38.45
46289;7;-4.34;38.45
46290;12;-4.29;38.45
46291;11;-4.22;38.45
46292;7;-4.18;38.45
46293;4;-4.17;38.45
46294;8;-4.15;38.45
46295;7;-4.08;38.45
46296;12;-3.98;38.46
46297;9;-3.99;38.45
46298;14;-3.98;38.45
46299;14;-3.84;38.45
46300;13;-3.74;38.45
46301;16;-3.73;38.45
46302;12;-3.64;38.45
46303;9;-3.56;38.45
46304;15;-3.45;38.45
46307;4;-2.62;38.45
46308;3;-2.51;38.45
46309;7;-2.32;38.45
46313;10;-6.17;38.49
46314;7;-0.49;38.50
46315;14;-4.30;38.45
46316;16;-3.61;38.45
46317;4;-2.65;38.45
46318;4;-7.31;38.49
46320;9;-5.38;38.45
46321;14;-4.53;38.45
46322;14;-4.39;38.45
46323;14;-4.27;38.45
46324;10;-3.85;38.45
46325;15;-3.47;38.45
46329;4;-1.29;38.45
46331;12;-5.96;38.44
46332;4;-5.52;38.44
46333;12;-5.40;38.44
46335;4;-5.24;38.44
46339;12;-4.67;38.44
46340;12;-4.50;38.44
46341;7;-4.29;38.44
46342;9;-4.23;38.45
46343;11;-4.19;38.44
46344;8;-4.18;38.44
46345;4;-4.16;38.44
46346;7;-4.15;38.44
46347;7;-4.04;38.44
46348;16;-3.84;38.44
46349;14;-3.83;38.44
46350;13;-3.75;38.44
46351;12;-3.71;38.47
46352;8;-3.70;38.44
46353;13;-3.67;38.44
46354;13;-3.59;38.44
46355;13;-3.56;38.44
46356;15;-3.42;38.44
46357;7;-3.41;38.44
46358;7;-3.29;38.44
46359;3;-3.28;38.44
46360;4;-2.60;38.44
46361;3;-2.46;38.44
46362;4;-2.10;38.44
46364;4;-2.06;38.44
46370;6;-4.76;38.45
46371;12;-5.46;38.45
46372;2;-5.11;38.45
46373;8;-6.18;38.45
46374;11;-5.69;38.45
46375;14;-5.49;38.44
46376;14;-5.43;38.45
46377;16;-4.31;38.44
46378;11;-3.89;38.48
46379;16;-3.65;38.44
46380;17;-3.58;38.45
46381;13;-6.84;38.46
46382;12;-6.52;38.44
46384;4;-6.35;38.44
46385;12;-6.01;38.44
46386;14;-4.67;38.46
46387;14;-4.35;38.44
46388;14;-4.02;38.44
46389;16;-3.98;38.44
46390;9;-3.93;38.44
46391;9;-3.55;38.44
46392;4;-3.50;38.44
46393;12;-3.48;38.44
46397;4;-6.31;38.43
46399;10;-6.16;38.43
46401;4;-5.45;38.43
46405;4;-5.26;38.43
46406;2;-5.17;38.43
46407;12;-4.70;38.43
46408;18;-4.27;38.43
46409;13;-4.25;38.43
46410;11;-4.22;38.43
46411;4;-4.18;38.43
46412;16;-3.95;38.43
46413;13;-3.93;38.43
46414;9;-3.87;38.43
46415;7;-3.86;38.43
46416;16;-3.85;38.43
46417;19;-3.78;38.43
46418;12;-3.75;38.43
46419;12;-3.70;38.43
46420;14;-3.66;38.43
46421;18;-3.61;38.43
46422;15;-3.59;38.43
46423;4;-3.56;38.43
46424;4;-3.53;38.43
46425;7;-3.45;38.44
46426;13;-3.19;38.43
46430;3;-2.52;38.43
46432;7;-2.19;38.43
46437;6;-7.30;38.44
46438;16;-3.73;38.43
46439;4;-5.06;38.43
46440;10;-4.49;38.43
46441;11;-4.04;38.43
46442;10;-4.01;38.43
46443;8;-3.71;38.43
46444;4;-3.68;38.43
46445;4;-2.63;38.43
46446;4;-6.33;38.42
46448;9;-6.01;38.42
46449;9;-5.82;38.42
46450;11;-5.52;38.42
46451;14;-5.46;38.42
46452;12;-5.45;38.42
46454;4;-5.27;38.42
46458;11;-4.70;38.42
46459;8;-4.68;38.42
46460;8;-4.59;38.42
46461;12;-4.44;38.42
46462;4;-4.34;38.42
46463;16;-4.32;38.42
46464;14;-4.31;38.42
46465;7;-4.29;38.42
46466;14;-4.27;38.42
46467;8;-4.18;38.42
46468;7;-4.15;38.42
46469;7;-4.12;38.42
46470;14;-4.02;38.42
46471;10;-3.85;38.42
46472;7;-3.84;38.42
46473;16;-3.83;38.42
46474;12;-3.73;38.42
46476;16;-3.67;38.42
46477;20;-3.66;38.42
46478;17;-3.59;38.42
46479;13;-3.58;38.42
46480;9;-3.56;38.42
46481;9;-3.53;38.42
46482;19;-3.47;38.42
46483;15;-3.45;38.43
46490;4;-2.12;38.42
46498;7;-4.11;38.44
46499;20;-3.62;38.43
46500;7;-5.99;38.43
46501;7;-1.69;38.45
46502;10;-3.81;38.45
46503;7;-2.32;38.43
46507;7;-5.54;38.43
46508;12;-5.43;38.42
46509;10;-5.39;38.42
46511;11;-4.24;38.42
46512;7;-4.21;38.43
46513;4;-4.19;38.42
46514;11;-4.17;38.42
46515;13;-3.88;38.42
46516;8;-3.49;38.42
46518;13;-6.85;38.42
46519;4;-6.56;38.42
46520;4;-6.51;38.42
46521;4;-6.32;38.42
46523;12;-5.97;38.42
46524;11;-5.54;38.42
46525;7;-5.52;38.42
46527;4;-5.29;38.42
46529;4;-5.26;38.42
46531;4;-5.07;38.42
46533;14;-4.33;38.42
46535;7;-4.18;38.42
46536;19;-3.75;38.42
46537;4;-3.72;38.42
46538;12;-3.70;38.42
46539;16;-3.68;38.42
46540;22;-3.66;38.42
46541;20;-3.56;38.42
46542;16;-3.53;38.42
46543;17;-3.52;38.42
46544;19;-3.46;38.42
46545;3;-3.11;38.42
46546;3;-3.08;38.42
46547;3;-2.51;38.42
46548;3;-2.48;38.42
46551;7;-1.71;38.42
46553;8;-2.97;38.47
46554;15;-3.33;38.44
46555;13;-3.53;38.44
46556;11;-2.95;38.44
46557;12;-3.36;38.43
46558;3;-1.15;38.43
46560;7;-4.06;38.42
46561;18;-3.64;38.42
46562;12;-3.55;38.42
46563;8;-2.83;38.47
46564;6;-2.58;38.45
46565;3;-2.28;38.43
46567;8;-4.50;38.42
46568;7;-3.89;38.41
46569;18;-3.60;38.41
46570;16;-3.49;38.41
46571;11;-3.47;38.41
46572;7;-3.43;38.42
46573;15;-3.40;38.42
46574;8;-2.77;38.42
46575;4;-2.56;38.41
46576;6;-2.39;38.41
46578;6;-7.28;38.41
46580;9;-5.85;38.41
46581;8;-5.39;38.41
46586;8;-4.47;38.41
46587;16;-4.34;38.41
46588;12;-4.32;38.41
46589;14;-4.31;38.41
46591;7;-4.25;38.41
46592;13;-4.22;38.41
46593;8;-4.21;38.41
46594;11;-4.19;38.41
46595;14;-4.18;38.41
46596;9;-4.04;38.41
46597;14;-4.02;38.41
46598;11;-3.84;38.41
46599;19;-3.74;38.41
46600;15;-3.72;38.41
46601;14;-3.70;38.41
46602;22;-3.68;38.41
46603;22;-3.65;38.41
46604;20;-3.61;38.41
46605;18;-3.53;38.41
46606;8;-2.80;38.41
46608;2;-2.63;38.41
46610;3;-2.26;38.41
46612;16;-4.42;38.43
46613;15;-3.77;38.43
46614;12;-4.48;38.41
46615;14;-4.15;38.40
46616;7;-3.85;38.40
46617;14;-3.82;38.41
46618;13;-7.06;38.40
46619;9;-6.00;38.41
46621;12;-4.42;38.40
46622;10;-4.13;38.40
46623;12;-4.00;38.40
46624;19;-3.79;38.40
46625;4;-3.71;38.40
46626;6;-3.05;38.45
46628;2;-2.67;38.43
46629;2;-2.43;38.40
46631;4;-7.13;38.40
46632;4;-6.32;38.40
46639;8;-5.38;38.40
46643;16;-4.44;38.40
46644;12;-4.35;38.40
46645;16;-4.29;38.41
46647;12;-4.27;38.40
46648;11;-4.25;38.40
46649;13;-4.23;38.40
46650;7;-4.22;38.40
46651;4;-4.21;38.40
46652;10;-4.18;38.40
46653;7;-4.09;38.40
46654;14;-4.00;38.40
46656;11;-3.83;38.40
46657;21;-3.74;38.40
46658;8;-3.70;38.40
46659;20;-3.67;38.40
46660;13;-3.64;38.40
46661;18;-3.51;38.40
46662;23;-3.46;38.40
46663;11;-3.45;38.40
46664;11;-3.28;38.40
46665;3;-3.02;38.40
46666;3;-2.93;38.40
46667;2;-2.64;38.40
46668;2;-2.58;38.40
46671;6;-4.98;38.48
46672;4;-4.89;38.43
46673;21;-7.22;38.43
46674;6;-5.35;38.42
46675;2;-5.32;38.43
46676;10;-5.03;38.40
46677;10;-4.60;38.42
46678;7;-4.70;38.40
46679;11;-4.06;38.45
46680;12;-4.02;38.40
46683;8;-5.99;38.40
46684;11;-5.55;38.40
46685;6;-5.11;38.41
46686;16;-3.55;38.40
46687;6;-2.41;38.40
46688;11;-3.59;38.40
46689;16;-3.33;38.39
46691;4;-1.34;38.43
46693;15;-7.11;38.43
46694;13;-6.83;38.39
46702;4;-5.25;38.39
46703;10;-5.23;38.39
46704;8;-5.21;38.39
46706;8;-4.64;38.39
46707;7;-4.40;38.39
46708;11;-4.37;38.39
46709;11;-4.30;38.39
46711;15;-4.25;38.39
46712;19;-4.23;38.39
46713;12;-4.22;38.39
46714;21;-4.20;38.39
46715;14;-4.12;38.39
46716;14;-4.02;38.39
46717;12;-4.00;38.39
46718;7;-3.99;38.39
46719;10;-3.97;38.39
46720;7;-3.93;38.39
46721;10;-3.92;38.39
46722;16;-3.85;38.39
46723;4;-3.84;38.39
46724;14;-3.83;38.39
46725;21;-3.81;38.39
46726;10;-3.78;38.39
46727;14;-3.77;38.39
46728;10;-3.75;38.39
46729;14;-3.71;38.39
46730;7;-3.70;38.39
46731;13;-3.65;38.39
46732;11;-3.64;38.39
46733;11;-3.61;38.39
46734;15;-3.58;38.39
46735;18;-3.49;38.39
46736;18;-3.47;38.39
46737;11;-3.46;38.39
46738;11;-3.26;38.39
46739;8;-3.11;38.39
46740;3;-2.62;38.39
46743;4;-1.29;38.39
46745;8;-6.99;38.42
46746;13;-6.91;38.42
46747;4;-5.63;38.40
46748;14;-3.98;38.41
46749;7;-2.11;38.43
46750;15;-5.53;38.39
46751;3;-0.88;38.42
46752;4;-5.56;38.39
46753;17;-5.49;38.41
46754;10;-5.37;38.39
46755;6;-5.24;38.43
46756;10;-5.19;38.40
46757;4;-7.00;38.39
46758;16;-3.96;38.38
46759;15;-3.90;38.39
46760;9;-3.68;38.39
46761;15;-3.60;38.38
46762;3;-2.59;38.39
46763;3;-2.47;38.40
46765;7;-0.60;38.38
46766;8;-6.82;38.38
46769;8;-6.37;38.38
46772;8;-5.55;38.38
46773;14;-5.43;38.40
46774;6;-5.31;38.38
46775;2;-5.30;38.38
46776;10;-5.24;38.38
46777;8;-5.23;38.38
46778;10;-5.21;38.38
46780;6;-5.17;38.38
46783;3;-4.63;38.38
46784;19;-4.25;38.38
46785;10;-4.02;38.38
46786;14;-4.00;38.38
46787;12;-3.99;38.38
46788;14;-3.92;38.38
46789;19;-3.91;38.38
46790;7;-3.87;38.38
46791;18;-3.83;38.38
46792;19;-3.81;38.38
46793;12;-3.71;38.38
46794;7;-3.67;38.38
46795;15;-3.62;38.39
46796;8;-3.61;38.38
46797;7;-3.58;38.38
46798;11;-3.40;38.38
46799;11;-3.28;38.38
46800;3;-2.91;38.38
46804;10;-6.19;38.41
46806;6;-6.23;38.39
46807;4;-6.35;38.39
46809;12;-6.53;38.39
46811;20;-3.56;38.38
46812;3;-3.09;38.39
46814;3;-2.06;38.38
46815;7;-1.93;38.40
46818;4;-5.98;38.38
46819;13;-5.80;38.41
46822;7;-4.34;38.38
46823;15;-4.17;38.38
46824;10;-4.13;38.38
46825;12;-3.84;38.37
46826;11;-3.70;38.37
46827;9;-3.66;38.38
46828;23;-3.46;38.37
46832;12;-6.58;38.37
46833;4;-6.48;38.37
46834;4;-6.27;38.41
46836;20;-5.92;38.41
46837;9;-5.86;38.37
46838;16;-5.31;38.37
46839;14;-5.30;38.37
46840;6;-5.24;38.37
46842;15;-4.25;38.37
46843;11;-4.04;38.37
46844;14;-4.02;38.37
46845;10;-3.99;38.37
46846;16;-3.97;38.37
46847;10;-3.93;38.37
46848;15;-3.91;38.37
46849;19;-3.88;38.38
46850;15;-3.85;38.37
46851;18;-3.81;38.37
46852;21;-3.80;38.37
46853;14;-3.77;38.37
46854;6;-3.71;38.37
46855;4;-3.67;38.37
46856;11;-3.65;38.37
46857;11;-3.62;38.37
46858;8;-3.54;38.37
46859;3;-2.92;38.37
46862;5;-2.51;38.37
46869;13;-6.00;38.37
46870;11;-4.27;38.38
46871;7;-4.29;38.37
46872;8;-3.13;38.37
46873;4;-1.01;38.37
46874;7;-0.96;38.37
46875;3;-0.66;38.41
46876;6;-5.19;38.37
46878;11;-3.92;38.40
46879;7;-3.65;38.36
46880;11;-3.59;38.37
46881;3;-3.04;38.37
46882;3;-1.99;38.37
46883;3;-1.96;38.37
46886;3;-0.92;38.37
46887;7;-0.62;38.37
46888;4;-0.51;38.37
46890;4;-6.77;38.36
46891;10;-6.46;38.36
46892;4;-6.43;38.36
46894;8;-6.28;38.36
46897;4;-6.05;38.38
46899;8;-5.49;38.36
46900;4;-5.18;38.36
46902;7;-4.48;38.36
46903;11;-4.11;38.36
46904;11;-3.99;38.36
46905;13;-3.96;38.36
46906;19;-3.86;38.36
46907;14;-3.84;38.36
46908;16;-3.81;38.36
46909;16;-3.56;38.36
46916;4;-1.91;38.36
46919;15;-3.24;38.38
46920;3;-1.48;38.38
46921;13;-4.39;38.37
46923;14;-3.79;38.37
46924;2;-5.27;38.36
46926;8;-6.44;38.43
46927;4;-5.22;38.36
46928;16;-3.93;38.36
46929;21;-3.89;38.36
46930;14;-3.73;38.36
46931;20;-3.54;38.36
46932;16;-3.53;38.36
46935;7;-2.30;38.35
46937;4;-0.97;38.36
46939;4;-0.53;38.35
46940;8;-6.33;38.35
46941;8;-6.30;38.35
46946;10;-5.19;38.35
46948;4;-4.41;38.35
46949;8;-4.27;38.35
46950;7;-4.18;38.35
46951;8;-3.65;38.35
46952;11;-3.62;38.35
46953;8;-3.61;38.35
46954;4;-3.60;38.35
46955;8;-3.58;38.35
46956;20;-3.56;38.35
46957;8;-3.55;38.35
46958;3;-3.02;38.35
46961;3;-2.53;38.35
46963;6;-2.27;38.35
46965;4;-1.05;38.35
46966;10;-5.45;38.36
46969;14;-5.40;38.35
46971;7;-4.44;38.35
46972;4;-3.92;38.35
46973;6;-6.53;38.34
46974;10;-6.52;38.34
46977;8;-6.32;38.34
46980;10;-5.20;38.34
46981;11;-5.19;38.34
46982;11;-5.06;38.34
46984;9;-4.62;38.34
46985;3;-4.49;38.34
46986;7;-4.42;38.34
46987;7;-4.29;38.34
46988;15;-4.23;38.34
46989;15;-4.19;38.34
46990;15;-4.15;38.34
46991;9;-3.96;38.34
46992;10;-3.94;38.34
46993;17;-3.87;38.35
46994;10;-3.72;38.36
46995;7;-3.69;38.34
46996;4;-3.64;38.35
46997;7;-3.61;38.34
46998;16;-3.55;38.34
47000;20;-3.53;38.34
47001;16;-3.52;38.34
47002;8;-3.51;38.34
47003;16;-3.49;38.34
47004;3;-3.04;38.34
47006;4;-2.40;38.34
47008;6;-2.29;38.34
47009;7;-2.28;38.34
47010;3;-1.94;38.35
47013;3;-1.07;38.35
47015;11;-3.21;38.45
47016;6;-2.96;38.37
47017;3;-1.12;38.36
47018;14;-4.12;38.35
47019;8;-6.09;38.39
47021;4;-6.00;38.35
47022;3;-2.92;38.35
47023;4;-5.46;38.34
47024;7;-3.66;38.34
47025;4;-3.58;38.34
47026;8;-3.56;38.34
47027;8;-3.13;38.34
47028;3;-3.08;38.34
47033;8;-6.74;38.36
47035;10;-6.49;38.34
47036;4;-6.44;38.33
47038;10;-5.40;38.33
47041;15;-4.21;38.33
47042;3;-4.02;38.33
47043;10;-3.77;38.33
47044;8;-3.64;38.33
47048;3;-2.50;38.33
47049;7;-2.29;38.33
47050;6;-2.28;38.33
47054;4;-1.00;38.33
47057;16;-4.24;38.35
47058;3;-1.39;38.35
47059;14;-5.29;38.33
47061;16;-3.77;38.36
47064;4;-5.48;38.33
47065;4;-5.26;38.33
47067;11;-4.31;38.35
47068;12;-3.94;38.33
47069;11;-3.60;38.33
47070;3;-3.19;38.33
47071;4;-0.53;38.33
47072;8;-6.49;38.32
47073;4;-6.47;38.32
47075;8;-6.22;38.32
47077;8;-6.16;38.32
47079;10;-5.21;38.32
47081;11;-5.11;38.32
47084;16;-3.80;38.32
47085;7;-3.67;38.32
47086;11;-3.64;38.32
47087;8;-3.55;38.32
47088;16;-3.49;38.32
47089;8;-3.16;38.33
47095;3;-2.60;38.32
47097;3;-2.52;38.32
47098;4;-2.43;38.32
47102;19;-3.36;38.36
47103;6;-6.40;38.34
47105;7;-4.34;38.33
47106;7;-2.34;38.34
47108;6;-6.52;38.32
47109;10;-5.25;38.32
47110;13;-5.19;38.33
47111;14;-3.74;38.33
47112;11;-3.68;38.34
47113;20;-3.50;38.35
47114;16;-3.44;38.33
47115;8;-3.21;38.32
47117;4;-6.75;38.32
47119;8;-3.66;38.32
47120;4;-3.65;38.32
47121;20;-3.56;38.32
47122;2;-2.45;38.33
47125;12;-5.29;38.32
47126;13;-5.21;38.32
47127;11;-5.12;38.32
47130;6;-4.63;38.33
47131;4;-3.92;38.32
47132;10;-3.75;38.32
47133;7;-3.60;38.32
47134;16;-3.55;38.32
47135;16;-3.34;38.32
47136;16;-3.27;38.34
47137;12;-3.25;38.33
47138;4;-2.85;38.32
47141;7;-2.45;38.32
47142;4;-2.41;38.32
47143;7;-2.28;38.32
47144;4;-2.28;38.39
47146;3;-2.00;38.32
47150;8;-7.20;38.35
47151;5;-4.56;38.36
47152;7;-4.03;38.34
47153;12;-5.55;38.34
47154;9;-4.43;38.34
47155;3;-1.55;38.33
47156;4;-6.54;38.33
47158;7;-4.28;38.31
47159;10;-4.11;38.32
47160;10;-3.95;38.31
47161;10;-6.38;38.31
47163;11;-5.07;38.31
47164;3;-4.51;38.31
47165;3;-4.36;38.31
47166;12;-4.25;38.31
47167;3;-2.47;38.33
47172;10;-6.51;38.31
47173;4;-6.44;38.31
47175;15;-5.56;38.31
47178;10;-5.23;38.31
47179;11;-5.21;38.31
47180;13;-5.20;38.31
47186;2;-4.59;38.31
47187;7;-4.44;38.31
47189;4;-4.31;38.31
47190;4;-3.91;38.31
47191;7;-3.70;38.31
47192;23;-3.68;38.31
47193;20;-3.67;38.31
47194;22;-3.66;38.31
47195;18;-3.65;38.31
47196;16;-3.64;38.31
47197;12;-3.59;38.31
47198;12;-3.56;38.31
47199;14;-3.55;38.31
47200;9;-3.48;38.31
47201;11;-3.47;38.31
47202;12;-3.37;38.31
47203;7;-3.11;38.31
47205;4;-2.76;38.31
47206;4;-2.73;38.31
47208;3;-2.59;38.31
47209;3;-2.57;38.31
47210;3;-2.53;38.31
47211;7;-2.46;38.31
47212;4;-2.39;38.31
47213;4;-2.37;38.31
47215;3;-1.07;38.31
47219;6;-5.25;38.33
47220;8;-6.44;38.32
47221;4;-6.02;38.31
47223;11;-5.19;38.31
47224;3;-1.13;38.31
47225;12;-6.41;38.30
47228;2;-4.80;38.30
47229;15;-4.24;38.30
47230;15;-4.17;38.31
47231;11;-3.73;38.30
47232;11;-3.49;38.30
47233;3;-2.30;38.30
47234;4;-1.02;38.31
47237;8;-5.23;38.30
47238;13;-5.18;38.30
47239;11;-5.14;38.30
47240;15;-5.07;38.30
47241;2;-4.79;38.36
47242;11;-4.44;38.30
47243;4;-3.92;38.30
47244;13;-3.68;38.30
47246;9;-3.45;38.30
47247;12;-3.40;38.30
47248;3;-3.00;38.35
47253;3;-2.62;38.30
47254;3;-2.58;38.30
47256;4;-2.44;38.30
47257;4;-2.35;38.30
47258;7;-2.32;38.30
47260;4;-1.57;38.30
47261;7;-1.55;38.30
47262;3;-1.06;38.30
47264;4;-0.96;38.32
47265;8;-6.55;38.37
47266;18;-5.35;38.33
47267;8;-5.03;38.33
47268;6;-5.46;38.32
47269;4;-0.58;38.33
47270;3;-2.05;38.32
47271;7;-1.83;38.30
47272;8;-6.79;38.32
47274;9;-3.51;38.30
47275;6;-2.41;38.32
47277;15;-5.54;38.29
47278;9;-5.49;38.29
47279;6;-5.27;38.29
47280;11;-5.04;38.29
47281;12;-4.27;38.29
47282;15;-4.12;38.29
47283;14;-3.56;38.29
47285;3;-3.05;38.29
47286;4;-2.75;38.29
47288;3;-2.64;38.29
47290;4;-2.46;38.29
47291;6;-7.16;38.29
47293;12;-6.53;38.29
47294;10;-6.47;38.29
47295;10;-6.39;38.29
47296;8;-6.38;38.29
47299;4;-5.44;38.29
47300;14;-5.29;38.29
47301;4;-5.26;38.29
47303;4;-5.19;38.29
47304;8;-5.12;38.29
47305;11;-5.07;38.29
47306;15;-4.18;38.29
47307;9;-3.77;38.29
47308;9;-3.74;38.29
47309;9;-3.54;38.29
47310;3;-3.22;38.29
47312;4;-2.92;38.29
47314;8;-2.76;38.29
47316;3;-2.47;38.29
47317;4;-1.58;38.29
47319;7;-0.98;38.29
47321;14;-3.37;38.29
47323;5;-4.36;38.29
47324;4;-2.39;38.29
47325;4;-1.61;38.29
47326;8;-6.01;38.29
47327;15;-5.08;38.28
47328;4;-2.80;38.28
47330;3;-2.53;38.29
47331;7;-2.44;38.29
47334;4;-6.51;38.28
47341;10;-5.42;38.29
47342;6;-5.33;38.28
47344;2;-5.27;38.28
47346;2;-5.24;38.28
47347;4;-5.23;38.28
47349;8;-5.18;38.28
47350;15;-4.15;38.28
47351;7;-4.00;38.28
47352;9;-3.72;38.28
47353;11;-3.55;38.29
47354;9;-3.53;38.28
47355;7;-3.22;38.28
47356;3;-3.07;38.28
47357;3;-3.02;38.28
47359;8;-2.75;38.28
47360;4;-2.72;38.28
47361;4;-2.70;38.28
47363;3;-2.58;38.28
47364;2;-2.57;38.28
47366;2;-2.52;38.28
47367;3;-2.51;38.28
47370;4;-2.45;38.28
47371;6;-2.41;38.28
47373;3;-0.95;38.28
47374;8;-0.70;38.28
47375;8;-0.67;38.28
47376;12;-6.45;38.29
47377;4;-5.00;38.33
47380;7;-5.53;38.28
47381;7;-2.46;38.27
47382;4;-1.53;38.28
47383;7;-1.13;38.28
47386;8;-6.48;38.27
47389;4;-6.15;38.27
47392;8;-5.83;38.27
47393;4;-5.82;38.27
47395;10;-5.37;38.27
47396;4;-5.35;38.27
47398;8;-5.00;38.27
47399;15;-4.16;38.27
47400;17;-4.01;38.27
47401;9;-3.79;38.27
47403;4;-3.53;38.27
47404;9;-3.49;38.27
47405;9;-3.46;38.27
47406;3;-3.08;38.27
47407;3;-2.57;38.27
47408;3;-2.52;38.27
47411;4;-2.35;38.27
47416;8;-0.60;38.27
47417;12;-5.99;38.29
47418;15;-5.12;38.34
47419;3;-1.86;38.28
47420;4;-0.76;38.32
47421;4;-7.15;38.27
47422;9;-3.68;38.27
47423;10;-5.21;38.28
47425;10;-5.18;38.27
47426;11;-5.12;38.27
47427;15;-5.10;38.26
47428;16;-3.62;38.29
47429;11;-3.37;38.27
47430;12;-3.36;38.27
47431;2;-3.21;38.27
47432;7;-3.19;38.29
47434;4;-2.43;38.27
47435;4;-7.11;38.26
47438;4;-6.14;38.26
47440;12;-5.95;38.26
47443;2;-5.32;38.27
47444;2;-5.23;38.26
47445;4;-5.21;38.26
47447;4;-5.00;38.26
47448;15;-4.21;38.26
47449;9;-3.77;38.26
47450;9;-3.74;38.26
47451;9;-3.52;38.26
47452;9;-3.47;38.26
47453;11;-3.41;38.26
47454;2;-3.20;38.26
47455;7;-3.12;38.27
47456;8;-2.75;38.26
47458;6;-2.45;38.26
47459;4;-1.62;38.26
47460;4;-1.59;38.26
47461;4;-1.52;38.26
47464;8;-5.77;38.34
47465;4;-1.84;38.44
47466;4;-7.11;38.33
47467;18;-3.67;38.28
47468;7;-5.04;38.27
47469;8;-6.53;38.27
47470;3;-2.47;38.26
47471;11;-5.63;38.28
47472;8;-6.41;38.27
47474;6;-5.38;38.26
47475;8;-5.01;38.26
47476;15;-4.17;38.26
47477;11;-3.56;38.26
47478;4;-2.87;38.25
47479;4;-2.72;38.26
47480;7;-2.66;38.26
47481;3;-2.60;38.26
47482;4;-7.13;38.25
47483;4;-7.09;38.25
47486;12;-5.94;38.25
47489;9;-5.39;38.25
47490;3;-5.24;38.25
47492;10;-5.19;38.25
47494;7;-5.10;38.25
47495;7;-4.24;38.25
47496;17;-4.02;38.25
47497;9;-3.75;38.25
47498;16;-3.67;38.25
47500;4;-2.84;38.25
47501;4;-2.79;38.25
47502;8;-2.76;38.25
47503;8;-2.73;38.25
47504;3;-2.65;38.25
47506;3;-2.57;38.25
47510;12;-6.11;38.29
47511;3;-5.58;38.26
47512;6;-6.50;38.26
47513;17;-6.11;38.26
47514;9;-3.54;38.26
47515;10;-6.47;38.26
47516;11;-3.47;38.27
47517;7;-3.21;38.25
47520;3;-5.31;38.25
47522;4;-7.15;38.24
47525;4;-6.19;38.24
47526;4;-6.16;38.24
47529;11;-5.02;38.24
47531;15;-4.23;38.24
47532;18;-3.67;38.24
47533;16;-3.66;38.24
47534;9;-3.56;38.24
47535;4;-3.55;38.24
47536;9;-3.46;38.25
47537;11;-3.45;38.24
47538;9;-3.43;38.24
47539;4;-3.42;38.24
47540;4;-3.40;38.24
47541;11;-3.39;38.24
47542;11;-3.36;38.24
47543;3;-3.08;38.24
47546;2;-2.53;38.24
47548;3;-2.01;38.24
47550;7;-3.30;38.27
47551;11;-5.08;38.27
47552;8;-4.41;38.27
47554;4;-3.94;38.26
47555;4;-2.39;38.24
47556;10;-6.39;38.25
47557;22;-6.12;38.24
47559;3;-5.27;38.24
47560;13;-5.18;38.24
47561;7;-5.07;38.24
47562;7;-5.04;38.24
47563;3;-4.94;38.24
47566;6;-2.37;38.24
47567;4;-7.14;38.23
47568;4;-7.05;38.23
47569;2;-6.51;38.23
47573;12;-6.16;38.23
47574;9;-6.08;38.23
47575;13;-6.03;38.23
47576;4;-5.78;38.23
47577;7;-5.70;38.23
47578;3;-5.30;38.23
47579;19;-4.23;38.23
47580;17;-3.99;38.23
47581;9;-3.72;38.23
47582;16;-3.67;38.23
47583;11;-3.48;38.23
47584;4;-3.43;38.23
47585;2;-3.35;38.23
47587;3;-3.25;38.27
47589;2;-2.80;38.23
47590;3;-2.65;38.23
47591;3;-2.44;38.23
47592;3;-2.02;38.23
47596;11;-5.13;38.24
47597;3;-4.88;38.26
47598;3;-2.54;38.24
47599;2;-5.35;38.24
47600;6;-2.37;38.27
47601;9;-6.99;38.24
47602;12;-3.83;38.29
47603;15;-6.15;38.23
47604;5;-5.27;38.25
47605;2;-4.97;38.23
47606;4;-3.56;38.23
47607;11;-3.54;38.23
47608;9;-3.39;38.25
47610;2;-7.04;38.22
47611;5;-7.03;38.22
47613;8;-6.38;38.22
47615;7;-6.14;38.22
47616;12;-6.13;38.22
47618;18;-5.77;38.22
47619;3;-5.37;38.22
47620;9;-5.18;38.22
47621;3;-5.06;38.22
47622;4;-5.05;38.22
47623;3;-4.95;38.22
47626;15;-4.17;38.22
47627;4;-3.97;38.22
47628;17;-3.94;38.22
47629;9;-3.73;38.22
47630;9;-3.69;38.23
47631;18;-3.59;38.25
47632;11;-3.51;38.22
47633;11;-3.46;38.22
47634;11;-3.42;38.23
47635;11;-3.35;38.22
47636;3;-3.24;38.22
47637;4;-2.90;38.22
47638;8;-2.88;38.22
47639;8;-2.84;38.22
47640;8;-2.75;38.22
47642;3;-2.58;38.22
47644;7;-2.53;38.22
47646;4;-2.47;38.22
47647;9;-2.41;38.22
47648;4;-2.33;38.25
47649;3;-2.01;38.22
47653;16;-4.25;38.25
47654;19;-4.19;38.30
47655;9;-4.31;38.25
47656;6;-7.03;38.29
47657;3;-1.96;38.23
47658;7;-0.90;38.25
47659;9;-5.41;38.23
47660;3;-2.61;38.23
47661;4;-7.13;38.22
47662;7;-6.98;38.22
47664;16;-6.11;38.22
47665;18;-6.09;38.22
47668;7;-3.74;38.26
47669;4;-3.45;38.22
47671;7;-1.68;38.25
47673;14;-6.18;38.22
47674;17;-6.16;38.22
47675;20;-6.12;38.22
47676;9;-6.05;38.22
47677;8;-6.00;38.22
47678;7;-5.78;38.22
47679;11;-5.44;38.22
47680;3;-5.38;38.22
47681;2;-5.33;38.22
47682;3;-5.29;38.22
47684;2;-5.26;38.22
47687;3;-5.12;38.22
47688;3;-4.97;38.22
47689;2;-4.95;38.22
47690;7;-4.83;38.22
47692;19;-4.22;38.22
47693;15;-4.15;38.22
47694;9;-3.67;38.22
47695;11;-3.59;38.22
47696;13;-3.55;38.22
47697;4;-3.42;38.22
47698;4;-2.98;38.22
47699;4;-2.92;38.22
47701;8;-2.82;38.22
47702;3;-2.65;38.22
47703;4;-2.52;38.22
47704;2;-2.39;38.22
47706;3;-1.49;38.22
47707;3;-1.45;38.22
47709;3;-0.97;38.22
47710;7;-0.84;38.22
47711;4;-0.59;38.22
47712;7;-5.11;38.21
47713;9;-7.08;38.21
47715;4;-4.81;38.21
47716;11;-3.76;38.21
47717;7;-2.54;38.21
47718;5;-2.41;38.21
47719;4;-1.11;38.24
47720;3;-1.01;38.25
47721;7;-7.11;38.21
47722;5;-7.05;38.21
47723;7;-6.95;38.21
47724;6;-6.52;38.21
47725;12;-6.10;38.21
47726;16;-6.09;38.21
47727;18;-5.78;38.21
47728;7;-5.43;38.21
47729;11;-5.40;38.21
47730;3;-5.37;38.21
47731;2;-5.27;38.21
47733;2;-5.22;38.22
47734;5;-5.19;38.22
47736;4;-5.05;38.21
47737;4;-5.02;38.21
47738;3;-4.95;38.21
47739;7;-4.15;38.21
47740;7;-4.12;38.21
47741;4;-3.75;38.21
47742;11;-3.67;38.21
47743;4;-3.41;38.21
47745;4;-2.86;38.21
47746;4;-2.51;38.21
47747;8;-1.58;38.21
47749;4;-1.38;38.21
47750;7;-0.93;38.21
47751;13;-5.46;38.24
47752;7;-5.56;38.22
47753;5;-5.37;38.22
47754;10;-6.42;38.23
47755;16;-5.97;38.23
47756;15;-5.69;38.23
47757;8;-0.66;38.23
47758;4;-3.78;38.21
47759;6;-7.02;38.21
47760;10;-6.99;38.20
47761;12;-6.47;38.22
47762;13;-6.06;38.23
47763;18;-5.75;38.21
47764;3;-4.91;38.21
47765;4;-3.32;38.22
47767;9;-2.43;38.20
47768;2;-6.50;38.22
47769;8;-6.03;38.20
47770;2;-5.31;38.20
47772;11;-3.72;38.21
47773;11;-3.61;38.20
47775;8;-2.88;38.20
47776;3;-2.66;38.20
47777;3;-2.59;38.20
47778;4;-1.77;38.21
47780;9;-6.91;38.20
47782;8;-6.66;38.20
47783;8;-6.55;38.20
47784;4;-6.51;38.20
47785;9;-6.05;38.20
47786;7;-5.73;38.20
47787;7;-5.69;38.20
47788;9;-5.39;38.20
47789;9;-5.00;38.20
47790;11;-4.97;38.20
47791;13;-4.95;38.20
47792;7;-4.91;38.20
47793;4;-4.85;38.20
47795;8;-4.53;38.20
47796;7;-3.75;38.20
47797;13;-3.55;38.20
47799;4;-2.96;38.20
47800;2;-2.86;38.20
47801;8;-2.77;38.20
47804;3;-2.40;38.20
47806;3;-2.00;38.20
47808;12;-4.09;38.25
47809;5;-1.99;38.21
47810;22;-6.12;38.20
47811;2;-2.48;38.23
47812;4;-0.79;38.20
47813;15;-6.16;38.20
47815;4;-3.57;38.20
47816;8;-2.83;38.20
47817;7;-2.47;38.20
47818;2;-2.02;38.20
47819;5;-7.08;38.19
47820;18;-6.08;38.19
47821;15;-5.80;38.21
47822;18;-5.80;38.19
47823;10;-5.77;38.20
47825;7;-5.04;38.19
47826;7;-4.19;38.19
47829;6;-7.01;38.19
47831;8;-6.67;38.19
47832;4;-6.54;38.19
47833;8;-6.52;38.19
47834;8;-6.50;38.19
47835;4;-6.48;38.19
47836;12;-6.44;38.19
47837;20;-6.14;38.19
47838;20;-6.10;38.19
47839;15;-6.07;38.19
47840;9;-6.06;38.19
47841;13;-6.05;38.19
47842;16;-6.02;38.20
47843;12;-5.85;38.23
47844;18;-5.74;38.19
47845;10;-5.73;38.19
47847;7;-5.01;38.19
47848;4;-4.83;38.19
47849;4;-4.73;38.19
47850;11;-3.67;38.19
47851;11;-3.65;38.19
47853;13;-3.54;38.19
47854;4;-3.36;38.19
47856;6;-2.86;38.19
47859;2;-2.53;38.20
47860;4;-2.52;38.19
47861;4;-2.50;38.19
47863;2;-2.05;38.19
47867;4;-0.60;38.19
47868;3;-1.24;38.25
47869;3;-5.21;38.19
47871;4;-6.33;38.18
47872;7;-5.46;38.19
47873;7;-5.43;38.18
47874;7;-5.30;38.19
47875;4;-3.98;38.18
47876;4;-3.81;38.18
47877;4;-2.80;38.20
47878;3;-1.52;38.18
47879;4;-0.89;38.18
47880;8;-6.69;38.18
47881;14;-6.54;38.18
47882;6;-6.48;38.18
47883;4;-6.47;38.18
47884;16;-6.14;38.18
47885;18;-6.12;38.18
47886;22;-6.10;38.18
47887;4;-6.03;38.18
47888;13;-5.99;38.18
47889;15;-5.75;38.18
47890;9;-5.03;38.18
47891;13;-4.94;38.18
47892;7;-4.93;38.18
47893;4;-4.81;38.18
47894;4;-4.79;38.18
47896;8;-3.71;38.18
47897;4;-3.48;38.18
47899;4;-2.91;38.18
47900;8;-2.88;38.18
47901;10;-2.86;38.18
47902;6;-2.85;38.18
47903;8;-2.78;38.18
47905;3;-2.71;38.18
47906;7;-2.59;38.18
47907;4;-2.54;38.18
47908;7;-2.48;38.18
47909;9;-2.46;38.18
47911;3;-2.40;38.18
47913;4;-1.39;38.18
47915;3;-7.06;38.19
47916;11;-3.59;38.18
47917;8;-6.70;38.19
47918;6;-6.35;38.18
47919;11;-4.95;38.18
47920;9;-3.61;38.19
47923;4;-6.37;38.17
47924;9;-6.09;38.17
47925;8;-6.01;38.18
47926;9;-5.99;38.17
47928;4;-5.07;38.18
47929;13;-4.98;38.18
47930;11;-3.62;38.17
47931;9;-3.58;38.17
47933;9;-2.83;38.18
47934;3;-2.47;38.17
47935;3;-2.03;38.18
47936;5;-7.08;38.17
47938;14;-6.56;38.17
47939;14;-6.07;38.17
47940;13;-6.02;38.17
47941;15;-5.76;38.17
47943;3;-5.17;38.17
47944;13;-5.02;38.17
47945;4;-4.73;38.17
47947;11;-3.72;38.17
47948;13;-3.51;38.17
47950;8;-3.09;38.17
47951;4;-2.97;38.17
47952;4;-2.88;38.17
47953;8;-2.86;38.17
47954;8;-2.79;38.17
47956;4;-2.76;38.17
47958;7;-2.42;38.18
47960;3;-2.00;38.17
47964;4;-1.37;38.17
47965;11;-3.78;38.19
47966;9;-6.86;38.18
47967;12;-6.57;38.18
47969;9;-5.48;38.18
47970;13;-3.55;38.17
47971;11;-6.07;38.17
47972;16;-5.83;38.17
47973;7;-5.50;38.17
47974;4;-1.68;38.17
47975;13;-3.47;38.17
47976;9;-2.85;38.16
47978;2;-2.46;38.16
47979;3;-2.44;38.16
47981;4;-6.59;38.16
47982;6;-6.43;38.16
47983;4;-6.41;38.16
47984;10;-6.34;38.16
47986;9;-6.14;38.16
47987;12;-6.06;38.16
47988;7;-6.02;38.16
47989;11;-6.01;38.16
47990;7;-5.96;38.16
47991;7;-5.47;38.16
47992;7;-5.44;38.16
47993;7;-5.42;38.16
47994;9;-5.05;38.16
47995;4;-5.04;38.16
47997;13;-4.98;38.16
47998;13;-4.94;38.16
47999;8;-4.55;38.16
48000;7;-3.97;38.16
48002;8;-3.72;38.16
48003;9;-3.66;38.16
48004;11;-3.65;38.16
48005;7;-3.62;38.16
48006;11;-3.60;38.16
48007;9;-3.59;38.16
48008;11;-3.58;38.16
48010;4;-3.42;38.16
48012;8;-3.03;38.16
48014;8;-2.88;38.16
48015;11;-2.86;38.16
48016;7;-2.79;38.16
48017;8;-2.78;38.16
48019;2;-2.56;38.16
48021;4;-2.42;38.16
48023;2;-2.07;38.16
48026;12;-6.18;38.18
48027;7;-4.61;38.17
48029;7;-6.95;38.17
48030;9;-5.43;38.17
48031;4;-3.38;38.16
48032;6;-2.51;38.17
48033;4;-0.92;38.16
48034;4;-0.72;38.19
48035;19;-5.79;38.17
48036;7;-5.06;38.16
48038;3;-2.64;38.16
48039;4;-2.50;38.16
48041;4;-1.57;38.20
48043;9;-6.84;38.15
48044;8;-6.69;38.15
48045;12;-6.59;38.15
48046;4;-6.58;38.15
48047;8;-6.56;38.15
48048;10;-6.35;38.15
48050;11;-6.09;38.15
48051;15;-6.00;38.15
48052;7;-5.43;38.15
48054;4;-5.02;38.15
48055;11;-4.94;38.15
48057;4;-4.32;38.15
48058;7;-3.96;38.15
48059;5;-3.64;38.15
48061;9;-3.58;38.15
48062;13;-3.46;38.15
48063;4;-3.44;38.15
48064;4;-3.35;38.15
48066;8;-3.04;38.15
48068;2;-2.65;38.15
48070;4;-2.54;38.15
48072;4;-2.46;38.15
48073;3;-1.95;38.15
48076;4;-0.63;38.15
48077;11;-5.00;38.16
48078;3;-2.27;38.19
48079;4;-1.83;38.17
48080;14;-6.16;38.17
48081;11;-3.67;38.16
48082;6;-2.77;38.16
48083;4;-1.63;38.16
48084;4;-6.43;38.15
48085;4;-6.25;38.20
48086;13;-5.98;38.15
48087;6;-6.41;38.15
48088;15;-6.12;38.16
48089;11;-5.95;38.16
48091;23;-5.73;38.17
48092;12;-5.50;38.15
48093;12;-5.41;38.15
48094;3;-5.16;38.15
48095;13;-4.97;38.15
48097;7;-3.59;38.15
48098;3;-1.99;38.15
48102;8;-6.67;38.14
48103;14;-6.51;38.14
48104;11;-6.10;38.14
48105;16;-5.99;38.14
48106;11;-5.88;38.16
48107;16;-5.84;38.14
48108;7;-5.44;38.14
48109;9;-5.43;38.14
48110;3;-5.12;38.14
48112;11;-5.06;38.14
48113;13;-4.99;38.14
48114;11;-4.95;38.14
48116;8;-4.82;38.14
48117;8;-4.57;38.14
48118;7;-3.97;38.14
48120;7;-3.61;38.14
48122;9;-3.55;38.14
48123;9;-3.51;38.14
48124;4;-3.39;38.14
48127;4;-2.90;38.14
48129;6;-2.50;38.14
48130;4;-2.47;38.14
48131;2;-1.97;38.14
48132;4;-1.58;38.14
48134;4;-1.32;38.17
48135;5;-2.03;38.15
48136;19;-3.86;38.17
48137;10;-5.47;38.15
48138;3;-5.09;38.14
48139;8;-3.69;38.15
48140;6;-2.88;38.14
48141;9;-2.86;38.14
48142;4;-2.78;38.14
48143;7;-2.58;38.15
48144;2;-2.48;38.14
48146;10;-6.52;38.16
48147;4;-6.38;38.14
48148;9;-6.14;38.14
48149;19;-5.77;38.14
48150;12;-5.45;38.14
48151;13;-5.05;38.14
48152;4;-4.68;38.14
48155;3;-2.62;38.14
48158;12;-6.53;38.13
48160;12;-6.51;38.13
48161;8;-6.50;38.13
48162;4;-6.45;38.13
48163;4;-6.41;38.13
48164;4;-6.17;38.14
48165;10;-6.15;38.13
48166;9;-5.97;38.13
48168;7;-5.87;38.13
48169;19;-5.75;38.13
48170;12;-5.48;38.13
48171;3;-5.27;38.13
48172;3;-5.07;38.13
48173;8;-4.81;38.13
48174;2;-4.59;38.13
48175;4;-4.44;38.13
48176;7;-3.93;38.13
48177;5;-3.61;38.13
48178;7;-3.60;38.13
48179;5;-3.59;38.13
48180;9;-3.56;38.13
48181;5;-3.53;38.13
48182;9;-3.52;38.13
48183;9;-3.47;38.14
48184;4;-3.25;38.13
48186;4;-2.95;38.13
48187;4;-2.92;38.13
48188;3;-2.69;38.14
48189;4;-2.52;38.14
48192;3;-1.97;38.13
48194;4;-1.87;38.13
48195;4;-1.84;38.13
48196;4;-1.61;38.13
48197;7;-1.09;38.17
48199;7;-1.06;38.13
48201;4;-4.58;38.23
48202;8;-6.62;38.16
48203;2;-1.91;38.17
48204;4;-6.65;38.13
48205;8;-6.29;38.25
48206;7;-6.02;38.13
48207;7;-0.91;38.13
48208;8;-6.56;38.13
48210;11;-5.01;38.13
48211;13;-4.95;38.13
48212;7;-4.84;38.13
48213;8;-4.62;38.13
48214;2;-2.46;38.13
48215;3;-1.90;38.13
48216;4;-1.30;38.13
48217;12;-6.52;38.12
48220;11;-6.14;38.12
48221;7;-5.95;38.12
48223;12;-5.46;38.12
48224;11;-5.04;38.14
48225;8;-5.00;38.12
48226;8;-4.94;38.12
48228;8;-4.73;38.12
48229;16;-4.59;38.12
48230;4;-4.40;38.12
48231;4;-4.25;38.12
48233;7;-3.95;38.12
48234;8;-3.59;38.12
48235;8;-3.28;38.12
48236;8;-3.22;38.12
48237;8;-3.14;38.12
48238;8;-2.89;38.12
48239;3;-2.52;38.12
48240;7;-2.51;38.12
48241;3;-2.44;38.12
48242;7;-1.96;38.12
48243;7;-1.91;38.12
48244;4;-1.53;38.13
48245;4;-1.34;38.12
48246;4;-1.32;38.12
48250;3;-1.04;38.12
48251;12;-4.36;38.18
48252;12;-6.90;38.16
48253;4;-4.92;38.14
48254;4;-0.86;38.15
48255;8;-6.69;38.13
48256;3;-2.03;38.13
48258;7;-5.92;38.13
48259;15;-4.02;38.21
48260;2;-2.56;38.13
48261;15;-6.91;38.13
48263;7;-1.14;38.16
48264;19;-5.71;38.12
48265;7;-4.89;38.12
48266;2;-4.55;38.13
48267;6;-3.99;38.12
48268;4;-3.49;38.12
48270;8;-3.32;38.12
48272;12;-6.88;38.11
48274;4;-6.41;38.11
48275;10;-6.15;38.11
48276;9;-6.14;38.11
48277;7;-5.87;38.11
48278;19;-5.77;38.11
48279;12;-5.49;38.11
48280;3;-5.12;38.12
48281;13;-5.03;38.12
48282;11;-5.00;38.11
48283;11;-4.94;38.11
48285;11;-4.70;38.11
48286;11;-4.60;38.13
48287;7;-4.25;38.11
48288;12;-4.15;38.11
48289;19;-4.13;38.11
48290;16;-4.06;38.11
48291;7;-3.90;38.11
48293;7;-3.84;38.11
48294;8;-3.67;38.11
48295;8;-3.56;38.11
48296;2;-3.42;38.11
48298;2;-3.36;38.11
48301;4;-2.77;38.11
48302;3;-2.49;38.12
48303;2;-2.48;38.11
48304;7;-2.46;38.11
48305;2;-2.45;38.11
48309;3;-1.89;38.11
48310;5;-1.87;38.11
48311;4;-1.56;38.11
48312;4;-0.98;38.11
48314;4;-0.85;38.11
48315;14;-5.39;38.15
48316;10;-5.33;38.15
48317;19;-5.66;38.15
48318;6;-6.31;38.13
48319;15;-5.80;38.13
48320;10;-5.48;38.12
48321;2;-4.83;38.12
48322;4;-2.41;38.13
48323;7;-1.43;38.16
48324;4;-6.35;38.11
48325;12;-6.04;38.12
48326;21;-5.73;38.12
48328;10;-4.01;38.12
48329;17;-3.70;38.12
48330;7;-2.53;38.11
48331;5;-1.97;38.11
48332;12;-0.94;38.12
48333;8;-6.54;38.11
48334;8;-6.52;38.11
48335;10;-6.50;38.11
48336;4;-6.45;38.11
48338;12;-6.11;38.11
48339;19;-5.74;38.11
48340;12;-5.43;38.11
48341;3;-5.27;38.11
48343;8;-4.41;38.11
48344;19;-4.09;38.11
48345;19;-4.04;38.11
48346;8;-3.27;38.11
48347;7;-2.78;38.11
48349;4;-1.31;38.11
48350;12;-0.97;38.11
48354;4;-6.43;38.11
48356;4;-6.25;38.11
48357;8;-6.15;38.11
48358;7;-6.02;38.11
48359;15;-5.84;38.11
48360;17;-5.78;38.11
48361;17;-5.53;38.11
48362;10;-5.42;38.12
48363;7;-5.39;38.11
48365;8;-4.87;38.11
48366;8;-4.70;38.11
48367;11;-4.69;38.11
48368;2;-4.56;38.11
48369;12;-4.49;38.11
48370;2;-4.45;38.11
48372;16;-4.22;38.11
48373;4;-4.22;38.11
48374;13;-4.16;38.11
48375;7;-4.13;38.11
48376;16;-4.11;38.11
48378;17;-3.75;38.11
48379;8;-3.21;38.11
48380;4;-2.79;38.11
48381;3;-2.67;38.11
48382;3;-2.62;38.11
48383;2;-2.46;38.11
48384;3;-2.44;38.11
48385;4;-2.40;38.11
48386;2;-1.86;38.11
48387;4;-0.99;38.11
48388;9;-0.98;38.11
48390;4;-0.79;38.11
48391;5;-1.94;38.13
48392;14;-5.98;38.11
48393;10;-6.21;38.11
48394;9;-5.92;38.11
48395;8;-2.94;38.11
48396;14;-6.03;38.11
48397;12;-4.52;38.11
48398;9;-4.17;38.11
48399;3;-1.43;38.11
48400;8;-6.64;38.10
48401;6;-6.44;38.13
48402;11;-6.14;38.10
48403;14;-6.07;38.13
48404;11;-5.96;38.10
48405;3;-5.25;38.10
48406;8;-4.47;38.10
48407;9;-4.15;38.10
48409;4;-3.51;38.10
48410;8;-3.36;38.10
48411;7;-2.48;38.10
48412;4;-0.81;38.10
48414;3;-6.63;38.10
48415;6;-6.48;38.10
48417;4;-6.40;38.10
48418;9;-6.36;38.10
48419;4;-6.27;38.10
48421;8;-6.25;38.10
48422;14;-6.13;38.10
48423;11;-6.05;38.10
48424;7;-5.90;38.10
48425;15;-5.82;38.10
48426;21;-5.49;38.10
48427;21;-5.41;38.10
48428;19;-5.39;38.10
48429;12;-5.38;38.10
48433;4;-4.44;38.10
48434;2;-4.27;38.10
48435;9;-4.23;38.10
48436;4;-4.16;38.10
48437;16;-4.10;38.10
48438;13;-3.68;38.10
48439;8;-3.61;38.10
48440;8;-3.59;38.10
48441;8;-3.01;38.10
48443;4;-2.78;38.10
48446;7;-2.64;38.10
48447;3;-2.50;38.10
48448;2;-2.44;38.10
48450;3;-1.96;38.10
48451;4;-1.35;38.10
48452;7;-0.96;38.10
48453;12;-0.93;38.10
48454;4;-4.96;38.11
48455;11;-3.86;38.11
48456;11;-2.57;38.10
48457;4;-1.61;38.11
48458;9;-2.87;38.11
48459;6;-6.46;38.10
48461;11;-4.64;38.10
48462;16;-4.54;38.16
48463;12;-4.08;38.10
48464;8;-3.15;38.10
48465;3;-1.06;38.10
48466;3;-6.65;38.09
48467;4;-6.51;38.10
48469;8;-3.65;38.09
48470;11;-2.83;38.14
48471;7;-2.81;38.12
48473;3;-2.69;38.09
48474;7;-2.51;38.09
48475;7;-0.91;38.10
48478;7;-6.26;38.09
48480;9;-6.12;38.09
48481;7;-6.10;38.09
48483;9;-6.07;38.09
48484;4;-6.05;38.09
48485;6;-6.03;38.09
48487;7;-5.81;38.09
48489;17;-5.53;38.09
48490;21;-5.48;38.09
48491;8;-5.38;38.09
48495;4;-4.69;38.09
48496;4;-4.67;38.09
48499;12;-4.54;38.09
48500;9;-4.09;38.09
48501;17;-3.72;38.09
48503;8;-3.58;38.09
48504;8;-3.55;38.09
48505;4;-3.52;38.09
48506;7;-2.95;38.09
48507;4;-2.93;38.09
48508;9;-2.86;38.09
48509;4;-2.80;38.09
48510;7;-2.53;38.09
48512;3;-1.87;38.09
48513;4;-1.57;38.09
48514;7;-1.01;38.10
48515;12;-0.97;38.09
48517;3;-3.96;38.10
48518;7;-6.68;38.09
48519;7;-6.29;38.09
48521;16;-4.04;38.09
48522;7;-4.01;38.09
48523;4;-0.77;38.09
48525;6;-6.05;38.08
48526;13;-5.95;38.08
48527;13;-5.89;38.08
48528;21;-5.39;38.08
48530;8;-3.41;38.10
48531;9;-2.77;38.09
48532;5;-2.75;38.10
48533;7;-2.68;38.11
48534;3;-2.62;38.09
48536;3;-6.66;38.08
48537;8;-6.65;38.08
48539;4;-6.26;38.08
48540;4;-6.11;38.08
48542;12;-5.84;38.08
48543;21;-5.44;38.08
48545;4;-4.94;38.08
48546;8;-4.93;38.08
48547;11;-4.70;38.08
48548;11;-4.60;38.08
48549;12;-4.53;38.08
48550;4;-4.44;38.08
48551;2;-4.16;38.08
48552;3;-4.00;38.08
48553;4;-3.85;38.08
48554;8;-3.83;38.08
48555;8;-3.60;38.08
48556;4;-3.49;38.08
48557;8;-3.35;38.08
48558;6;-2.91;38.10
48559;8;-2.89;38.08
48561;3;-2.48;38.08
48563;3;-1.90;38.08
48564;4;-1.59;38.08
48565;3;-0.94;38.08
48566;3;-0.91;38.08
48567;4;-0.70;38.09
48568;9;-6.31;38.08
48569;11;-5.92;38.08
48571;11;-2.87;38.08
48572;9;-2.65;38.09
48573;9;-6.01;38.11
48574;6;-5.97;38.08
48575;9;-5.75;38.08
48576;12;-4.56;38.07
48577;8;-4.47;38.07
48578;11;-2.95;38.08
48579;9;-2.83;38.08
48581;7;-2.68;38.08
48582;7;-2.44;38.08
48584;4;-0.98;38.08
48588;9;-6.28;38.07
48589;6;-6.25;38.07
48590;13;-5.89;38.07
48591;11;-5.86;38.08
48592;7;-5.81;38.07
48593;7;-5.76;38.07
48594;17;-5.39;38.07
48596;4;-4.98;38.07
48597;4;-4.70;38.07
48598;12;-4.51;38.07
48599;8;-4.44;38.07
48600;4;-4.40;38.07
48601;4;-4.16;38.07
48603;8;-3.85;38.07
48605;4;-2.95;38.07
48606;9;-2.92;38.07
48607;9;-2.89;38.07
48609;7;-2.75;38.07
48611;11;-2.56;38.07
48612;7;-2.50;38.07
48613;2;-2.48;38.07
48614;2;-2.45;38.07
48616;4;-1.61;38.07
48617;7;-1.05;38.07
48618;4;-4.28;38.10
48619;8;-6.62;38.08
48622;7;-6.35;38.08
48624;4;-0.75;38.07
48625;4;-6.08;38.07
48626;11;-5.95;38.06
48627;13;-5.94;38.06
48628;13;-3.70;38.06
48629;8;-3.62;38.06
48630;7;-2.97;38.06
48631;6;-2.80;38.07
48632;3;-2.72;38.07
48635;9;-6.30;38.06
48636;4;-6.14;38.06
48637;7;-6.13;38.06
48638;7;-6.10;38.06
48640;4;-5.97;38.06
48641;17;-5.62;38.06
48642;17;-5.40;38.06
48643;12;-5.38;38.06
48644;8;-4.88;38.06
48645;11;-4.66;38.06
48646;12;-4.59;38.06
48647;12;-4.49;38.07
48648;8;-4.45;38.06
48649;13;-4.17;38.06
48650;2;-4.16;38.06
48651;13;-4.09;38.06
48652;13;-4.05;38.06
48653;13;-4.03;38.06
48654;4;-3.86;38.06
48655;8;-3.59;38.06
48656;8;-3.32;38.06
48657;8;-3.18;38.06
48658;8;-3.16;38.06
48659;4;-2.92;38.06
48660;7;-2.91;38.06
48661;6;-2.84;38.06
48662;3;-2.75;38.06
48663;7;-2.70;38.06
48664;7;-2.66;38.06
48665;2;-2.47;38.06
48666;7;-2.46;38.06
48667;3;-2.45;38.06
48668;2;-2.44;38.06
48669;7;-1.01;38.06
48670;13;-4.15;38.08
48671;6;-6.14;38.07
48674;4;-4.68;38.06
48675;8;-4.43;38.06
48676;9;-4.11;38.06
48677;11;-2.95;38.06
48678;9;-2.94;38.06
48680;4;-0.81;38.06
48681;7;-0.74;38.06
48682;7;-6.35;38.05
48684;7;-6.08;38.05
48685;7;-6.00;38.05
48686;14;-5.88;38.05
48687;23;-5.42;38.05
48688;7;-5.14;38.05
48689;4;-4.98;38.05
48692;11;-4.67;38.05
48693;4;-4.29;38.05
48694;9;-4.23;38.05
48696;13;-4.16;38.05
48697;13;-4.04;38.05
48698;9;-4.03;38.05
48699;13;-3.75;38.05
48700;13;-3.68;38.05
48701;7;-2.92;38.05
48702;4;-2.89;38.05
48703;11;-2.88;38.05
48705;9;-2.74;38.05
48706;7;-2.72;38.05
48707;9;-2.70;38.05
48708;7;-2.69;38.05
48709;7;-2.58;38.05
48710;2;-2.45;38.05
48712;4;-1.53;38.05
48713;4;-0.99;38.05
48714;4;-0.79;38.05
48716;7;-0.72;38.05
48717;17;-5.68;38.07
48718;3;-2.23;38.10
48719;12;-6.69;38.07
48720;7;-2.61;38.07
48721;14;-5.86;38.05
48723;7;-4.81;38.05
48724;9;-2.86;38.05
48725;7;-1.92;38.08
48726;7;-5.96;38.05
48727;14;-5.92;38.05
48728;16;-5.88;38.05
48729;10;-5.76;38.05
48730;7;-5.75;38.05
48732;4;-4.00;38.05
48733;8;-3.66;38.05
48735;11;-2.99;38.05
48736;6;-2.97;38.05
48737;4;-2.79;38.06
48738;7;-7.10;38.04
48739;7;-6.65;38.04
48742;7;-6.07;38.04
48743;7;-6.05;38.04
48744;10;-5.98;38.04
48745;15;-5.67;38.04
48746;4;-4.95;38.04
48747;8;-4.93;38.04
48748;11;-4.64;38.04
48749;12;-4.53;38.04
48750;13;-4.09;38.04
48751;13;-4.03;38.04
48753;2;-3.90;38.04
48754;13;-3.70;38.04
48755;4;-3.47;38.04
48757;8;-3.30;38.04
48758;8;-3.18;38.04
48759;4;-3.07;38.05
48760;4;-2.92;38.04
48761;7;-2.88;38.04
48762;11;-2.85;38.04
48763;6;-2.83;38.04
48764;9;-2.80;38.04
48765;9;-2.77;38.04
48766;9;-2.72;38.04
48767;7;-2.70;38.04
48768;9;-2.67;38.05
48769;7;-2.66;38.04
48770;9;-2.64;38.04
48771;7;-2.60;38.04
48773;2;-2.46;38.04
48774;3;-2.45;38.04
48780;7;-0.95;38.04
48781;4;-0.82;38.04
48782;4;-0.80;38.04
48783;12;-0.73;38.04
48784;15;-5.39;38.05
48785;7;-4.73;38.05
48786;2;-2.54;38.08
48787;4;-6.06;38.05
48788;3;-0.94;38.04
48789;4;-6.33;38.04
48792;4;-4.77;38.09
48794;11;-4.60;38.04
48795;16;-4.59;38.04
48797;3;-2.37;38.04
48798;7;-7.13;38.03
48799;9;-6.03;38.04
48800;4;-5.99;38.03
48801;21;-5.50;38.03
48802;21;-5.46;38.03
48803;4;-4.98;38.03
48804;3;-4.81;38.03
48806;13;-4.63;38.03
48807;12;-4.56;38.03
48808;4;-4.44;38.04
48810;4;-4.27;38.03
48811;13;-4.23;38.03
48813;8;-4.09;38.03
48815;4;-4.05;38.03
48816;8;-3.94;38.03
48817;4;-3.86;38.03
48818;2;-3.85;38.03
48819;4;-3.62;38.03
48821;8;-3.32;38.03
48823;8;-3.21;38.03
48824;8;-3.11;38.03
48825;7;-2.86;38.03
48826;9;-2.83;38.03
48827;5;-2.77;38.03
48828;4;-2.75;38.03
48829;3;-2.58;38.03
48836;4;-0.79;38.03
48837;12;-0.75;38.03
48838;3;-0.70;38.03
48839;4;-6.75;38.29
48840;10;-5.82;38.05
48841;7;-6.72;38.04
48842;7;-2.75;38.04
48843;3;-0.90;38.04
48844;4;-0.67;38.04
48845;6;-5.24;38.10
48846;7;-2.94;38.03
48847;11;-2.91;38.04
48848;3;-2.08;38.04
48849;10;-6.01;38.03
48850;14;-5.97;38.03
48851;17;-5.72;38.03
48852;16;-4.87;38.07
48854;4;-3.10;38.03
48855;3;-2.88;38.03
48856;5;-2.85;38.03
48857;5;-2.81;38.03
48859;4;-2.70;38.03
48860;6;-2.67;38.03
48861;7;-2.12;38.03
48863;12;-0.72;38.03
48868;6;-6.06;38.02
48869;12;-6.04;38.02
48870;14;-5.99;38.02
48871;17;-5.65;38.02
48872;21;-5.39;38.02
48873;14;-5.38;38.02
48874;4;-4.99;38.02
48875;7;-5.00;38.07
48878;13;-4.49;38.02
48880;2;-4.43;38.02
48881;12;-4.42;38.02
48882;4;-4.37;38.02
48883;4;-4.31;38.02
48885;8;-4.18;38.02
48886;8;-4.05;38.02
48887;8;-3.91;38.02
48888;4;-3.72;38.02
48889;4;-3.67;38.03
48890;8;-3.49;38.02
48892;11;-2.97;38.03
48893;7;-2.89;38.03
48895;3;-2.84;38.02
48896;3;-2.79;38.02
48899;3;-2.39;38.02
48900;3;-2.35;38.02
48901;4;-1.62;38.02
48903;4;-1.53;38.02
48905;7;-0.97;38.02
48906;4;-0.80;38.02
48907;12;-0.69;38.02
48908;3;-0.68;38.02
48909;19;-5.45;38.06
48910;12;-5.80;38.03
48911;14;-5.87;38.03
48912;16;-5.86;38.02
48913;15;-5.69;38.03
48914;17;-5.58;38.03
48915;12;-6.64;38.03
48916;6;-6.24;38.02
48917;15;-5.57;38.11
48918;23;-5.50;38.02
48919;4;-4.20;38.02
48921;6;-2.73;38.02
48922;5;-2.65;38.02
48924;7;-1.88;38.02
48925;3;-1.44;38.02
48926;4;-6.56;38.01
48929;6;-6.40;38.01
48932;10;-5.99;38.01
48933;11;-5.96;38.01
48934;4;-5.94;38.01
48935;9;-5.75;38.02
48936;15;-5.72;38.01
48937;17;-5.70;38.01
48938;17;-5.62;38.01
48939;15;-5.59;38.01
48940;17;-5.52;38.01
48941;21;-5.44;38.01
48942;11;-5.20;38.01
48945;13;-4.50;38.01
48946;4;-4.47;38.01
48949;4;-3.79;38.01
48950;4;-3.70;38.01
48951;4;-3.62;38.01
48952;4;-3.41;38.01
48954;4;-3.39;38.01
48955;4;-3.35;38.01
48956;4;-3.05;38.01
48957;6;-2.95;38.01
48958;8;-2.94;38.01
48959;7;-2.91;38.01
48960;4;-2.90;38.01
48961;11;-2.89;38.01
48962;7;-2.87;38.01
48964;5;-2.79;38.01
48965;9;-2.76;38.01
48966;7;-2.68;38.01
48967;4;-2.66;38.01
48970;3;-2.12;38.01
48971;9;-2.09;38.01
48972;3;-2.04;38.01
48973;3;-1.89;38.01
48974;7;-0.95;38.01
48976;3;-0.88;38.01
48977;7;-0.68;38.01
48978;7;-6.81;38.06
48979;9;-6.10;38.03
48980;7;-6.31;38.03
48981;18;-5.92;38.02
48982;4;-3.89;38.02
48983;4;-3.83;38.02
48985;3;-1.10;38.02
48986;12;-6.73;38.01
48988;9;-6.21;38.01
48989;10;-6.04;38.01
48990;14;-5.91;38.01
48992;15;-5.15;38.01
48993;17;-4.55;38.01
48995;4;-3.64;38.01
48998;4;-1.56;38.05
48999;4;-0.77;38.01
49000;7;-6.70;38.01
49001;11;-6.37;38.01
49002;4;-6.35;38.01
49003;7;-6.08;38.01
49004;12;-6.06;38.01
49005;14;-5.86;38.01
49006;9;-5.84;38.01
49007;7;-5.83;38.01
49008;10;-5.82;38.01
49009;16;-5.80;38.01
49010;13;-5.78;38.01
49011;11;-5.76;38.01
49012;7;-5.71;38.01
49013;9;-5.70;38.01
49014;9;-5.65;38.01
49015;7;-5.57;38.01
49016;12;-5.53;38.01
49017;12;-5.48;38.01
49018;10;-5.46;38.01
49019;7;-5.29;38.01
49020;12;-4.47;38.01
49021;8;-4.08;38.01
49022;8;-3.90;38.01
49023;8;-3.26;38.01
49024;8;-3.11;38.01
49025;4;-3.10;38.01
49026;12;-3.01;38.01
49027;8;-2.99;38.01
49028;8;-2.97;38.01
49029;11;-2.91;38.01
49030;4;-2.89;38.01
49031;3;-2.88;38.01
49032;2;-2.86;38.01
49033;7;-2.85;38.01
49035;4;-2.73;38.01
49037;9;-2.68;38.01
49038;7;-2.66;38.01
49039;4;-2.03;38.01
49041;7;-1.87;38.01
49043;3;-1.46;38.01
49044;7;-1.06;38.01
49045;3;-0.89;38.01
49047;7;-0.69;38.01
49048;4;-6.21;38.05
49049;10;-6.91;38.06
49050;7;-6.16;38.02
49051;11;-4.86;38.01
49052;4;-0.82;38.01
49053;13;-4.57;38.01
49054;8;-6.39;38.00
49055;9;-6.32;38.00
49056;14;-6.01;38.01
49057;9;-5.72;38.00
49058;8;-4.90;38.01
49060;4;-3.80;38.00
49061;4;-3.78;38.00
49062;3;-1.41;38.01
49063;4;-0.98;38.00
49065;4;-6.48;38.00
49066;4;-6.38;38.00
49067;9;-6.37;38.00
49068;11;-6.27;38.00
49069;6;-6.26;38.00
49070;7;-6.21;38.00
49071;9;-6.09;38.00
49072;10;-6.06;38.00
49073;12;-6.05;38.00
49074;16;-6.03;38.00
49075;10;-6.01;38.00
49076;19;-5.89;38.00
49077;13;-5.83;38.00
49078;7;-5.81;38.00
49079;13;-5.80;38.00
49080;11;-5.78;38.00
49081;7;-5.63;38.00
49082;7;-5.61;38.00
49084;7;-5.55;38.00
49085;9;-5.54;38.00
49086;10;-5.48;38.00
49087;4;-5.29;38.00
49088;8;-4.87;38.00
49089;8;-4.55;38.00
49090;13;-4.54;38.00
49091;9;-4.53;38.00
49092;4;-3.74;38.00
49094;4;-3.62;38.00
49095;8;-3.16;38.00
49096;4;-3.00;38.00
49101;3;-1.45;38.00
49103;7;-0.95;38.00
49104;3;-0.87;38.00
49105;4;-0.75;38.00
49106;9;-0.70;38.00
49107;8;-3.97;38.02
49108;4;-6.50;38.06
49109;2;-4.68;38.12
49110;4;-5.96;38.00
49111;7;-2.07;38.01
49112;4;-1.91;38.01
49113;3;-1.85;38.02
49114;4;-5.31;37.99
49116;17;-4.56;37.99
49117;4;-3.68;38.00
49119;8;-2.92;37.99
49120;7;-2.76;38.00
49121;6;-2.73;37.99
49122;4;-1.02;38.03
49123;7;-6.15;37.99
49124;14;-6.04;37.99
49125;16;-6.02;37.99
49126;7;-5.96;37.99
49127;19;-5.88;37.99
49128;7;-5.82;37.99
49129;7;-5.80;37.99
49130;7;-5.73;37.99
49131;12;-5.71;37.99
49132;7;-5.58;37.99
49133;10;-5.51;38.00
49134;7;-5.49;37.99
49135;9;-5.48;37.99
49136;12;-5.29;37.99
49137;8;-4.74;37.99
49138;4;-4.68;37.99
49140;13;-4.55;37.99
49141;17;-4.54;37.99
49143;8;-4.05;37.99
49144;8;-3.89;37.99
49146;8;-3.13;37.99
49147;4;-3.08;37.99
49148;8;-2.99;37.99
49149;4;-2.90;37.99
49154;7;-1.84;37.99
49156;3;-0.92;38.00
49157;6;-6.41;37.99
49158;4;-6.30;37.99
49159;16;-5.98;37.99
49160;23;-5.91;37.99
49162;16;-5.27;37.99
49163;3;-2.86;37.99
49165;7;-7.24;37.99
49166;4;-6.74;37.98
49167;6;-6.47;37.99
49168;13;-5.75;37.99
49169;4;-4.65;37.98
49170;9;-4.51;37.98
49171;12;-4.46;37.98
49172;8;-2.96;37.98
49173;4;-0.97;37.98
49174;3;-0.84;37.99
49175;7;-6.79;37.98
49176;7;-6.77;37.98
49177;4;-6.76;37.98
49178;4;-6.43;37.98
49182;9;-6.31;37.98
49183;13;-5.96;37.98
49184;19;-5.95;37.98
49185;23;-5.94;37.98
49186;4;-5.93;37.98
49187;19;-5.89;37.98
49188;19;-5.86;37.98
49189;10;-5.31;37.98
49190;4;-5.29;37.98
49191;15;-5.16;37.98
49192;4;-4.80;37.98
49194;9;-4.54;37.98
49195;17;-4.48;37.98
49198;4;-3.76;37.98
49199;8;-3.16;37.98
49200;2;-2.84;38.00
49201;2;-2.82;37.98
49202;3;-2.67;37.98
49206;4;-1.94;37.98
49208;3;-1.11;37.98
49209;4;-2.96;38.00
49210;11;-6.36;37.98
49211;14;-6.00;37.98
49212;16;-5.24;37.98
49213;9;-0.81;37.98
49214;6;-6.43;37.97
49215;4;-6.34;37.97
49216;10;-6.09;37.98
49217;25;-5.84;37.97
49218;13;-5.81;37.98
49219;7;-5.78;37.98
49220;12;-5.73;37.97
49221;12;-5.34;37.97
49223;8;-3.25;37.98
49224;3;-1.41;37.97
49225;3;-0.87;37.97
49227;9;-6.37;37.97
49228;11;-6.33;37.97
49230;9;-6.29;37.97
49231;4;-6.27;37.97
49232;4;-6.21;37.97
49233;7;-6.14;37.97
49234;12;-6.07;37.98
49235;10;-5.99;37.97
49236;14;-5.97;37.97
49237;11;-5.96;37.97
49238;25;-5.95;37.97
49239;13;-5.83;37.97
49241;7;-5.74;37.97
49242;16;-5.26;37.97
49243;4;-4.88;37.97
49245;2;-4.40;37.97
49246;8;-3.99;37.97
49249;8;-2.95;37.97
49250;7;-2.86;37.97
49251;3;-2.85;37.97
49252;2;-2.83;37.97
49253;7;-2.72;37.97
49254;3;-2.60;37.97
49259;4;-0.95;37.97
49260;3;-0.89;37.97
49261;9;-0.78;37.97
49262;9;-0.75;37.97
49263;4;-0.74;37.97
49264;17;-4.58;37.99
49266;12;-5.66;37.98
49267;4;-4.62;37.98
49268;9;-2.71;37.98
49269;4;-1.03;37.97
49272;9;-6.74;37.99
49273;12;-5.28;37.97
49274;4;-5.25;37.96
49276;8;-3.91;37.97
49277;4;-3.70;37.96
49280;9;-6.35;37.96
49282;7;-6.12;37.96
49283;16;-6.01;37.96
49284;23;-5.95;37.96
49285;14;-5.83;37.96
49286;13;-5.81;37.96
49287;11;-5.78;37.96
49288;7;-5.62;37.96
49289;7;-5.59;37.96
49291;12;-5.51;37.96
49292;4;-5.29;37.96
49293;14;-5.26;37.96
49294;14;-5.24;37.96
49295;4;-5.23;37.96
49296;17;-4.56;37.96
49298;8;-4.03;37.96
49299;2;-3.85;37.96
49300;4;-3.84;37.96
49301;4;-3.61;37.96
49302;8;-3.56;37.96
49304;4;-3.05;37.96
49305;4;-2.89;37.96
49306;4;-2.72;37.96
49307;9;-2.69;37.96
49308;3;-2.63;37.96
49312;4;-1.01;37.96
49313;3;-0.84;37.96
49314;9;-5.59;37.98
49315;23;-5.86;37.97
49316;4;-2.75;37.97
49317;4;-6.20;37.95
49318;9;-6.15;37.98
49319;10;-6.07;37.96
49320;16;-6.04;37.96
49321;18;-5.99;37.96
49322;15;-5.96;37.95
49323;9;-5.80;37.95
49324;4;-3.08;37.95
49325;4;-2.95;37.95
49326;8;-2.93;37.96
49327;6;-2.73;37.95
49329;4;-1.06;37.95
49331;9;-6.75;37.95
49332;4;-6.51;37.95
49333;6;-6.41;37.95
49334;9;-6.37;37.95
49336;4;-6.16;37.95
49337;19;-5.97;37.95
49338;7;-5.78;37.95
49340;12;-5.67;37.95
49342;4;-5.62;37.95
49343;7;-5.61;37.95
49345;7;-5.58;37.95
49346;10;-5.57;37.95
49348;14;-5.21;37.99
49349;14;-5.14;37.95
49351;4;-4.59;37.95
49352;17;-4.57;37.95
49354;4;-4.24;37.95
49356;4;-3.86;37.97
49358;4;-3.81;37.95
49359;4;-3.74;37.95
49360;4;-3.65;37.95
49362;4;-3.59;37.95
49363;8;-3.35;37.95
49364;8;-3.22;37.95
49366;8;-3.18;37.95
49367;8;-3.11;37.95
49368;6;-2.91;37.97
49369;3;-2.80;37.98
49370;9;-2.70;37.95
49371;7;-2.68;37.98
49372;3;-2.65;37.95
49373;3;-2.60;37.95
49376;2;-2.51;37.95
49379;3;-1.48;37.97
49380;4;-0.99;37.96
49381;3;-0.86;37.95
49382;9;-0.80;37.95
49383;9;-0.77;37.95
49384;10;-6.02;37.97
49386;4;-6.44;37.96
49387;3;-2.39;38.01
49388;8;-3.31;37.95
49389;8;-3.14;37.96
49390;6;-6.47;37.94
49391;6;-6.38;37.95
49392;11;-6.30;37.96
49393;4;-6.24;37.95
49394;13;-4.94;37.94
49396;3;-2.46;37.95
49397;7;-2.33;37.95
49399;4;-6.75;37.94
49400;8;-6.44;37.94
49401;4;-6.33;37.94
49402;4;-6.31;37.94
49404;4;-6.28;37.94
49405;10;-6.07;37.94
49406;12;-6.06;37.94
49407;19;-5.99;37.94
49408;13;-5.96;37.94
49409;12;-5.65;37.94
49410;9;-5.64;37.94
49411;7;-5.38;37.94
49412;14;-5.19;37.94
49413;14;-5.16;37.94
49414;8;-4.95;37.94
49415;4;-4.64;37.94
49416;16;-4.65;37.99
49417;13;-4.54;37.96
49418;17;-4.49;37.94
49419;2;-4.43;37.94
49421;8;-3.91;37.94
49423;9;-3.80;37.94
49426;11;-3.36;37.94
49429;7;-2.79;37.94
49430;2;-2.78;37.94
49431;5;-2.73;37.94
49433;4;-2.33;37.94
49435;4;-1.62;37.94
49436;3;-1.46;37.94
49437;3;-1.41;37.94
49438;7;-1.06;37.94
49439;4;-0.75;37.94
49440;15;-5.06;37.97
49441;7;-5.46;37.96
49442;11;-4.73;38.00
49446;23;-5.90;37.95
49447;10;-5.69;37.96
49450;12;-5.83;37.94
49451;10;-5.51;37.95
49452;16;-5.21;37.94
49454;7;-1.02;37.94
49455;7;-0.97;37.94
49456;9;-6.73;37.94
49457;4;-6.36;37.94
49458;7;-6.14;37.94
49459;15;-5.98;37.94
49460;7;-4.82;37.97
49462;8;-3.13;37.94
49463;4;-2.85;37.94
49464;5;-2.51;37.94
49466;4;-0.83;37.94
49469;4;-6.32;37.93
49470;11;-6.31;37.93
49471;9;-6.28;37.93
49472;9;-6.14;37.93
49473;10;-6.06;37.93
49474;21;-5.88;37.93
49475;23;-5.86;37.93
49476;9;-5.65;37.93
49478;12;-5.52;37.93
49479;7;-5.49;37.93
49480;14;-5.18;37.93
49481;12;-5.11;37.98
49482;4;-4.86;37.93
49483;8;-4.79;37.93
49484;3;-4.74;37.93
49485;8;-4.64;37.93
49486;9;-3.87;37.93
49488;8;-3.78;37.94
49489;2;-3.30;37.93
49491;8;-3.02;37.93
49493;3;-2.80;37.93
49494;2;-2.79;37.93
49496;3;-2.41;37.93
49497;7;-2.40;37.93
49499;11;-2.34;37.93
49501;3;-0.86;37.93
49502;12;-6.80;37.97
49503;11;-5.79;37.94
49504;11;-5.74;37.94
49505;7;-6.55;37.97
49506;14;-6.04;37.93
49507;9;-5.60;37.93
49508;12;-5.54;37.96
49510;8;-3.21;37.93
49514;8;-6.41;37.93
49515;4;-6.39;37.93
49516;4;-6.21;37.93
49517;9;-5.81;37.93
49518;10;-5.56;37.93
49519;8;-4.81;37.93
49520;4;-4.77;37.93
49521;15;-2.94;37.93
49522;2;-2.82;37.94
49523;5;-2.72;37.93
49524;9;-2.45;37.93
49526;3;-1.31;37.93
49529;8;-6.44;37.92
49530;4;-6.43;37.92
49531;6;-6.20;37.92
49532;9;-6.15;37.92
49533;12;-6.14;37.92
49534;10;-6.13;37.92
49535;10;-6.03;37.92
49536;7;-6.00;37.92
49537;11;-5.99;37.92
49538;19;-5.97;37.92
49539;14;-5.96;37.92
49540;23;-5.93;37.92
49541;14;-5.83;37.92
49542;11;-5.76;37.92
49544;7;-5.59;37.92
49545;7;-5.57;37.92
49546;10;-5.52;37.92
49547;12;-5.51;37.92
49548;16;-5.23;37.92
49549;16;-5.18;37.92
49554;7;-3.35;37.92
49556;4;-3.23;37.92
49557;4;-3.10;37.92
49558;15;-2.99;37.92
49559;15;-2.92;37.92
49560;4;-2.88;37.92
49561;5;-2.75;37.93
49562;3;-2.66;37.92
49563;3;-2.60;37.92
49564;5;-2.50;37.92
49565;3;-2.46;37.92
49567;7;-2.37;37.93
49568;11;-2.35;37.92
49575;3;-0.88;37.92
49576;9;-6.35;37.93
49577;8;-3.98;37.93
49578;4;-3.31;37.92
49579;11;-7.22;37.95
49581;4;-4.32;37.92
49582;7;-1.75;37.92
49586;7;-6.37;37.91
49587;12;-6.10;37.94
49588;15;-6.00;37.91
49589;19;-5.99;37.91
49590;22;-5.97;37.91
49591;18;-5.96;37.91
49592;23;-5.95;37.91
49593;12;-5.83;37.91
49594;7;-5.81;37.91
49595;9;-5.80;37.91
49598;12;-5.58;37.91
49599;12;-5.56;37.91
49600;4;-5.23;37.91
49601;4;-4.93;37.91
49602;4;-4.88;37.91
49604;4;-4.35;37.91
49606;4;-3.47;37.91
49607;3;-3.42;37.91
49608;7;-3.39;37.91
49610;7;-3.36;37.91
49611;8;-3.22;37.91
49612;8;-3.20;37.91
49613;8;-3.11;37.91
49614;3;-2.99;37.91
49615;15;-2.96;37.91
49616;3;-2.82;37.91
49625;3;-0.94;37.91
49626;7;-0.93;37.91
49628;3;-0.87;37.91
49629;7;-2.84;37.93
49630;5;-2.60;37.94
49631;16;-6.02;37.93
49633;8;-4.43;37.96
49634;23;-5.87;37.91
49636;7;-6.15;37.91
49637;14;-6.03;37.91
49638;23;-5.90;37.91
49639;17;-5.53;37.91
49640;11;-4.96;37.97
49641;13;-3.90;37.91
49642;4;-3.14;37.91
49646;7;-0.96;37.91
49650;17;-5.99;37.90
49651;20;-5.97;37.90
49652;16;-5.96;37.90
49653;21;-5.95;37.90
49655;12;-5.39;37.90
49656;4;-5.21;37.90
49657;4;-4.99;37.90
49659;4;-4.92;37.90
49660;4;-4.86;37.90
49663;8;-4.32;37.90
49664;8;-3.93;37.90
49665;8;-3.79;37.90
49666;8;-3.64;37.90
49668;7;-3.37;37.90
49669;4;-3.25;37.90
49670;8;-3.17;37.90
49671;4;-3.11;37.90
49672;3;-2.98;37.90
49673;2;-2.83;37.90
49680;4;-1.63;37.90
49682;3;-1.30;37.90
49685;3;-1.01;37.92
49687;7;-0.94;37.90
49689;3;-2.63;37.92
49690;3;-0.91;37.93
49691;21;-5.85;37.91
49692;14;-5.03;37.95
49693;9;-6.37;37.90
49694;23;-5.93;37.90
49695;8;-4.12;37.90
49696;2;-2.96;37.90
49697;4;-2.88;37.90
49698;4;-1.59;37.90
49699;3;-1.37;37.91
49702;4;-6.39;37.90
49703;6;-6.26;37.90
49704;4;-6.24;37.90
49705;14;-6.01;37.90
49706;23;-5.95;37.90
49707;19;-5.94;37.90
49708;23;-5.88;37.90
49709;19;-5.86;37.90
49711;9;-5.62;37.90
49712;12;-5.54;37.90
49713;12;-5.38;37.90
49715;4;-5.00;37.90
49718;8;-3.99;37.90
49719;13;-3.80;37.90
49721;8;-3.01;37.90
49722;3;-2.97;37.90
49723;3;-2.75;37.90
49725;5;-2.63;37.90
49727;5;-2.60;37.90
49728;3;-2.13;37.90
49730;7;-1.75;37.90
49732;7;-1.64;37.90
49734;4;-1.29;37.90
49736;3;-1.04;37.90
49737;7;-0.95;37.90
49738;7;-0.92;37.90
49739;4;-6.27;37.91
49740;9;-3.83;37.92
49741;7;-6.32;37.90
49742;12;-5.51;37.90
49743;12;-5.42;37.90
49745;15;-5.99;37.89
49746;18;-5.97;37.89
49748;3;-2.77;37.89
49750;5;-2.65;37.89
49751;3;-1.31;37.89
49752;7;-6.88;37.89
49755;8;-6.64;37.89
49756;8;-6.58;37.89
49757;9;-6.29;37.89
49759;20;-6.01;37.89
49760;11;-6.00;37.89
49761;19;-5.95;37.89
49762;23;-5.94;37.89
49763;19;-5.93;37.89
49764;19;-5.84;37.89
49767;17;-5.50;37.89
49769;4;-4.41;37.89
49771;8;-4.30;37.89
49772;8;-3.91;37.89
49773;8;-3.67;37.89
49774;8;-3.62;37.89
49777;4;-3.22;37.89
49778;11;-3.02;37.89
49779;5;-3.01;37.89
49780;15;-2.92;37.89
49781;3;-2.91;37.89
49783;5;-2.67;37.89
49784;3;-2.66;37.89
49785;5;-2.62;37.89
49790;7;-1.61;37.89
49792;4;-0.95;37.89
49793;7;-0.88;37.89
49795;6;-6.41;37.90
49796;7;-6.37;37.89
49800;11;-5.97;37.88
49802;8;-3.74;37.89
49803;3;-3.38;37.89
49806;3;-2.49;37.88
49807;8;-6.62;37.88
49809;9;-6.38;37.88
49810;7;-6.29;37.88
49811;6;-6.20;37.88
49812;14;-6.01;37.88
49813;23;-5.95;37.88
49814;23;-5.93;37.88
49815;11;-5.92;37.88
49816;17;-5.51;37.88
49817;15;-5.50;37.88
49821;8;-3.92;37.88
49822;9;-3.84;37.88
49823;8;-3.66;37.88
49824;8;-3.59;37.88
49825;4;-3.46;37.88
49826;4;-3.17;37.88
49827;8;-3.10;37.88
49829;13;-3.02;37.88
49830;11;-3.01;37.88
49831;2;-2.97;37.88
49832;15;-2.96;37.88
49834;15;-2.91;37.88
49835;3;-2.90;37.88
49836;3;-2.78;37.88
49837;3;-2.76;37.88
49838;5;-2.66;37.88
49839;3;-2.53;37.88
49840;9;-2.52;37.88
49842;3;-2.15;37.88
49846;3;-1.32;37.88
49847;10;-5.46;37.89
49848;15;-2.99;37.89
49849;7;-5.79;37.89
49852;3;-1.40;37.88
49853;8;-6.56;37.87
49856;17;-5.99;37.87
49857;14;-5.96;37.87
49859;4;-5.01;37.87
49860;3;-3.44;37.87
49861;2;-2.92;37.87
49862;5;-2.74;37.89
49865;7;-0.91;37.87
49867;11;-6.00;37.87
49868;18;-5.97;37.87
49869;25;-5.95;37.87
49875;8;-4.31;37.87
49876;8;-3.77;37.87
49878;13;-3.03;37.87
49879;5;-3.01;37.87
49880;15;-2.97;37.87
49881;2;-2.96;37.87
49882;3;-2.91;37.87
49883;15;-2.90;37.87
49884;3;-2.89;37.87
49885;3;-2.75;37.87
49887;9;-2.53;37.87
49888;3;-2.47;37.87
49889;9;-2.12;37.87
49891;4;-1.80;37.87
49892;7;-2.09;37.88
49893;14;-5.56;37.89
49894;4;-1.75;37.87
49895;9;-6.33;37.87
49897;8;-4.29;37.86
49898;4;-3.56;37.86
49899;4;-3.15;37.86
49900;7;-2.47;37.91
49901;4;-0.88;37.86
49903;4;-6.33;37.86
49904;14;-6.00;37.86
49905;19;-5.95;37.86
49906;21;-5.93;37.86
49907;19;-5.88;37.86
49908;7;-5.76;37.86
49909;12;-5.61;37.86
49910;17;-5.50;37.86
49911;10;-5.49;37.86
49912;4;-5.38;37.86
49919;4;-4.05;37.86
49920;8;-3.71;37.86
49921;7;-3.42;37.86
49923;4;-3.17;37.86
49924;3;-3.02;37.86
49925;5;-2.99;37.86
49926;15;-2.92;37.86
49928;11;-2.89;37.86
49929;7;-2.81;37.89
49931;7;-2.47;37.86
49932;9;-2.06;37.86
49933;6;-2.00;37.86
49934;4;-1.81;37.86
49935;6;-6.22;37.94
49936;12;-5.35;37.87
49937;4;-0.94;37.86
49938;8;-4.97;37.89
49939;2;-2.98;37.86
49940;2;-2.88;37.91
49941;16;-5.19;37.86
49942;4;-4.88;37.88
49943;8;-3.75;37.85
49945;4;-3.22;37.85
49948;4;-1.23;37.89
49949;7;-7.16;37.85
49950;4;-6.32;37.85
49951;9;-6.27;37.85
49952;19;-5.89;37.85
49953;7;-5.83;37.85
49954;7;-5.75;37.85
49955;9;-5.57;37.85
49956;14;-5.54;37.85
49957;15;-5.52;37.85
49958;14;-5.51;37.85
49960;10;-5.42;37.85
49961;4;-5.36;37.85
49963;4;-4.88;37.85
49964;8;-4.52;37.87
49965;4;-4.41;37.85
49966;8;-4.38;37.85
49967;2;-4.32;37.85
49968;8;-4.25;37.85
49969;8;-3.78;37.85
49971;11;-3.64;37.85
49972;11;-3.61;37.85
49973;11;-3.43;37.85
49975;2;-2.94;37.85
49976;11;-2.91;37.85
49977;5;-2.89;37.85
49980;7;-2.48;37.85
49982;7;-2.14;37.85
49983;5;-2.06;37.85
49984;5;-2.03;37.85
49985;3;-2.02;37.85
49987;7;-1.40;37.85
49988;3;-1.36;37.85
49989;10;-6.90;37.88
49990;8;-2.24;37.92
49991;5;-2.76;37.86
49992;16;-5.97;37.85
49994;10;-5.28;37.98
49995;11;-3.00;37.85
49996;3;-2.73;37.85
50000;12;-5.45;37.86
50001;14;-5.22;37.89
50003;2;-2.67;37.85
50004;5;-2.59;37.85
50005;9;-2.46;37.86
50006;3;-2.15;37.85
50008;9;-6.28;37.84
50009;7;-6.16;37.84
50010;13;-5.97;37.84
50011;11;-5.90;37.84
50012;21;-5.89;37.84
50013;19;-5.88;37.84
50014;9;-5.58;37.84
50015;15;-5.51;37.84
50016;10;-5.45;37.84
50017;10;-5.39;37.84
50018;14;-5.38;37.84
50019;12;-5.27;37.84
50020;16;-5.26;37.84
50022;2;-4.38;37.84
50023;8;-4.24;37.84
50024;11;-3.52;37.84
50025;11;-3.48;37.84
50026;8;-3.29;37.84
50028;8;-3.23;37.84
50029;4;-3.20;37.84
50032;7;-2.89;37.84
50033;3;-2.86;37.84
50035;7;-2.47;37.84
50038;11;-1.36;37.84
50040;3;-1.33;37.84
50041;11;-1.30;37.84
50042;11;-5.10;37.88
50043;5;-2.94;37.87
50044;21;-5.94;37.84
50045;7;-5.67;37.89
50048;9;-5.82;37.86
50049;7;-5.78;37.84
50050;12;-5.61;37.84
50051;17;-5.50;37.84
50052;16;-5.36;37.84
50054;4;-5.04;37.85
50057;8;-3.81;37.84
50059;4;-3.16;37.84
50060;7;-3.02;37.84
50061;5;-2.57;37.84
50063;7;-1.20;37.84
50065;12;-6.05;37.83
50066;14;-5.96;37.83
50067;21;-5.90;37.83
50068;19;-5.89;37.83
50069;19;-5.86;37.83
50071;9;-5.59;37.83
50072;21;-5.43;37.83
50075;11;-5.18;37.83
50076;9;-5.17;37.83
50081;2;-4.31;37.83
50084;11;-3.51;37.83
50085;7;-3.48;37.83
50086;8;-3.28;37.83
50087;8;-3.08;37.83
50088;11;-3.01;37.83
50089;2;-2.88;37.83
50090;5;-2.78;37.83
50094;9;-2.48;37.83
50095;7;-2.46;37.83
50096;3;-2.01;37.83
50097;11;-1.37;37.83
50099;7;-1.15;37.83
50101;3;-1.58;37.88
50102;4;-6.20;37.86
50104;7;-1.24;37.83
50105;12;-5.55;37.84
50106;21;-5.48;37.83
50107;16;-5.38;37.83
50108;13;-5.28;37.83
50109;11;-5.21;37.83
50110;13;-5.19;37.83
50111;4;-5.01;37.83
50113;11;-3.66;37.83
50114;7;-2.09;37.83
50115;4;-1.79;37.83
50117;12;-5.74;37.82
50118;14;-5.51;37.82
50119;15;-5.50;37.82
50120;21;-5.39;37.82
50121;13;-5.24;37.82
50123;7;-5.17;37.82
50124;8;-5.04;37.82
50129;2;-4.40;37.82
50131;2;-4.32;37.82
50132;8;-4.13;37.82
50135;8;-3.30;37.82
50136;8;-3.24;37.82
50137;8;-3.21;37.82
50139;4;-3.17;37.82
50141;8;-3.09;37.82
50142;4;-3.02;37.82
50143;9;-3.01;37.82
50144;11;-2.94;37.83
50146;5;-2.73;37.82
50147;2;-2.61;37.83
50149;3;-2.19;37.82
50150;9;-2.18;37.82
50152;3;-1.19;37.82
50154;7;-1.13;37.83
50155;19;-5.93;37.84
50156;5;-2.98;37.83
50157;7;-2.12;37.83
50158;14;-5.34;37.83
50159;11;-5.07;37.82
50161;4;-3.14;37.82
50162;7;-2.89;37.82
50163;3;-2.80;37.83
50164;7;-2.50;37.82
50165;3;-2.14;37.82
50166;7;-1.17;37.82
50169;17;-6.08;37.81
50170;13;-5.96;37.81
50171;21;-5.94;37.81
50172;4;-5.93;37.81
50173;4;-5.73;37.81
50175;14;-5.38;37.81
50176;7;-5.24;37.81
50177;9;-5.23;37.81
50178;11;-5.10;37.81
50179;4;-5.06;37.81
50180;4;-5.01;37.81
50182;8;-4.40;37.81
50184;2;-4.34;37.81
50185;8;-4.22;37.81
50186;4;-3.97;37.81
50188;8;-3.72;37.81
50189;8;-3.27;37.81
50190;8;-3.23;37.81
50191;8;-3.20;37.81
50192;4;-3.07;37.81
50193;11;-3.05;37.81
50194;11;-3.01;37.81
50195;3;-2.88;37.81
50199;7;-1.79;37.81
50200;3;-1.32;37.81
50201;3;-1.20;37.81
50203;10;-6.08;37.87
50204;11;-5.98;37.82
50207;10;-5.74;37.87
50209;15;-5.71;37.81
50210;11;-5.30;37.82
50211;9;-5.17;37.81
50212;2;-4.38;37.81
50213;2;-4.31;37.81
50214;11;-3.38;37.83
50215;4;-3.28;37.81
50216;9;-3.03;37.81
50217;13;-2.99;37.81
50219;5;-2.92;37.82
50220;17;-6.05;37.80
50221;14;-6.00;37.80
50222;19;-5.84;37.80
50223;12;-5.54;37.80
50225;11;-5.08;37.80
50227;4;-5.03;37.80
50231;4;-3.94;37.80
50235;11;-3.35;37.80
50236;8;-3.29;37.80
50238;8;-3.21;37.80
50239;4;-3.13;37.80
50241;11;-3.07;37.80
50242;4;-3.02;37.80
50243;9;-3.01;37.80
50244;11;-2.98;37.80
50245;7;-2.91;37.80
50246;3;-2.89;37.80
50249;3;-2.09;37.84
50250;3;-2.06;37.80
50251;7;-1.82;37.80
50252;11;-1.37;37.80
50253;7;-1.15;37.80
50255;4;-6.29;37.82
50256;9;-5.25;37.82
50257;8;-3.77;37.82
50258;8;-1.76;37.83
50260;19;-5.94;37.80
50262;4;-5.92;37.80
50263;9;-5.21;37.80
50264;4;-3.49;37.81
50265;2;-3.17;37.81
50267;7;-1.11;37.81
50271;16;-6.00;37.80
50272;19;-5.86;37.80
50273;4;-5.71;37.80
50274;15;-5.65;37.80
50276;19;-5.42;37.80
50277;9;-5.19;37.80
50278;4;-5.11;37.80
50279;11;-5.10;37.80
50283;11;-3.41;37.80
50284;4;-3.30;37.80
50285;7;-3.28;37.80
50287;8;-3.20;37.80
50288;4;-3.14;37.80
50289;9;-3.04;37.80
50290;13;-3.02;37.80
50292;7;-2.95;37.80
50293;5;-2.91;37.80
50294;7;-2.89;37.80
50296;7;-1.83;37.80
50297;8;-1.37;37.80
50298;11;-1.36;37.80
50300;19;-5.45;37.82
50302;3;-2.75;37.80
50303;11;-1.32;37.81
50304;19;-5.39;37.79
50305;11;-5.35;37.80
50307;3;-2.97;37.80
50308;3;-2.77;37.79
50311;21;-5.94;37.79
50312;4;-5.90;37.79
50313;19;-5.88;37.79
50314;15;-5.71;37.79
50315;12;-5.50;37.80
50317;4;-5.42;37.79
50318;13;-5.36;37.79
50319;9;-5.20;37.79
50321;8;-5.07;37.79
50325;8;-4.22;37.79
50328;7;-3.42;37.79
50329;4;-3.35;37.79
50330;11;-3.28;37.79
50331;4;-3.11;37.79
50332;9;-3.02;37.79
50333;7;-2.96;37.79
50334;3;-2.91;37.79
50335;2;-2.88;37.79
50340;12;-6.02;37.80
50341;12;-5.79;37.80
50342;3;-1.97;37.81
50343;11;-3.24;37.79
50344;10;-6.04;37.79
50345;2;-2.99;37.79
50348;4;-2.01;37.95
50351;4;-5.69;37.78
50352;2;-3.03;37.78
50353;5;-2.92;37.78
50354;5;-2.89;37.78
50355;3;-2.04;37.78
50358;7;-6.01;37.78
50359;11;-6.00;37.78
50360;19;-5.89;37.78
50361;15;-5.70;37.78
50363;19;-5.44;37.78
50364;4;-5.43;37.78
50365;13;-5.33;37.78
50366;4;-5.19;37.78
50367;4;-5.17;37.78
50369;7;-5.12;37.78
50372;2;-4.48;37.78
50373;8;-4.35;37.78
50375;8;-4.21;37.78
50377;15;-3.60;37.78
50378;7;-3.53;37.78
50379;11;-3.34;37.78
50380;8;-3.32;37.79
50381;4;-3.30;37.78
50382;6;-3.14;37.78
50383;8;-3.11;37.78
50384;4;-3.10;37.78
50385;7;-2.97;37.78
50389;3;-2.13;37.78
50390;5;-2.10;37.78
50391;7;-2.09;37.78
50394;4;-1.18;37.78
50395;7;-1.14;37.78
50398;7;-2.16;37.80
50399;3;-1.26;37.81
50400;11;-5.14;37.80
50401;8;-1.83;37.82
50402;14;-5.54;37.80
50403;4;-1.70;37.80
50404;4;-5.06;37.78
50405;8;-4.32;37.81
50406;8;-4.18;37.78
50407;11;-3.37;37.78
50408;7;-3.00;37.78
50409;8;-1.89;37.78
50410;11;-1.79;37.79
50411;19;-5.93;37.78
50412;21;-5.91;37.77
50413;19;-5.42;37.77
50414;4;-5.10;37.77
50416;4;-4.37;37.77
50418;11;-3.43;37.77
50420;7;-6.00;37.77
50421;11;-5.90;37.77
50422;12;-5.77;37.77
50423;12;-5.52;37.77
50424;16;-5.49;37.78
50425;4;-5.47;37.77
50429;7;-5.13;37.77
50434;8;-3.85;37.77
50435;15;-3.62;37.77
50436;7;-3.59;37.77
50438;2;-3.47;37.77
50439;4;-3.18;37.77
50441;2;-3.11;37.77
50443;9;-3.03;37.77
50444;3;-3.02;37.77
50446;5;-2.88;37.77
50449;7;-2.10;37.77
50450;3;-2.06;37.77
50451;3;-1.95;37.77
50453;8;-1.75;37.77
50454;8;-1.30;37.77
50455;4;-1.15;37.77
50457;2;-1.01;37.80
50458;8;-1.37;37.79
50459;12;-5.56;37.79
50460;4;-7.31;37.80
50462;3;-2.62;37.92
50463;3;-1.25;37.77
50464;4;-1.09;37.80
50465;11;-5.96;37.77
50466;19;-5.88;37.76
50467;15;-5.68;37.76
50468;17;-5.65;37.80
50471;8;-3.10;37.76
50472;5;-2.94;37.76
50473;2;-2.91;37.77
50474;9;-6.01;37.76
50475;11;-6.00;37.76
50476;19;-5.92;37.76
50477;21;-5.90;37.76
50478;15;-5.63;37.76
50479;12;-5.61;37.76
50481;16;-5.52;37.76
50482;8;-5.51;37.76
50483;4;-5.08;37.76
50487;2;-4.37;37.76
50488;8;-4.36;37.76
50489;12;-4.28;37.76
50490;4;-3.85;37.76
50491;7;-3.83;37.76
50492;2;-3.61;37.76
50493;4;-3.49;37.76
50495;2;-3.13;37.76
50496;4;-3.11;37.76
50497;2;-3.07;37.76
50498;7;-3.03;37.76
50499;4;-3.02;37.76
50503;9;-2.08;37.76
50504;7;-2.07;37.76
50508;7;-1.82;37.76
50509;4;-1.75;37.76
50510;3;-1.29;37.76
50511;4;-1.17;37.76
50512;4;-1.14;37.76
50513;10;-7.12;37.89
50514;7;-3.06;37.78
50515;17;-5.71;37.76
50516;11;-5.29;37.77
50517;4;-4.42;37.76
50519;16;-5.44;37.76
50520;11;-5.35;37.76
50523;9;-5.26;37.76
50524;9;-5.18;37.77
50525;4;-5.12;37.76
50526;8;-4.50;37.77
50528;4;-3.59;37.75
50530;9;-2.01;37.76
50531;3;-1.79;37.76
50532;8;-1.71;37.76
50533;4;-1.46;37.79
50534;6;-7.27;37.75
50535;9;-7.08;37.75
50536;21;-5.92;37.75
50537;19;-5.90;37.75
50538;21;-5.70;37.75
50539;17;-5.67;37.75
50540;12;-5.59;37.75
50541;12;-5.57;37.75
50542;14;-5.56;37.75
50543;12;-5.54;37.75
50545;16;-5.49;37.75
50546;12;-5.46;37.75
50547;16;-5.40;37.75
50548;16;-5.38;37.75
50549;5;-5.17;37.75
50550;8;-5.05;37.75
50553;8;-4.61;37.75
50554;8;-4.44;37.75
50555;4;-4.37;37.75
50556;8;-3.90;37.75
50558;7;-3.81;37.75
50559;4;-3.72;37.75
50560;4;-3.68;37.75
50561;4;-3.42;37.75
50563;2;-3.11;37.75
50564;4;-3.10;37.75
50565;8;-3.08;37.75
50566;7;-3.01;37.75
50567;5;-2.87;37.75
50569;5;-2.06;37.80
50570;4;-2.07;37.75
50573;5;-0.98;37.75
50574;12;-6.16;37.77
50575;10;-5.78;37.76
50576;4;-5.89;37.75
50577;3;-2.97;37.76
50578;7;-1.93;37.75
50579;9;-7.23;37.75
50580;7;-7.11;37.75
50581;19;-5.92;37.74
50582;15;-5.65;37.75
50583;17;-5.63;37.75
50584;14;-5.59;37.77
50585;12;-4.25;37.75
50586;5;-7.24;37.74
50588;14;-5.73;37.74
50589;21;-5.71;37.74
50590;21;-5.67;37.74
50591;17;-5.65;37.74
50592;4;-5.55;37.74
50593;8;-5.52;37.74
50594;8;-5.48;37.74
50595;8;-5.44;37.74
50596;7;-5.34;37.74
50597;13;-5.32;37.74
50598;11;-5.26;37.74
50599;11;-5.23;37.74
50600;8;-5.11;37.74
50602;8;-4.63;37.74
50603;8;-4.55;37.74
50604;8;-4.49;37.74
50606;12;-4.29;37.74
50607;8;-4.24;37.74
50609;2;-3.72;37.74
50610;4;-3.71;37.74
50612;12;-3.64;37.75
50614;2;-3.62;37.74
50615;4;-3.61;37.74
50616;2;-3.56;37.74
50617;9;-3.11;37.74
50618;8;-3.10;37.74
50619;2;-2.91;37.74
50620;5;-2.85;37.74
50623;5;-2.14;37.74
50625;4;-1.36;37.74
50626;15;-6.10;37.78
50627;7;-6.29;37.79
50628;21;-5.88;37.86
50629;7;-6.03;37.75
50630;4;-1.84;37.75
50632;12;-3.57;37.74
50633;11;-1.88;37.75
50634;13;-5.97;37.77
50635;11;-5.97;37.74
50637;12;-5.82;37.74
50638;6;-5.38;37.74
50641;13;-5.29;37.74
50646;5;-7.23;37.73
50648;14;-6.12;37.73
50650;17;-5.81;37.73
50651;19;-5.79;37.73
50652;15;-5.77;37.73
50653;19;-5.69;37.74
50654;23;-5.69;37.73
50655;19;-5.63;37.73
50656;20;-5.62;37.73
50658;10;-5.30;37.73
50660;8;-4.54;37.73
50661;8;-4.45;37.73
50662;4;-4.40;37.73
50663;12;-4.35;37.73
50664;8;-4.22;37.73
50666;4;-3.90;37.73
50668;12;-3.67;37.73
50669;12;-3.61;37.73
50672;8;-3.08;37.73
50677;9;-1.99;37.73
50678;7;-1.97;37.73
50680;5;-1.99;37.77
50681;3;-1.59;37.76
50682;4;-3.17;37.76
50683;7;-1.62;37.74
50684;3;-7.36;37.74
50685;2;-7.27;37.73
50686;12;-4.32;37.74
50687;4;-1.39;37.74
50688;2;-4.60;37.74
50689;4;-3.87;37.73
50690;9;-7.09;37.73
50691;16;-5.83;37.73
50692;20;-5.73;37.73
50697;4;-6.82;37.72
50699;7;-6.00;37.72
50700;21;-5.87;37.72
50702;16;-5.73;37.72
50703;16;-5.63;37.72
50707;4;-5.31;37.72
50708;4;-5.29;37.72
50709;8;-5.14;37.72
50710;8;-5.12;37.72
50711;8;-4.53;37.72
50712;4;-4.42;37.72
50713;8;-4.24;37.72
50716;13;-3.10;37.72
50717;10;-3.08;37.72
50718;5;-2.85;37.72
50719;3;-2.39;37.72
50723;7;-1.95;37.72
50724;4;-0.86;37.72
50725;7;-3.84;37.73
50726;25;-5.64;37.72
50727;4;-5.50;37.72
50728;10;-5.46;37.73
50729;10;-5.34;37.72
50730;4;-3.73;37.73
50733;19;-5.89;37.72
50734;12;-5.75;37.72
50735;8;-4.57;37.72
50736;4;-4.36;37.72
50737;12;-4.25;37.72
50738;8;-3.92;37.72
50739;7;-1.90;37.72
50741;7;-7.23;37.83
50743;4;-6.11;37.71
50744;7;-5.97;37.71
50745;18;-5.94;37.71
50747;16;-5.86;37.71
50749;16;-5.74;37.71
50750;22;-5.73;37.71
50751;8;-5.48;37.71
50754;8;-4.51;37.71
50755;8;-4.47;37.71
50756;12;-4.34;37.71
50757;12;-4.29;37.71
50758;8;-4.20;37.71
50760;4;-3.75;37.71
50762;12;-3.64;37.71
50763;4;-3.59;37.71
50764;4;-3.56;37.71
50765;4;-3.45;37.71
50766;7;-3.28;37.71
50769;11;-3.09;37.71
50770;5;-2.86;37.71
50771;4;-2.44;37.71
50772;4;-2.22;37.72
50774;5;-1.95;37.71
50777;4;-5.59;37.72
50778;23;-5.66;37.72
50780;8;-3.95;37.71
50781;6;-7.29;37.71
50782;6;-7.24;37.71
50786;10;-5.28;37.71
50788;8;-5.13;37.71
50789;4;-4.54;37.71
50790;9;-2.01;37.71
50791;3;-1.91;37.71
50792;4;-7.22;37.70
50793;4;-6.60;37.70
50794;7;-5.95;37.70
50795;16;-5.94;37.70
50796;18;-5.93;37.70
50797;22;-5.83;37.70
50798;12;-5.80;37.70
50799;12;-5.75;37.70
50800;22;-5.63;37.71
50801;6;-5.46;37.70
50803;4;-5.35;37.70
50804;10;-5.32;37.70
50805;8;-5.20;37.70
50807;4;-4.51;37.70
50808;4;-4.48;37.70
50809;4;-4.40;37.70
50811;8;-3.91;37.70
50812;7;-3.79;37.70
50813;12;-3.65;37.70
50814;12;-3.61;37.70
50815;4;-3.47;37.70
50816;7;-3.21;37.70
50817;5;-2.88;37.70
50818;5;-2.83;37.70
50819;3;-2.37;37.70
50820;4;-2.25;37.70
50823;13;-1.99;37.70
50826;4;-0.86;37.70
50827;21;-5.91;37.73
50828;4;-3.03;37.73
50829;5;-0.97;37.72
50830;11;-6.04;37.71
50831;25;-5.68;37.71
50832;9;-5.98;37.71
50833;6;-5.39;37.71
50834;8;-5.23;37.72
50835;4;-3.19;37.71
50837;7;-2.04;37.73
50838;4;-1.32;37.72
50839;6;-7.45;37.70
50840;4;-7.43;37.70
50841;4;-7.27;37.70
50842;10;-5.37;37.70
50844;12;-3.58;37.70
50845;3;-3.09;37.70
50846;4;-7.29;37.69
50847;4;-7.24;37.69
50848;13;-6.05;37.69
50850;7;-5.96;37.69
50851;16;-5.93;37.69
50852;16;-5.82;37.69
50853;12;-5.78;37.69
50854;22;-5.65;37.69
50855;22;-5.61;37.69
50856;6;-5.48;37.69
50858;4;-5.39;37.69
50859;4;-5.32;37.69
50861;8;-5.21;37.69
50862;8;-4.60;37.69
50863;8;-4.51;37.69
50867;12;-4.32;37.69
50869;7;-3.68;37.69
50870;12;-3.60;37.69
50871;4;-3.48;37.69
50872;7;-3.39;37.69
50873;7;-3.22;37.69
50875;4;-2.21;37.69
50877;3;-1.88;37.69
50883;4;-0.85;37.69
50884;7;-2.60;37.73
50885;23;-5.70;37.70
50886;4;-2.66;37.70
50888;20;-5.73;37.70
50889;25;-5.71;37.69
50890;20;-5.83;37.69
50891;6;-5.43;37.71
50893;4;-3.78;37.69
50894;4;-3.61;37.69
50895;7;-3.54;37.69
50896;7;-3.39;37.74
50897;3;-3.06;37.69
50898;11;-3.02;37.69
50899;9;-2.03;37.69
50900;7;-1.90;37.69
50901;3;-1.42;37.69
50902;4;-7.45;37.69
50903;7;-7.13;37.69
50904;7;-7.10;37.69
50907;7;-6.00;37.69
50908;22;-5.82;37.69
50909;19;-5.68;37.69
50910;16;-5.63;37.69
50911;20;-5.63;37.69
50912;12;-5.62;37.69
50913;6;-5.46;37.69
50915;6;-5.40;37.69
50917;10;-5.27;37.69
50918;8;-5.23;37.69
50919;4;-5.18;37.71
50920;4;-5.16;37.69
50922;12;-4.30;37.69
50924;12;-3.62;37.69
50926;7;-3.23;37.69
50927;4;-3.21;37.69
50929;4;-3.08;37.69
50930;4;-2.99;37.69
50931;5;-2.86;37.69
50932;5;-2.81;37.73
50933;11;-2.56;37.69
50934;7;-2.28;37.69
50935;11;-1.99;37.69
50936;3;-1.89;37.69
50938;7;-1.87;37.69
50944;4;-2.33;37.81
50945;12;-3.66;37.69
50946;7;-1.74;37.69
50947;4;-6.59;37.69
50948;12;-4.28;37.69
50950;7;-2.06;37.68
50951;4;-1.68;37.71
50952;12;-5.76;37.68
50954;11;-2.01;37.68
50955;3;-1.94;37.69
50956;3;-1.77;37.69
50957;4;-7.46;37.68
50960;16;-5.87;37.68
50962;12;-5.78;37.68
50963;19;-5.70;37.68
50964;16;-5.68;37.68
50965;20;-5.67;37.68
50967;20;-5.64;37.68
50968;16;-5.61;37.68
50969;6;-5.45;37.68
50970;4;-5.37;37.68
50973;10;-5.29;37.68
50974;8;-5.26;37.68
50976;2;-4.62;37.68
50977;8;-4.59;37.68
50979;12;-4.25;37.68
50980;4;-3.89;37.68
50981;4;-3.81;37.68
50983;4;-3.72;37.68
50985;7;-3.22;37.68
50986;8;-2.58;37.68
50990;7;-1.96;37.69
50991;3;-1.90;37.68
50992;7;-1.88;37.68
50993;3;-1.87;37.68
50997;8;-4.65;37.71
50998;7;-7.35;37.69
50999;14;-6.08;37.70
51002;9;-7.42;37.68
51003;13;-6.02;37.70
51004;8;-5.08;37.70
51007;9;-6.00;37.67
51008;23;-5.71;37.67
51010;10;-5.33;37.68
51011;4;-4.85;37.67
51012;8;-4.69;37.67
51013;8;-4.61;37.67
51014;3;-3.32;37.68
51015;4;-2.56;37.67
51018;5;-1.03;37.71
51019;5;-0.97;37.68
51020;6;-0.91;37.70
51021;6;-7.30;37.67
51022;13;-6.05;37.67
51025;20;-5.68;37.67
51026;18;-5.62;37.67
51030;4;-4.37;37.67
51032;3;-3.91;37.67
51033;4;-3.70;37.67
51034;7;-3.57;37.67
51035;7;-2.98;37.67
51036;3;-2.84;37.67
51038;5;-2.10;37.67
51039;4;-2.08;37.67
51040;7;-1.42;37.67
51044;6;-5.48;37.67
51046;4;-2.62;37.67
51048;13;-7.39;37.67
51049;6;-5.43;37.66
51052;10;-7.41;37.66
51054;10;-6.06;37.66
51055;11;-6.03;37.67
51056;13;-6.00;37.66
51057;18;-5.84;37.66
51058;12;-5.78;37.66
51059;7;-5.75;37.66
51060;8;-5.68;37.66
51061;8;-5.65;37.66
51062;4;-5.42;37.66
51063;6;-5.38;37.66
51065;6;-5.30;37.66
51066;4;-4.88;37.66
51067;4;-3.88;37.66
51070;4;-3.55;37.66
51072;3;-2.96;37.66
51075;7;-1.38;37.69
51077;3;-1.21;37.66
51078;3;-1.19;37.66
51079;4;-1.15;37.66
51080;3;-1.06;37.66
51081;3;-1.04;37.66
51085;18;-5.87;37.69
51086;6;-7.43;37.67
51087;20;-5.82;37.66
51088;7;-5.98;37.66
51089;16;-5.89;37.66
51090;16;-5.66;37.66
51091;16;-5.77;37.68
51092;20;-5.69;37.65
51094;4;-3.23;37.65
51095;3;-1.24;37.66
51096;4;-7.42;37.65
51097;8;-7.35;37.65
51098;4;-7.10;37.65
51099;7;-7.09;37.65
51100;4;-6.83;37.65
51102;9;-6.29;37.65
51103;13;-6.02;37.65
51104;9;-6.00;37.65
51105;9;-5.96;37.67
51106;14;-5.90;37.65
51107;18;-5.86;37.65
51108;16;-5.84;37.65
51109;7;-5.77;37.65
51110;12;-5.76;37.65
51111;16;-5.75;37.65
51112;9;-5.74;37.65
51113;13;-5.73;37.65
51121;4;-4.67;37.65
51123;2;-4.61;37.65
51125;4;-4.37;37.65
51126;3;-2.84;37.65
51128;7;-1.37;37.65
51131;4;-1.14;37.65
51132;9;-7.12;37.69
51133;7;-3.60;37.66
51134;7;-1.77;37.66
51135;3;-1.74;37.66
51136;11;-6.12;37.68
51137;4;-4.73;37.65
51138;8;-7.41;37.65
51139;10;-7.33;37.64
51140;7;-6.93;37.83
51143;4;-1.16;37.64
51144;6;-7.42;37.64
51145;10;-7.36;37.64
51146;4;-7.07;37.64
51148;4;-6.78;37.64
51150;9;-6.38;37.64
51151;4;-6.10;37.64
51152;10;-6.03;37.64
51153;7;-5.79;37.64
51154;9;-5.77;37.64
51155;6;-5.76;37.64
51157;10;-5.73;37.64
51158;4;-5.61;37.64
51164;2;-4.62;37.64
51165;4;-4.38;37.64
51167;7;-3.92;37.64
51169;3;-2.95;37.64
51170;3;-2.43;37.64
51175;3;-2.15;37.70
51177;8;-7.31;37.65
51178;4;-4.69;37.65
51180;4;-4.68;37.82
51181;3;-0.85;37.64
51182;4;-7.45;37.65
51183;7;-5.93;37.64
51184;4;-4.14;37.64
51186;6;-7.43;37.63
51187;10;-7.42;37.63
51188;8;-7.36;37.63
51189;4;-7.33;37.63
51190;9;-6.39;37.63
51191;4;-6.35;37.63
51192;4;-5.82;37.63
51193;9;-5.80;37.63
51195;6;-5.77;37.63
51196;4;-5.76;37.63
51197;4;-5.73;37.63
51201;8;-4.80;37.64
51203;4;-4.36;37.63
51204;8;-4.30;37.63
51205;8;-4.25;37.63
51207;3;-3.93;37.63
51208;4;-3.78;37.63
51209;4;-3.75;37.63
51210;4;-3.24;37.63
51212;3;-2.52;37.63
51214;4;-2.01;37.65
51217;4;-1.12;37.63
51218;8;-6.04;37.64
51219;4;-2.07;37.64
51220;7;-1.30;37.64
51221;4;-7.37;37.65
51222;11;-5.86;37.63
51223;4;-4.77;37.64
51225;16;-6.06;37.63
51226;6;-5.74;37.63
51227;8;-5.71;37.63
51231;2;-3.67;37.63
51233;4;-1.14;37.63
51234;8;-7.38;37.62
51235;4;-7.36;37.62
51237;4;-7.13;37.62
51238;4;-5.91;37.62
51239;4;-5.62;37.62
51243;4;-4.63;37.64
51245;7;-4.02;37.62
51246;3;-4.00;37.62
51247;3;-3.96;37.62
51249;7;-3.66;37.62
51256;4;-2.00;37.62
51261;4;-1.08;37.62
51262;4;-7.43;37.62
51263;9;-6.29;37.62
51270;10;-7.41;37.61
51272;4;-7.01;37.61
51274;4;-6.82;37.61
51277;8;-5.83;37.61
51279;4;-5.78;37.61
51282;4;-4.75;37.61
51283;8;-4.74;37.61
51284;4;-4.59;37.61
51286;8;-4.29;37.61
51288;3;-3.94;37.61
51289;4;-3.71;37.61
51290;2;-3.66;37.61
51292;4;-3.24;37.61
51296;3;-2.94;37.61
51300;3;-2.26;37.61
51301;3;-2.10;37.61
51302;4;-1.59;37.61
51304;4;-1.13;37.61
51305;4;-1.10;37.61
51306;3;-1.00;37.61
51307;3;-2.26;37.65
51310;7;-1.50;37.64
51311;6;-7.46;37.62
51312;6;-7.19;37.66
51315;8;-4.31;37.61
51316;4;-3.84;37.63
51317;4;-2.01;37.61
51318;4;-1.99;37.61
51320;4;-7.45;37.60
51321;4;-7.36;37.60
51322;6;-7.19;37.60
51323;6;-7.07;37.60
51326;8;-5.97;37.60
51327;4;-5.99;37.62
51328;4;-5.89;37.60
51329;4;-5.87;37.60
51330;8;-5.86;37.60
51337;4;-4.63;37.61
51339;4;-4.18;37.60
51347;3;-2.47;37.61
51352;4;-1.08;37.60
51353;3;-0.97;37.60
51354;3;-0.85;37.60
51355;4;-4.03;37.61
51356;4;-3.51;37.63
51357;7;-2.36;37.70
51358;3;-2.98;37.61
51359;3;-2.22;37.60
51361;7;-0.81;37.62
51362;8;-7.41;37.61
51363;8;-7.34;37.60
51365;4;-5.84;37.60
51366;8;-4.73;37.60
51367;3;-3.97;37.60
51369;3;-2.52;37.61
51370;3;-2.48;37.65
51371;7;-2.42;37.60
51372;7;-2.36;37.60
51375;4;-0.76;37.61
51377;6;-7.14;37.59
51378;4;-7.11;37.59
51381;6;-7.05;37.59
51382;12;-6.06;37.59
51383;4;-6.05;37.59
51384;4;-5.78;37.59
51385;6;-5.73;37.60
51386;8;-5.69;37.59
51392;4;-4.11;37.59
51393;4;-4.08;37.59
51395;3;-3.23;37.59
51399;3;-2.46;37.59
51400;3;-2.27;37.59
51406;4;-0.80;37.59
51407;7;-4.02;37.59
51409;10;-7.34;37.61
51410;6;-6.97;37.59
51413;3;-2.13;37.59
51414;6;-7.48;37.59
51415;8;-7.35;37.59
51416;4;-7.34;37.59
51418;4;-6.03;37.59
51426;4;-4.62;37.59
51429;4;-4.06;37.59
51430;4;-4.04;37.59
51431;2;-4.03;37.59
51432;7;-3.91;37.59
51433;4;-3.90;37.59
51440;7;-2.31;37.59
51441;7;-2.22;37.59
51442;7;-2.19;37.59
51443;3;-2.10;37.59
51444;4;-2.03;37.59
51446;4;-0.83;37.59
51447;3;-1.26;37.62
51448;6;-7.02;37.61
51449;8;-4.79;37.59
51450;3;-1.01;37.62
51451;3;-3.93;37.59
51452;4;-7.48;37.60
51453;12;-6.08;37.58
51454;8;-6.05;37.58
51456;4;-5.70;37.58
51458;8;-4.71;37.59
51461;3;-3.95;37.58
51462;4;-3.66;37.58
51464;7;-2.25;37.58
51466;7;-1.29;37.58
51467;3;-0.97;37.58
51468;4;-7.38;37.58
51469;8;-7.36;37.58
51470;8;-7.32;37.59
51472;2;-5.82;37.58
51473;6;-5.79;37.60
51474;6;-5.75;37.58
51475;2;-5.74;37.58
51476;4;-4.94;37.61
51477;8;-4.85;37.58
51478;4;-4.85;37.60
51480;8;-4.76;37.58
51481;8;-4.64;37.58
51482;8;-4.61;37.58
51484;8;-4.36;37.58
51486;4;-4.03;37.58
51487;3;-3.98;37.58
51494;4;-2.11;37.58
51495;7;-2.07;37.59
51496;4;-2.05;37.58
51498;4;-2.01;37.58
51499;3;-1.95;37.58
51501;3;-1.23;37.58
51504;7;-6.80;37.61
51505;4;-5.11;37.62
51507;4;-5.64;37.59
51508;8;-5.32;37.61
51512;7;-6.73;37.57
51514;8;-6.01;37.59
51517;3;-1.97;37.57
51518;4;-1.86;37.57
51520;4;-6.05;37.57
51521;2;-5.73;37.57
51523;8;-4.87;37.57
51524;4;-4.80;37.57
51526;8;-4.41;37.57
51527;2;-3.47;37.58
51529;7;-2.30;37.57
51530;7;-2.06;37.57
51531;4;-1.99;37.57
51534;4;-1.30;37.57
51535;7;-6.34;37.62
51537;4;-4.16;37.58
51538;16;-6.08;37.58
51539;2;-5.80;37.57
51540;2;-5.76;37.56
51541;4;-5.69;37.56
51543;4;-3.37;37.57
51545;4;-7.51;37.56
51549;8;-5.35;37.56
51550;8;-4.86;37.56
51552;8;-4.66;37.56
51554;3;-4.00;37.56
51560;7;-2.27;37.56
51565;4;-2.03;37.56
51566;3;-1.89;37.57
51567;7;-1.15;37.59
51569;2;-4.83;37.55
51570;2;-4.79;37.56
51571;8;-4.62;37.55
51572;4;-4.25;37.55
51573;4;-3.65;37.55
51574;4;-3.58;37.57
51575;2;-3.50;37.56
51581;8;-6.25;37.55
51583;12;-6.12;37.55
51585;12;-6.08;37.55
51586;2;-5.95;37.55
51587;2;-5.84;37.55
51588;2;-4.75;37.55
51591;3;-3.98;37.55
51592;3;-3.27;37.55
51595;7;-2.09;37.55
51596;4;-1.86;37.55
51600;8;-4.82;37.55
51601;4;-6.91;37.55
51602;4;-6.28;37.54
51606;4;-1.15;37.54
51608;6;-6.96;37.54
51609;4;-6.33;37.54
51612;4;-4.79;37.54
51615;3;-4.01;37.54
51616;3;-3.93;37.54
51617;2;-3.89;37.54
51618;4;-3.62;37.54
51622;7;-2.24;37.54
51623;4;-2.07;37.54
51624;4;-2.02;37.54
51627;7;-1.12;37.54
51628;4;-4.75;37.55
51629;12;-6.13;37.60
51632;4;-7.21;37.53
51633;3;-2.83;37.54
51634;4;-6.31;37.53
51635;8;-6.20;37.53
51636;16;-6.19;37.53
51642;4;-4.24;37.53
51643;4;-4.18;37.53
51646;3;-3.94;37.53
51648;4;-3.66;37.53
51650;4;-3.59;37.53
51657;6;-5.98;37.54
51658;4;-3.45;37.54
51660;7;-3.91;37.53
51664;3;-7.22;37.53
51667;8;-4.36;37.54
51670;8;-6.19;37.52
51671;16;-6.18;37.52
51672;12;-6.15;37.52
51676;8;-4.93;37.52
51677;2;-4.81;37.52
51678;4;-4.73;37.52
51680;4;-4.38;37.52
51681;6;-4.26;37.52
51682;3;-3.96;37.52
51684;3;-3.93;37.52
51686;2;-3.79;37.52
51687;4;-3.74;37.52
51688;2;-3.70;37.52
51689;4;-3.67;37.52
51690;3;-3.17;37.52
51691;3;-3.15;37.52
51693;3;-2.38;37.52
51696;2;-5.95;37.52
51699;4;-1.85;37.53
51700;8;-5.69;37.53
51702;3;-2.83;37.61
51703;3;-7.23;37.51
51705;4;-6.32;37.51
51706;12;-6.17;37.51
51708;4;-5.76;37.51
51710;8;-4.92;37.51
51713;4;-4.56;37.51
51714;4;-4.37;37.51
51715;11;-4.36;37.51
51716;6;-4.21;37.51
51717;3;-3.94;37.51
51718;2;-3.80;37.51
51719;4;-3.73;37.51
51720;2;-3.72;37.51
51721;3;-3.13;37.51
51727;7;-3.72;37.60
51728;3;-2.39;37.56
51729;4;-3.84;37.55
51730;4;-2.94;37.54
51731;7;-2.09;37.52
51732;4;-3.35;37.51
51733;3;-2.85;37.52
51739;4;-6.39;37.50
51741;8;-6.29;37.50
51743;4;-5.74;37.50
51749;8;-4.42;37.50
51750;4;-4.38;37.50
51751;6;-4.29;37.50
51752;6;-4.23;37.50
51754;3;-3.98;37.50
51755;3;-3.96;37.50
51756;4;-3.79;37.51
51757;4;-3.64;37.50
51758;4;-3.45;37.51
51760;7;-2.95;37.50
51761;3;-2.35;37.52
51763;7;-2.15;37.50
51765;8;-7.46;37.54
51766;4;-4.30;37.52
51767;8;-4.39;37.51
51768;6;-5.96;37.50
51770;2;-3.40;37.50
51771;4;-2.20;37.50
51772;3;-1.92;37.51
51780;4;-5.76;37.49
51784;11;-4.38;37.49
51785;6;-4.30;37.49
51786;2;-4.27;37.49
51787;6;-4.24;37.49
51788;4;-4.19;37.49
51792;7;-3.67;37.49
51795;9;-3.21;37.49
51796;9;-3.18;37.49
51799;4;-2.52;37.49
51800;7;-2.39;37.49
51801;4;-2.34;37.49
51803;4;-7.36;37.53
51804;7;-7.19;37.54
51805;3;-7.16;37.50
51807;3;-7.25;37.49
51808;7;-6.91;37.52
51809;7;-4.34;37.50
51810;7;-2.21;37.53
51812;8;-4.91;37.49
51814;7;-3.65;37.49
51815;7;-3.62;37.49
51816;7;-3.58;37.49
51818;5;-3.43;37.49
51821;7;-2.34;37.49
51824;4;-7.46;37.48
51825;6;-7.02;37.52
51826;6;-6.00;37.48
51831;9;-4.31;37.48
51832;4;-4.22;37.48
51833;4;-3.70;37.48
51835;2;-3.38;37.48
51838;7;-3.03;37.48
51841;4;-2.39;37.48
51843;4;-1.95;37.48
51844;8;-5.36;37.52
51845;7;-6.57;37.52
51846;4;-4.86;37.52
51847;4;-6.02;37.53
51848;8;-6.35;37.52
51849;4;-5.47;37.55
51851;2;-7.20;37.48
51852;4;-5.73;37.52
51854;4;-4.40;37.48
51856;4;-3.78;37.48
51857;2;-3.77;37.48
51860;6;-7.27;37.48
51863;6;-5.95;37.48
51865;8;-4.59;37.48
51866;8;-4.55;37.48
51867;4;-4.19;37.48
51869;7;-3.56;37.48
51870;2;-3.36;37.48
51873;4;-2.53;37.48
51875;4;-2.46;37.48
51876;4;-2.20;37.48
51879;16;-6.24;37.51
51883;9;-4.35;37.47
51884;7;-4.26;37.48
51885;2;-7.26;37.47
51886;8;-6.84;37.47
51887;2;-5.92;37.47
51890;7;-3.62;37.47
51893;4;-2.05;37.50
51895;4;-7.36;37.47
51896;4;-7.33;37.47
51897;4;-7.29;37.47
51898;2;-7.22;37.47
51899;2;-6.85;37.47
51901;8;-6.53;37.47
51902;8;-6.46;37.47
51903;12;-6.19;37.48
51904;6;-5.97;37.47
51905;2;-5.88;37.51
51906;2;-5.83;37.47
51908;4;-4.76;37.47
51910;8;-4.53;37.47
51911;7;-4.29;37.47
51912;2;-4.28;37.47
51915;7;-3.59;37.47
51917;5;-3.41;37.47
51923;7;-4.38;37.47
51924;4;-4.15;37.47
51925;4;-6.90;37.47
51927;4;-6.57;37.47
51928;4;-6.50;37.46
51930;4;-2.25;37.46
51933;12;-6.59;37.46
51934;4;-6.46;37.46
51935;17;-6.45;37.46
51936;13;-5.94;37.46
51939;4;-4.80;37.46
51941;7;-4.28;37.46
51943;7;-3.61;37.46
51944;7;-3.56;37.46
51945;5;-3.43;37.46
51948;4;-1.80;37.46
51951;8;-6.61;37.46
51952;4;-5.69;37.46
51962;4;-6.52;37.45
51963;4;-6.45;37.45
51966;4;-5.68;37.45
51969;4;-4.78;37.45
51970;2;-4.61;37.45
51971;3;-4.36;37.45
51972;7;-4.29;37.45
51975;7;-3.65;37.45
51976;5;-3.42;37.45
51977;5;-3.40;37.45
51983;4;-1.78;37.45
51985;3;-2.95;37.47
51988;8;-6.81;37.45
51993;4;-6.91;37.44
51994;4;-6.78;37.44
51995;4;-6.60;37.44
51996;4;-6.56;37.44
51998;4;-5.69;37.44
52001;8;-4.69;37.44
52002;8;-4.66;37.44
52003;7;-4.27;37.44
52004;4;-4.23;37.44
52007;2;-3.47;37.44
52015;4;-2.41;37.45
52016;4;-3.55;37.44
52017;4;-2.30;37.47
52018;8;-6.76;37.44
52021;7;-4.31;37.45
52022;4;-4.19;37.44
52023;4;-1.90;37.44
52024;4;-7.44;37.45
52026;6;-6.91;37.46
52028;8;-6.03;37.44
52029;13;-5.98;37.45
52030;4;-3.74;37.46
52031;4;-1.49;37.57
52032;4;-7.36;37.43
52033;8;-6.79;37.43
52034;8;-6.07;37.43
52036;4;-5.83;37.43
52050;4;-6.83;37.44
52052;4;-4.79;37.43
52053;10;-7.47;37.42
52054;10;-7.43;37.42
52055;4;-7.35;37.42
52056;4;-7.30;37.42
52058;6;-6.95;37.42
52062;4;-5.88;37.44
52068;7;-4.28;37.42
52069;7;-4.25;37.42
52070;4;-4.23;37.42
52079;4;-1.88;37.42
52083;12;-6.34;37.45
52085;4;-1.96;37.45
52086;4;-2.61;37.50
52087;4;-6.65;37.67
52088;7;-3.13;37.56
52089;4;-2.22;37.45
52091;9;-5.94;37.43
52092;5;-3.37;37.45
52094;8;-6.13;37.42
52096;5;-3.45;37.42
52104;8;-6.12;37.41
52108;8;-4.70;37.41
52109;8;-4.57;37.41
52112;7;-4.27;37.41
52117;4;-3.68;37.41
52118;4;-3.55;37.41
52121;11;-3.28;37.45
52122;15;-3.26;37.41
52124;4;-2.03;37.41
52125;4;-1.96;37.41
52127;4;-1.81;37.53
52128;7;-4.35;37.43
52130;12;-6.55;37.44
52133;7;-1.69;37.45
52134;2;-7.20;37.41
52138;4;-1.88;37.41
52140;4;-7.38;37.40
52143;4;-6.69;37.40
52144;8;-6.07;37.40
52148;4;-4.76;37.41
52149;4;-4.71;37.40
52150;8;-4.67;37.40
52151;8;-4.64;37.40
52152;8;-4.61;37.40
52154;4;-4.47;37.40
52155;7;-4.30;37.40
52156;3;-3.94;37.40
52157;4;-3.87;37.40
52159;4;-3.05;37.40
52160;3;-2.65;37.40
52163;4;-1.77;37.40
52165;17;-6.46;37.43
52166;4;-6.04;37.42
52168;2;-7.24;37.42
52169;2;-6.89;37.42
52170;8;-6.16;37.40
52171;4;-4.36;37.40
52172;4;-3.74;37.40
52173;4;-3.58;37.40
52174;11;-3.26;37.40
52175;7;-2.62;37.40
52177;4;-7.45;37.39
52178;6;-6.87;37.39
52179;4;-6.70;37.39
52180;4;-6.45;37.39
52183;4;-6.05;37.39
52186;4;-4.68;37.39
52188;9;-4.31;37.39
52189;9;-4.25;37.39
52191;4;-3.90;37.39
52192;3;-3.54;37.39
52196;8;-3.22;37.39
52197;3;-2.64;37.39
52201;8;-5.53;37.45
52202;4;-6.65;37.40
52203;4;-6.79;37.40
52204;4;-5.66;37.41
52207;13;-6.49;37.39
52209;4;-3.86;37.39
52210;7;-3.61;37.41
52215;13;-6.42;37.39
52218;4;-5.55;37.38
52220;8;-4.57;37.38
52221;4;-4.50;37.38
52222;3;-3.91;37.38
52223;4;-3.76;37.38
52224;2;-3.74;37.38
52231;7;-2.44;37.38
52234;4;-4.22;37.39
52235;4;-7.38;37.38
52236;6;-7.35;37.44
52237;5;-7.26;37.38
52239;3;-3.98;37.39
52240;8;-7.44;37.41
52242;4;-3.05;37.38
52247;10;-7.41;37.40
52249;8;-6.45;37.38
52250;4;-6.39;37.38
52251;4;-6.35;37.38
52252;8;-6.21;37.38
52253;4;-5.87;37.39
52254;4;-5.43;37.38
52260;4;-4.67;37.38
52262;4;-4.47;37.38
52264;7;-4.32;37.38
52265;9;-4.29;37.38
52269;3;-3.94;37.38
52270;2;-3.91;37.38
52271;4;-3.90;37.38
52272;7;-3.62;37.38
52273;4;-3.60;37.38
52274;4;-3.57;37.38
52282;4;-6.43;37.37
52283;4;-3.80;37.38
52285;6;-7.43;37.37
52286;2;-7.34;37.37
52287;8;-6.46;37.37
52288;4;-6.09;37.37
52289;8;-5.26;37.37
52292;4;-4.72;37.37
52294;4;-4.69;37.37
52295;4;-4.53;37.37
52296;4;-4.35;37.37
52299;3;-3.91;37.37
52300;2;-3.90;37.37
52301;4;-3.89;37.37
52302;2;-3.73;37.37
52303;4;-3.72;37.37
52315;4;-4.17;37.38
52316;5;-7.07;37.36
52317;4;-6.30;37.37
52318;8;-3.22;37.37
52321;4;-6.37;37.36
52322;4;-6.07;37.36
52323;4;-5.79;37.36
52325;8;-4.57;37.36
52328;5;-7.03;37.36
52331;4;-6.41;37.36
52332;4;-6.39;37.36
52338;4;-4.70;37.36
52339;2;-4.69;37.36
52342;7;-4.35;37.36
52343;7;-4.32;37.36
52344;7;-4.26;37.38
52345;3;-4.00;37.36
52346;3;-3.97;37.36
52347;4;-3.86;37.36
52348;4;-3.79;37.36
52357;8;-5.85;37.36
52358;4;-3.67;37.36
52362;8;-6.47;37.35
52363;4;-6.13;37.35
52364;4;-4.36;37.35
52365;4;-3.84;37.35
52370;8;-6.72;37.35
52372;8;-6.60;37.35
52373;8;-6.27;37.35
52376;4;-5.52;37.35
52377;4;-5.39;37.35
52378;4;-4.72;37.35
52380;4;-4.32;37.35
52381;7;-4.31;37.35
52382;4;-4.30;37.35
52384;4;-4.23;37.35
52386;3;-3.94;37.35
52387;7;-3.92;37.35
52388;4;-3.80;37.35
52389;2;-3.79;37.35
52397;8;-6.21;37.44
52399;5;-7.23;37.34
52400;8;-6.62;37.34
52402;4;-6.43;37.34
52403;4;-6.27;37.34
52404;4;-6.09;37.34
52406;8;-5.86;37.34
52413;3;-3.96;37.34
52414;4;-3.81;37.34
52415;2;-3.80;37.34
52416;4;-3.57;37.34
52420;3;-3.01;37.34
52425;7;-3.27;37.37
52427;2;-7.39;37.33
52428;5;-7.06;37.34
52430;4;-6.50;37.34
52432;7;-4.29;37.34
52435;4;-6.18;37.33
52436;4;-6.08;37.33
52440;4;-4.81;37.33
52441;4;-4.69;37.33
52444;7;-4.31;37.33
52445;9;-4.30;37.33
52446;4;-4.19;37.33
52449;7;-3.93;37.33
52450;4;-3.85;37.33
52451;4;-3.83;37.33
52452;4;-3.76;37.35
52454;4;-3.60;37.33
52456;4;-2.45;37.33
52460;7;-2.71;37.36
52461;4;-2.16;37.33
52462;5;-7.00;37.36
52463;3;-3.42;37.36
52464;4;-3.16;37.36
52465;8;-5.90;37.35
52466;7;-4.34;37.33
52467;2;-7.33;37.33
52469;4;-6.47;37.33
52471;3;-3.27;37.32
52472;5;-7.21;37.32
52473;8;-6.67;37.32
52474;4;-6.43;37.32
52475;4;-6.21;37.32
52476;4;-6.12;37.32
52477;8;-5.84;37.32
52481;4;-4.74;37.32
52482;9;-4.32;37.32
52484;4;-4.10;37.32
52485;4;-4.08;37.32
52486;4;-4.05;37.32
52487;3;-3.99;37.32
52488;7;-3.91;37.32
52490;4;-3.65;37.32
52491;4;-3.62;37.32
52497;8;-6.59;37.37
52498;8;-5.35;37.32
52499;7;-1.87;37.36
52500;4;-3.88;37.34
52502;4;-7.43;37.34
52503;8;-6.72;37.32
52504;8;-4.15;37.32
52505;4;-1.71;37.36
52506;6;-7.45;37.31
52507;2;-7.40;37.31
52508;5;-7.04;37.31
52510;8;-6.66;37.31
52511;8;-6.54;37.31
52513;8;-5.87;37.31
52514;4;-5.58;37.31
52516;4;-4.53;37.31
52517;4;-4.43;37.31
52518;8;-4.17;37.31
52519;4;-4.13;37.31
52520;8;-4.12;37.31
52521;8;-4.10;37.31
52523;12;-3.84;37.31
52525;4;-3.56;37.31
52530;7;-2.43;37.31
52531;4;-5.05;37.43
52532;4;-6.91;37.35
52533;2;-7.35;37.31
52534;4;-6.21;37.30
52535;4;-5.38;37.32
52537;12;-4.51;37.31
52538;8;-4.02;37.31
52539;8;-3.97;37.31
52540;4;-7.18;37.30
52541;5;-7.05;37.30
52543;4;-7.01;37.30
52544;5;-7.00;37.30
52546;8;-6.70;37.31
52547;8;-6.53;37.30
52549;4;-6.51;37.30
52550;4;-6.47;37.30
52551;4;-6.28;37.30
52556;8;-5.32;37.30
52559;8;-4.88;37.30
52560;4;-4.79;37.30
52561;4;-4.73;37.30
52562;8;-4.68;37.30
52563;8;-4.53;37.30
52564;8;-4.13;37.30
52565;4;-4.12;37.30
52566;8;-4.08;37.30
52567;8;-4.05;37.30
52568;4;-3.98;37.30
52569;4;-3.95;37.30
52570;4;-3.91;37.30
52572;4;-3.47;37.30
52578;8;-5.65;37.33
52579;4;-5.47;37.33
52581;8;-6.59;37.31
52583;4;-6.16;37.30
52584;4;-6.12;37.30
52587;4;-7.15;37.29
52588;4;-7.11;37.29
52589;8;-6.88;37.29
52590;8;-6.79;37.35
52591;4;-6.78;37.29
52593;8;-6.57;37.29
52594;8;-6.52;37.29
52596;4;-5.71;37.29
52597;4;-5.57;37.29
52598;4;-5.42;37.29
52603;12;-4.85;37.29
52605;12;-4.53;37.29
52606;8;-4.28;37.29
52607;4;-4.13;37.29
52608;8;-4.12;37.29
52609;8;-4.09;37.29
52610;4;-4.08;37.29
52612;4;-3.97;37.29
52613;12;-3.89;37.29
52614;8;-3.87;37.29
52615;4;-3.49;37.29
52616;4;-3.41;37.29
52619;4;-6.25;37.30
52622;8;-5.84;37.29
52623;4;-6.08;37.30
52624;8;-5.40;37.29
52625;8;-5.37;37.29
52626;8;-4.18;37.29
52627;8;-3.93;37.30
52628;4;-3.92;37.29
52629;8;-3.91;37.29
52631;4;-1.86;37.29
52632;4;-7.16;37.28
52634;4;-7.08;37.28
52636;4;-6.77;37.28
52637;4;-6.57;37.28
52638;8;-5.89;37.29
52639;4;-5.43;37.28
52640;8;-5.42;37.28
52644;4;-4.83;37.28
52645;4;-4.73;37.28
52646;4;-4.68;37.28
52647;4;-4.15;37.28
52648;4;-3.94;37.28
52650;8;-3.83;37.28
52651;4;-3.52;37.28
52656;8;-6.92;37.29
52657;4;-2.21;37.30
52658;4;-6.75;37.28
52661;8;-5.58;37.28
52663;8;-4.60;37.28
52664;4;-4.40;37.28
52665;4;-4.03;37.28
52667;5;-7.01;37.28
52668;4;-6.85;37.28
52671;10;-6.43;37.28
52672;6;-6.18;37.28
52673;4;-5.50;37.28
52675;8;-4.80;37.28
52676;4;-4.74;37.28
52677;2;-4.73;37.28
52678;4;-4.72;37.28
52680;2;-4.67;37.28
52682;8;-4.57;37.28
52683;12;-4.51;37.28
52684;8;-4.44;37.28
52685;8;-4.00;37.28
52686;4;-3.93;37.28
52687;8;-3.89;37.28
52691;4;-5.31;37.42
52692;4;-5.35;37.28
52694;8;-4.88;37.28
52695;4;-7.13;37.28
52696;5;-6.45;37.28
52697;2;-5.94;37.27
52698;8;-5.40;37.27
52699;4;-4.90;37.27
52702;4;-7.08;37.27
52703;8;-6.86;37.27
52708;8;-5.37;37.27
52709;4;-4.88;37.27
52710;4;-4.73;37.27
52711;8;-4.61;37.27
52712;12;-4.48;37.27
52713;8;-4.34;37.27
52714;8;-4.28;37.27
52715;8;-4.25;37.27
52716;8;-4.16;37.27
52717;4;-4.13;37.27
52718;8;-4.02;37.27
52719;8;-3.97;37.27
52720;4;-3.43;37.27
52721;4;-7.03;37.28
52722;4;-3.56;37.28
52723;4;-5.45;37.27
52726;8;-6.89;37.26
52727;2;-5.97;37.26
52728;2;-4.89;37.26
52729;8;-4.59;37.26
52733;4;-7.18;37.26
52734;4;-7.04;37.26
52737;10;-6.47;37.26
52738;6;-6.11;37.26
52741;4;-5.48;37.26
52742;4;-5.40;37.26
52743;4;-5.27;37.26
52748;8;-4.88;37.26
52749;8;-4.62;37.26
52750;8;-4.55;37.26
52751;4;-4.54;37.26
52752;8;-4.53;37.26
52756;4;-3.45;37.26
52763;4;-6.14;37.26
52764;8;-3.86;37.26
52765;8;-4.90;37.25
52766;12;-4.82;37.25
52767;11;-4.45;37.25
52768;4;-4.38;37.25
52770;8;-4.00;37.25
52772;4;-3.67;37.26
52773;4;-3.53;37.26
52774;4;-7.14;37.25
52775;4;-7.05;37.25
52776;5;-6.93;37.25
52779;2;-5.94;37.25
52780;4;-5.59;37.25
52781;4;-5.54;37.27
52782;8;-5.38;37.25
52784;4;-4.69;37.25
52785;8;-4.63;37.25
52786;8;-4.60;37.25
52788;12;-4.57;37.25
52790;12;-4.50;37.25
52791;15;-4.47;37.25
52792;4;-4.36;37.25
52794;8;-4.28;37.25
52796;8;-4.06;37.25
52797;8;-3.91;37.26
52803;10;-6.50;37.26
52804;8;-4.66;37.28
52805;4;-4.18;37.25
52806;4;-3.05;37.25
52808;4;-5.33;37.25
52809;2;-4.21;37.24
52810;12;-4.04;37.24
52811;4;-7.35;37.26
52812;4;-7.03;37.24
52813;5;-6.88;37.27
52817;8;-5.41;37.24
52818;8;-5.37;37.24
52821;12;-4.89;37.24
52823;8;-4.81;37.24
52824;8;-4.61;37.24
52825;12;-4.54;37.24
52826;15;-4.48;37.24
52828;4;-4.22;37.24
52829;8;-4.19;37.24
52830;8;-3.97;37.24
52832;8;-3.94;37.24
52833;4;-3.66;37.24
52834;2;-3.55;37.24
52840;5;-7.16;37.26
52842;7;-2.35;37.36
52844;4;-6.62;37.24
52845;8;-4.25;37.24
52846;8;-4.08;37.23
52847;12;-4.02;37.23
52848;8;-3.80;37.24
52850;4;-7.33;37.23
52851;4;-7.13;37.23
52853;2;-6.05;37.23
52856;4;-5.61;37.23
52857;2;-5.04;37.23
52858;4;-5.02;37.23
52859;12;-4.91;37.23
52861;12;-4.86;37.24
52863;8;-4.64;37.23
52864;12;-4.56;37.23
52865;7;-4.43;37.23
52866;2;-4.25;37.23
52867;12;-4.24;37.23
52868;8;-4.21;37.23
52869;4;-4.13;37.23
52870;4;-3.67;37.23
52871;4;-3.28;37.23
52873;3;-2.37;37.23
52874;4;-2.28;37.23
52877;8;-5.71;37.23
52878;4;-7.30;37.23
52879;4;-7.19;37.23
52880;8;-6.93;37.23
52884;5;-6.92;37.23
52885;4;-6.82;37.26
52887;4;-6.57;37.26
52889;4;-7.39;37.22
52890;4;-7.36;37.22
52892;4;-7.15;37.22
52893;4;-7.11;37.22
52896;4;-6.60;37.22
52897;6;-6.11;37.23
52900;8;-5.58;37.22
52901;4;-5.55;37.22
52902;4;-5.35;37.22
52904;4;-4.78;37.22
52905;4;-4.74;37.22
52906;8;-4.63;37.22
52907;15;-4.49;37.22
52908;7;-4.42;37.22
52909;8;-4.32;37.22
52911;2;-4.27;37.22
52912;2;-4.13;37.22
52914;8;-3.90;37.22
52917;12;-2.17;37.22
52918;5;-7.42;37.23
52919;5;-7.14;37.21
52920;8;-6.88;37.23
52921;10;-6.52;37.22
52922;6;-6.17;37.22
52923;4;-5.50;37.23
52924;8;-5.25;37.22
52925;8;-5.19;37.37
52926;8;-3.66;37.22
52927;4;-3.09;37.22
52930;8;-6.92;37.21
52933;4;-6.85;37.21
52934;4;-6.77;37.23
52937;4;-5.80;37.21
52938;4;-5.57;37.21
52939;8;-5.50;37.21
52940;8;-5.48;37.21
52941;8;-5.21;37.21
52942;8;-5.17;37.21
52943;8;-5.12;37.21
52945;8;-4.83;37.21
52946;8;-4.78;37.21
52947;4;-4.32;37.21
52949;2;-4.29;37.21
52950;8;-4.25;37.22
52951;11;-4.19;37.21
52952;4;-4.11;37.21
52955;4;-2.72;37.21
52957;4;-3.73;37.24
52958;10;-6.45;37.23
52959;4;-7.36;37.20
52960;5;-6.88;37.20
52961;14;-6.52;37.20
52964;4;-5.81;37.20
52965;4;-5.74;37.21
52968;4;-5.17;37.20
52970;4;-4.95;37.20
52971;8;-4.91;37.20
52972;8;-4.85;37.20
52973;8;-4.82;37.20
52975;8;-4.67;37.20
52976;12;-4.64;37.20
52977;8;-4.60;37.20
52978;12;-4.53;37.20
52979;15;-4.48;37.20
52980;7;-4.18;37.20
52981;11;-4.16;37.20
52982;7;-4.15;37.20
52985;8;-3.96;37.21
52987;4;-3.62;37.20
52989;7;-3.55;37.20
52991;4;-3.51;37.20
52992;4;-3.07;37.21
52995;4;-5.29;37.22
52996;5;-6.98;37.24
52997;4;-3.59;37.21
53000;8;-4.74;37.20
53001;4;-4.29;37.21
53002;12;-3.92;37.21
53003;4;-3.89;37.20
53004;4;-3.86;37.20
53005;4;-6.96;37.19
53006;5;-6.91;37.19
53007;5;-6.49;37.22
53010;6;-6.04;37.24
53011;2;-5.94;37.20
53013;4;-4.97;37.19
53014;2;-4.64;37.19
53015;12;-4.63;37.19
53016;15;-4.47;37.19
53017;8;-4.25;37.19
53018;11;-4.23;37.19
53019;11;-4.20;37.19
53020;7;-4.17;37.19
53023;8;-3.91;37.19
53027;4;-5.60;37.20
53028;4;-5.07;37.19
53029;12;-4.57;37.19
53031;5;-6.96;37.18
53034;8;-5.52;37.18
53037;4;-4.92;37.18
53038;8;-4.89;37.18
53039;8;-4.80;37.18
53040;12;-4.72;37.18
53041;12;-4.68;37.18
53042;8;-4.64;37.18
53043;12;-4.50;37.19
53045;7;-4.22;37.18
53046;2;-4.19;37.19
53047;4;-3.90;37.18
53050;9;-2.10;37.18
53052;4;-2.33;37.30
53055;4;-7.36;37.18
53057;4;-5.23;37.18
53058;2;-4.24;37.18
53059;5;-6.97;37.17
53060;5;-6.51;37.17
53061;4;-6.33;37.17
53062;6;-6.00;37.17
53065;4;-4.94;37.17
53066;12;-4.69;37.17
53067;8;-4.59;37.17
53068;8;-4.07;37.21
53074;8;-4.27;37.17
53077;8;-4.78;37.17
53078;8;-4.67;37.17
53080;4;-4.35;37.17
53082;8;-3.95;37.18
53083;9;-2.20;37.17
53086;14;-6.41;37.17
53088;2;-6.22;37.17
53094;8;-4.73;37.17
53095;12;-4.49;37.17
53096;4;-4.44;37.17
53097;4;-4.28;37.17
53098;4;-4.25;37.17
53099;7;-4.16;37.17
53100;8;-4.12;37.17
53101;4;-3.58;37.17
53104;3;-3.27;37.20
53105;9;-6.38;37.18
53106;4;-4.31;37.17
53107;4;-6.88;37.18
53109;4;-4.92;37.16
53110;2;-4.18;37.16
53111;3;-3.10;37.16
53112;5;-6.45;37.16
53113;9;-6.37;37.16
53117;8;-5.50;37.16
53118;8;-5.42;37.16
53120;4;-4.66;37.16
53121;12;-4.55;37.16
53122;12;-4.47;37.16
53125;8;-4.08;37.16
53126;8;-3.98;37.16
53127;4;-3.55;37.16
53135;5;-6.43;37.19
53136;11;-6.31;37.16
53139;11;-6.36;37.15
53140;4;-3.65;37.17
53142;4;-6.58;37.15
53143;11;-6.40;37.15
53144;9;-6.39;37.15
53148;8;-5.44;37.15
53150;8;-4.69;37.15
53151;8;-4.63;37.15
53152;4;-4.45;37.15
53153;4;-4.35;37.15
53154;4;-4.28;37.15
53155;8;-4.12;37.15
53156;8;-4.06;37.15
53157;12;-4.04;37.15
53160;7;-2.84;37.15
53165;7;-2.42;37.19
53166;4;-5.01;37.17
53167;4;-2.86;37.15
53169;12;-3.92;37.14
53170;3;-3.08;37.15
53172;9;-2.15;37.18
53174;5;-6.52;37.14
53176;5;-6.45;37.14
53177;11;-6.39;37.14
53178;2;-6.26;37.14
53181;8;-5.49;37.14
53182;4;-4.94;37.14
53183;2;-4.89;37.14
53184;8;-4.81;37.14
53185;12;-4.54;37.14
53187;12;-4.03;37.14
53188;8;-4.00;37.14
53189;4;-3.65;37.14
53190;4;-3.59;37.14
53192;7;-2.85;37.14
53193;4;-2.84;37.14
53194;7;-2.76;37.18
53195;3;-2.70;37.29
53198;5;-6.91;37.16
53199;8;-4.78;37.14
53200;8;-4.71;37.14
53201;2;-6.33;37.14
53204;8;-4.64;37.13
53205;12;-4.57;37.13
53206;8;-3.87;37.13
53208;5;-6.49;37.13
53209;12;-5.49;37.13
53210;8;-5.48;37.13
53212;12;-4.51;37.13
53213;11;-4.35;37.13
53215;11;-4.23;37.13
53216;4;-4.16;37.13
53217;11;-4.03;37.13
53218;4;-3.72;37.13
53219;4;-3.70;37.13
53221;3;-2.88;37.13
53228;8;-5.42;37.17
53230;15;-3.96;37.12
53231;15;-3.92;37.12
53232;8;-3.90;37.12
53235;2;-6.26;37.12
53236;12;-5.51;37.12
53237;8;-5.43;37.12
53239;4;-5.29;37.12
53242;4;-5.03;37.12
53243;8;-4.50;37.12
53245;15;-4.00;37.12
53252;4;-6.58;37.15
53253;2;-6.29;37.13
53254;4;-3.03;37.12
53255;11;-6.33;37.12
53257;8;-4.80;37.11
53258;12;-4.69;37.12
53259;3;-3.13;37.13
53261;18;-6.45;37.11
53262;11;-6.40;37.11
53263;15;-6.37;37.11
53265;12;-5.52;37.11
53266;4;-5.46;37.11
53267;6;-5.35;37.11
53268;6;-5.17;37.11
53269;8;-5.00;37.11
53271;12;-4.67;37.11
53273;11;-4.42;37.11
53276;4;-4.13;37.11
53277;11;-4.02;37.11
53279;15;-3.99;37.11
53280;4;-3.92;37.11
53281;8;-3.89;37.11
53285;7;-3.11;37.11
53292;6;-6.25;37.16
53293;14;-6.48;37.15
53294;7;-3.08;37.12
53295;8;-4.57;37.11
53298;8;-4.66;37.11
53299;2;-4.35;37.11
53300;4;-3.70;37.11
53302;7;-2.00;37.11
53303;18;-6.41;37.10
53307;8;-4.72;37.10
53308;4;-4.70;37.10
53310;8;-4.51;37.10
53311;8;-4.48;37.10
53313;11;-4.35;37.10
53314;15;-4.00;37.10
53316;15;-3.98;37.10
53317;15;-3.91;37.10
53320;6;-5.29;37.10
53322;6;-5.36;37.10
53323;6;-5.25;37.10
53325;2;-4.25;37.13
53326;15;-3.94;37.10
53327;7;-3.12;37.10
53328;14;-6.52;37.09
53329;10;-5.48;37.09
53330;8;-4.83;37.09
53331;8;-4.75;37.09
53332;8;-4.49;37.09
53334;7;-4.35;37.09
53335;7;-4.08;37.09
53336;15;-3.99;37.09
53338;3;-3.39;37.09
53340;3;-3.14;37.09
53342;7;-1.99;37.09
53343;6;-5.32;37.10
53345;6;-6.02;37.09
53347;6;-5.20;37.09
53348;12;-4.70;37.09
53349;8;-4.67;37.09
53351;2;-4.30;37.09
53353;10;-5.51;37.08
53356;6;-5.27;37.08
53357;4;-5.05;37.08
53359;2;-4.59;37.08
53360;8;-4.51;37.08
53361;7;-4.36;37.08
53362;11;-4.35;37.08
53363;2;-4.28;37.08
53364;4;-4.18;37.08
53366;4;-3.51;37.08
53368;7;-3.10;37.08
53369;3;-2.90;37.08
53372;5;-2.20;37.08
53375;9;-6.33;37.09
53376;8;-4.87;37.13
53377;4;-4.31;37.11
53379;4;-3.56;37.08
53381;6;-5.35;37.08
53382;6;-5.30;37.08
53383;11;-4.41;37.08
53390;12;-4.91;37.07
53392;8;-4.72;37.07
53393;7;-4.38;37.07
53394;4;-4.25;37.07
53395;4;-4.14;37.08
53396;15;-3.92;37.07
53398;3;-3.45;37.07
53399;3;-3.40;37.07
53400;3;-3.17;37.07
53401;4;-3.10;37.07
53403;13;-6.38;37.08
53404;14;-6.27;37.08
53406;11;-4.37;37.10
53407;2;-4.51;37.07
53408;2;-3.88;37.72
53410;11;-4.04;37.07
53412;9;-6.51;37.07
53413;9;-6.47;37.07
53414;6;-5.24;37.07
53415;6;-5.20;37.07
53419;12;-4.69;37.07
53421;7;-4.40;37.07
53422;11;-4.35;37.07
53424;11;-4.02;37.07
53426;15;-3.97;37.07
53427;15;-3.94;37.07
53429;4;-3.77;37.07
53431;4;-3.49;37.07
53432;3;-3.24;37.07
53436;4;-3.01;37.07
53437;3;-2.96;37.07
53438;3;-2.83;37.09
53440;8;-4.80;37.07
53441;8;-4.48;37.07
53442;15;-3.99;37.07
53444;7;-2.77;37.07
53447;4;-3.57;37.06
53448;3;-3.20;37.06
53449;9;-6.50;37.06
53451;4;-5.81;37.06
53455;4;-5.24;37.11
53456;6;-5.17;37.06
53458;2;-4.85;37.06
53459;11;-4.36;37.06
53460;4;-4.32;37.06
53461;4;-4.28;37.06
53462;4;-4.25;37.06
53463;4;-4.10;37.06
53464;7;-4.04;37.06
53466;15;-3.92;37.06
53467;4;-3.72;37.06
53468;12;-2.04;37.09
53470;4;-5.73;37.21
53471;11;-4.44;37.06
53472;4;-2.27;37.09
53473;11;-4.15;37.10
53474;5;-2.15;37.10
53477;9;-2.19;37.05
53478;4;-5.41;37.08
53479;10;-5.34;37.06
53480;6;-5.28;37.05
53481;6;-6.18;37.05
53484;4;-5.37;37.05
53485;8;-5.36;37.05
53487;12;-4.65;37.05
53489;11;-4.39;37.05
53490;15;-4.00;37.05
53491;15;-3.93;37.05
53492;15;-3.91;37.05
53493;4;-3.80;37.09
53494;4;-3.84;37.05
53495;4;-3.75;37.05
53496;4;-3.68;37.06
53497;4;-3.51;37.05
53498;7;-3.46;37.05
53500;4;-2.94;37.05
53501;7;-2.92;37.05
53502;7;-2.88;37.05
53503;4;-2.86;37.05
53504;9;-2.11;37.07
53505;3;-3.31;37.10
53506;14;-6.27;37.05
53507;8;-4.99;37.07
53508;12;-4.93;37.05
53509;8;-4.72;37.05
53510;4;-4.52;37.05
53511;4;-6.56;37.04
53513;4;-5.71;37.04
53514;6;-5.22;37.04
53517;2;-4.73;37.08
53518;8;-4.76;37.04
53519;2;-4.75;37.04
53520;12;-4.68;37.04
53522;5;-6.63;37.04
53531;4;-5.34;37.04
53532;10;-5.32;37.04
53533;10;-5.29;37.04
53534;6;-5.25;37.04
53535;4;-5.23;37.04
53536;12;-4.98;37.04
53538;12;-4.80;37.04
53540;4;-4.61;37.04
53542;15;-4.48;37.04
53543;7;-4.37;37.04
53544;7;-4.30;37.04
53546;3;-4.05;37.04
53547;4;-3.93;37.04
53549;4;-3.55;37.04
53551;4;-5.07;37.05
53552;8;-5.40;37.04
53553;10;-5.36;37.03
53554;6;-5.15;37.03
53555;7;-4.32;37.03
53556;7;-4.05;37.03
53557;5;-6.62;37.03
53558;5;-6.62;37.08
53559;9;-6.46;37.03
53561;4;-6.13;37.03
53563;4;-5.56;37.03
53565;4;-5.46;37.03
53566;10;-5.33;37.03
53567;8;-5.31;37.04
53568;6;-5.26;37.03
53569;6;-5.23;37.03
53570;4;-5.14;37.03
53572;15;-5.02;37.03
53573;4;-4.98;37.03
53574;16;-4.97;37.03
53575;16;-4.81;37.03
53577;7;-4.50;37.03
53578;7;-4.29;37.03
53579;4;-4.02;37.03
53580;4;-3.91;37.03
53581;4;-3.52;37.03
53582;4;-3.09;37.03
53583;6;-5.89;37.11
53584;8;-4.60;37.07
53585;7;-4.26;37.06
53587;4;-5.27;37.03
53588;8;-3.99;37.03
53589;14;-6.24;37.03
53591;4;-5.32;37.02
53592;4;-5.21;37.03
53593;16;-5.01;37.02
53594;16;-4.94;37.03
53595;12;-4.86;37.05
53596;12;-4.78;37.03
53597;8;-4.75;37.02
53598;12;-4.73;37.02
53599;4;-4.60;37.02
53602;4;-3.88;37.02
53603;3;-3.56;37.02
53604;14;-6.21;37.03
53607;4;-5.43;37.02
53608;4;-5.40;37.02
53609;4;-5.36;37.02
53611;6;-5.31;37.02
53612;8;-5.23;37.02
53613;8;-5.16;37.02
53615;16;-4.99;37.02
53618;9;-4.28;37.03
53621;8;-5.59;37.08
53623;12;-5.45;37.02
53624;7;-5.11;37.02
53629;7;-3.46;37.01
53630;4;-6.57;37.01
53631;5;-6.21;37.01
53636;10;-5.36;37.01
53637;8;-5.24;37.01
53638;8;-5.20;37.01
53639;4;-5.18;37.01
53640;8;-5.14;37.01
53641;15;-5.04;37.01
53643;8;-4.74;37.01
53644;8;-4.68;37.01
53645;4;-4.59;37.01
53646;7;-4.37;37.01
53647;4;-4.32;37.01
53648;4;-4.30;37.01
53649;9;-4.27;37.01
53650;4;-3.94;37.01
53655;6;-6.19;37.02
53656;2;-6.09;37.12
53658;3;-3.42;37.03
53661;4;-5.30;37.01
53665;4;-4.70;37.01
53667;4;-3.98;37.01
53671;10;-6.00;37.00
53675;4;-5.44;37.00
53676;4;-5.36;37.00
53677;10;-5.35;37.00
53678;4;-5.27;37.00
53679;8;-5.21;37.00
53680;10;-5.17;37.00
53681;7;-5.06;37.00
53684;8;-4.66;37.02
53685;7;-4.56;37.00
53686;4;-4.53;37.00
53687;7;-4.49;37.00
53689;4;-3.91;37.00
53690;8;-3.78;37.00
53691;3;-3.56;37.00
53692;4;-3.51;37.00
53697;9;-6.54;37.03
53698;4;-4.05;37.01
53700;4;-5.33;37.00
53701;12;-4.72;37.00
53709;12;-4.87;36.99
53710;12;-4.69;36.99
53711;4;-4.66;36.99
53712;7;-4.50;36.99
53714;4;-4.30;36.99
53719;6;-5.31;37.01
53720;4;-4.62;37.01
53721;11;-5.08;37.01
53723;4;-5.29;36.99
53725;8;-3.72;37.02
53727;9;-6.51;36.98
53731;4;-5.39;36.98
53732;6;-5.27;36.98
53733;4;-5.15;36.98
53736;14;-4.89;36.98
53737;4;-4.88;36.98
53739;4;-4.47;36.98
53740;4;-4.34;36.98
53741;4;-4.31;36.98
53742;8;-3.77;36.98
53748;8;-5.48;36.99
53749;8;-5.34;36.98
53750;11;-5.04;36.99
53753;12;-5.46;36.98
53754;14;-4.86;36.98
53757;4;-5.40;36.97
53758;14;-5.37;36.97
53759;14;-5.35;36.97
53760;4;-5.27;36.97
53761;6;-5.26;36.97
53764;7;-4.59;36.98
53767;3;-3.66;36.97
53773;3;-3.75;36.99
53775;3;-3.44;36.97
53776;3;-3.32;36.99
53777;4;-3.16;37.00
53783;4;-5.47;36.96
53784;4;-5.17;36.96
53786;11;-5.04;36.96
53787;15;-5.02;36.96
53790;6;-4.60;36.96
53791;9;-4.57;36.96
53792;8;-4.00;36.96
53794;8;-3.77;36.96
53798;7;-3.21;37.01
53799;7;-3.08;36.96
53800;4;-2.78;36.96
53802;8;-4.11;36.99
53803;4;-4.17;37.00
53804;11;-6.12;36.98
53805;12;-4.81;36.98
53806;6;-4.54;36.97
53807;4;-5.32;36.97
53809;17;-4.56;36.96
53810;4;-4.06;36.97
53811;4;-3.90;36.97
53812;7;-3.44;37.19
53814;9;-6.44;36.96
53817;6;-5.51;36.96
53818;12;-5.46;36.96
53819;4;-5.42;36.96
53820;8;-5.35;36.96
53821;10;-5.33;36.96
53822;8;-5.26;36.96
53824;4;-5.04;36.96
53830;7;-4.59;36.96
53831;15;-4.51;36.99
53832;7;-4.50;36.96
53835;4;-4.02;36.96
53837;4;-3.95;36.97
53838;3;-3.70;36.96
53839;8;-3.68;36.97
53840;3;-3.66;36.96
53841;4;-3.55;36.96
53843;4;-3.46;36.96
53847;12;-4.90;36.98
53848;7;-4.36;36.99
53849;8;-4.73;36.98
53852;8;-3.73;36.96
53853;12;-2.75;36.95
53860;4;-5.51;36.95
53861;4;-5.37;36.95
53862;6;-5.33;36.95
53867;16;-4.88;36.95
53869;7;-4.72;36.95
53870;10;-4.70;36.95
53871;9;-4.57;36.95
53872;7;-4.54;36.95
53874;3;-4.31;36.95
53875;8;-4.17;36.95
53876;8;-3.77;36.95
53877;7;-3.64;36.95
53879;4;-3.54;36.95
53883;7;-2.26;36.99
53884;8;-5.70;36.95
53885;4;-5.46;36.94
53886;10;-5.35;36.94
53887;8;-5.24;36.94
53888;8;-5.17;36.97
53889;4;-4.82;36.94
53890;4;-4.48;36.94
53891;8;-4.14;36.94
53893;11;-3.67;36.94
53895;7;-2.73;36.94
53896;18;-6.46;36.94
53897;8;-5.57;36.94
53898;4;-5.39;36.94
53899;4;-5.31;36.94
53900;10;-5.29;36.94
53902;12;-4.86;36.94
53903;4;-4.85;36.94
53904;12;-4.83;36.94
53905;4;-4.72;36.94
53906;4;-4.57;36.94
53907;4;-4.41;36.94
53910;4;-4.36;36.94
53911;3;-4.34;36.94
53912;8;-4.18;36.94
53915;7;-3.80;36.94
53916;8;-3.73;36.94
53917;7;-3.65;36.94
53921;12;-2.77;36.94
53922;7;-2.76;36.94
53925;18;-6.48;37.02
53926;8;-5.80;36.98
53927;19;-5.02;36.94
53928;11;-3.72;36.94
53929;6;-6.10;36.99
53930;10;-5.48;36.93
53931;4;-5.18;36.93
53933;7;-4.80;36.93
53935;18;-6.41;36.93
53936;4;-5.50;36.93
53937;14;-5.45;36.94
53938;6;-5.44;36.93
53940;8;-5.27;36.93
53942;7;-4.74;36.93
53943;8;-4.67;36.93
53945;4;-4.37;36.93
53946;4;-4.24;36.93
53947;4;-4.04;36.93
53948;4;-3.89;36.93
53949;4;-3.86;36.93
53950;4;-3.77;36.93
53951;7;-3.72;36.93
53954;7;-2.77;36.93
53957;7;-3.18;36.94
53958;10;-6.04;36.96
53960;8;-5.14;36.93
53962;5;-6.20;36.92
53963;2;-5.52;36.93
53964;6;-5.45;36.92
53965;4;-5.19;36.92
53966;4;-5.16;36.92
53967;4;-4.92;36.92
53968;12;-4.83;36.92
53969;14;-4.80;36.92
53970;4;-4.41;36.92
53971;8;-4.13;36.92
53973;4;-3.83;36.92
53974;7;-3.71;36.92
53976;4;-3.35;36.92
53981;4;-2.75;36.92
53982;11;-5.05;36.93
53984;7;-2.84;36.99
53985;8;-3.78;36.92
53986;5;-6.31;36.92
53987;13;-4.75;36.94
53989;4;-5.51;36.91
53990;12;-5.46;36.91
53991;11;-4.70;36.92
53992;4;-3.74;36.92
53993;4;-3.27;36.94
53994;18;-6.40;36.91
53995;5;-6.27;36.91
53996;5;-6.21;36.91
53997;4;-5.49;36.91
53999;12;-5.32;36.91
54000;8;-5.25;36.91
54004;4;-3.80;36.91
54005;4;-3.77;36.91
54006;8;-3.75;36.91
54007;7;-3.22;36.91
54008;7;-3.18;36.91
54011;7;-2.73;36.91
54012;4;-4.80;36.91
54013;7;-4.78;36.91
54014;7;-4.74;36.91
54015;8;-4.68;36.91
54017;4;-1.99;36.91
54018;9;-6.41;36.90
54020;9;-6.37;36.90
54021;9;-6.29;36.90
54022;5;-6.22;36.90
54025;4;-5.50;36.90
54026;11;-5.04;36.90
54027;8;-4.21;36.90
54029;4;-3.46;36.90
54032;15;-5.03;36.92
54033;4;-3.50;36.93
54034;4;-5.46;36.90
54035;4;-5.19;36.90
54036;4;-3.78;36.90
54037;4;-3.75;36.90
54039;7;-3.15;36.90
54040;4;-2.11;36.90
54041;18;-6.40;36.89
54043;4;-5.14;36.90
54045;4;-4.86;36.89
54047;11;-4.74;36.89
54052;4;-3.28;36.89
54057;7;-2.72;36.89
54059;12;-4.91;36.91
54060;11;-4.72;36.90
54061;8;-5.49;36.93
54062;14;-5.39;36.91
54063;12;-4.81;36.90
54064;11;-4.69;36.89
54065;4;-3.30;36.89
54066;10;-6.43;36.88
54067;4;-5.43;36.88
54068;11;-5.02;36.88
54071;4;-4.88;36.88
54073;8;-3.75;36.89
54074;4;-3.72;36.88
54075;4;-3.66;36.88
54077;4;-3.46;36.88
54079;7;-3.22;36.88
54083;8;-4.86;36.91
54084;11;-3.70;36.90
54086;12;-5.46;36.88
54087;8;-4.12;36.88
54089;3;-2.83;36.91
54090;12;-2.71;36.91
54091;7;-2.60;36.95
54093;12;-5.39;36.87
54094;8;-5.35;36.87
54095;12;-5.33;36.87
54097;16;-4.97;36.94
54098;8;-4.91;36.87
54099;4;-4.89;36.87
54100;7;-4.88;36.87
54101;7;-4.85;36.87
54102;4;-4.83;36.87
54104;7;-4.10;36.87
54106;11;-3.75;36.87
54107;8;-3.71;36.87
54109;4;-3.54;36.87
54110;4;-3.51;36.87
54111;4;-3.23;36.87
54112;7;-3.16;36.87
54115;4;-3.09;36.87
54116;4;-5.23;36.89
54117;8;-5.68;36.88
54118;8;-2.05;36.91
54121;4;-5.19;36.87
54122;4;-5.02;36.87
54123;8;-4.23;36.87
54124;8;-4.18;36.89
54126;5;-6.31;36.86
54129;2;-5.54;36.86
54130;4;-5.05;36.86
54131;7;-5.04;36.86
54132;12;-5.00;36.87
54133;12;-4.93;36.86
54134;7;-4.83;36.86
54135;8;-4.80;36.86
54136;4;-4.53;36.86
54137;8;-4.19;36.86
54138;4;-4.12;36.86
54139;7;-4.11;36.86
54141;7;-4.09;36.86
54144;4;-3.18;36.86
54147;7;-5.09;36.92
54149;4;-5.48;36.87
54150;4;-5.14;36.87
54151;4;-4.91;36.86
54152;11;-4.85;36.86
54153;11;-4.76;36.88
54155;12;-5.43;36.86
54156;11;-4.88;36.86
54157;4;-4.82;36.86
54159;7;-4.69;36.86
54160;4;-4.26;36.87
54161;4;-3.08;36.86
54163;14;-6.31;36.86
54168;2;-5.52;36.86
54171;4;-5.32;36.86
54172;4;-5.30;36.86
54173;15;-5.00;36.86
54174;4;-4.95;36.87
54175;8;-4.92;36.86
54176;4;-4.80;36.86
54177;7;-4.78;36.86
54178;7;-4.74;36.86
54180;4;-4.31;36.86
54182;4;-4.03;36.86
54187;4;-3.42;36.86
54188;4;-2.44;36.86
54190;14;-6.41;36.86
54191;5;-6.37;36.87
54193;7;-2.75;36.87
54194;2;-5.56;36.85
54195;8;-5.28;36.88
54196;4;-4.62;36.85
54198;4;-4.07;36.85
54201;14;-6.39;36.85
54202;16;-6.32;36.85
54207;8;-5.68;36.85
54208;6;-5.60;36.85
54209;4;-5.51;36.85
54210;12;-5.45;36.85
54211;12;-5.39;36.94
54213;8;-5.20;36.85
54215;4;-4.32;36.85
54216;4;-4.30;36.85
54218;4;-3.41;36.85
54222;4;-5.87;36.91
54223;5;-2.14;36.86
54226;9;-6.24;36.87
54227;4;-5.64;36.94
54228;6;-5.65;36.85
54230;4;-5.33;36.84
54231;4;-4.24;36.84
54233;14;-6.40;36.84
54234;5;-6.39;36.84
54235;9;-6.31;36.84
54239;9;-5.46;36.84
54240;15;-5.44;36.84
54241;15;-5.42;36.84
54242;15;-5.38;36.84
54243;15;-5.36;36.84
54244;14;-5.32;36.84
54245;4;-5.30;36.84
54246;4;-4.95;36.84
54249;4;-4.76;36.84
54251;4;-4.67;36.84
54252;4;-4.61;36.84
54257;4;-3.28;36.84
54258;4;-3.23;36.84
54263;4;-4.78;36.84
54265;2;-2.40;36.85
54266;4;-6.05;36.87
54267;6;-5.56;36.83
54271;4;-6.37;36.83
54273;12;-5.73;36.83
54274;6;-5.68;36.83
54275;4;-5.67;36.83
54276;4;-5.50;36.83
54277;6;-5.48;36.83
54278;15;-5.43;36.83
54279;4;-5.32;36.83
54282;4;-4.53;36.83
54284;4;-3.81;36.83
54290;4;-5.17;36.83
54293;17;-5.46;36.83
54294;17;-5.40;36.82
54295;8;-5.17;36.82
54297;4;-3.25;36.82
54301;4;-5.68;36.82
54303;6;-5.49;36.82
54304;4;-5.48;36.82
54305;15;-5.36;36.82
54307;4;-5.30;36.82
54313;4;-3.84;36.82
54317;4;-3.22;36.82
54320;4;-2.59;36.82
54322;4;-3.18;36.83
54323;9;-5.43;36.82
54324;4;-4.58;36.82
54325;4;-6.32;36.82
54327;4;-5.55;36.82
54331;4;-5.77;36.81
54332;8;-5.69;36.81
54333;6;-5.67;36.81
54334;7;-5.45;36.81
54335;7;-5.40;36.81
54344;7;-3.65;36.81
54346;4;-3.23;36.81
54348;4;-3.16;36.81
54352;4;-5.20;36.80
54358;2;-5.65;36.80
54359;4;-5.43;36.80
54360;4;-5.27;36.80
54361;4;-5.24;36.80
54362;4;-5.18;36.80
54363;4;-5.13;36.80
54370;7;-4.00;36.80
54373;7;-3.34;36.80
54374;4;-3.24;36.80
54380;4;-2.59;36.80
54381;8;-5.50;36.82
54383;15;-5.41;36.80
54384;8;-5.14;36.82
54387;4;-5.50;36.80
54388;9;-5.45;36.80
54389;14;-5.35;36.80
54391;4;-3.12;36.84
54396;4;-5.69;36.79
54398;8;-5.46;36.79
54399;7;-5.39;36.79
54400;4;-5.22;36.79
54402;7;-4.94;36.79
54403;8;-4.72;36.79
54412;7;-3.05;36.93
54413;5;-2.26;36.84
54415;17;-5.44;36.79
54416;7;-3.36;36.79
54418;4;-5.76;36.78
54419;8;-5.69;36.78
54420;6;-5.47;36.80
54421;9;-5.44;36.78
54422;17;-5.39;36.78
54423;4;-5.38;36.78
54427;7;-3.92;36.79
54429;7;-3.39;36.78
54433;8;-4.69;36.79
54434;12;-5.81;36.78
54436;8;-4.76;36.81
54438;15;-5.45;36.78
54439;4;-4.79;36.78
54440;7;-3.71;36.87
54442;10;-5.47;36.78
54443;17;-5.44;36.77
54444;4;-5.39;36.77
54445;4;-5.12;36.77
54449;17;-5.37;36.79
54450;12;-5.25;36.80
54452;4;-5.53;36.78
54453;12;-5.35;36.77
54455;4;-4.74;36.77
54456;4;-4.48;36.84
54458;4;-6.32;36.78
54460;8;-5.69;36.76
54461;4;-5.49;36.76
54462;8;-5.47;36.76
54463;15;-5.43;36.76
54464;6;-5.40;36.76
54465;7;-5.36;36.76
54466;12;-5.28;36.76
54467;14;-5.23;36.76
54469;4;-5.17;36.76
54470;12;-5.14;36.76
54471;4;-4.72;36.76
54475;2;-5.62;36.79
54477;6;-5.57;36.76
54478;7;-5.41;36.77
54480;10;-5.70;36.76
54481;7;-5.39;36.76
54483;8;-6.32;36.75
54484;4;-5.74;36.75
54487;8;-5.52;36.76
54488;4;-5.50;36.75
54489;6;-5.48;36.75
54490;17;-5.40;36.75
54491;15;-5.38;36.75
54493;15;-5.36;36.75
54494;4;-5.30;36.77
54495;7;-5.28;36.75
54496;11;-5.26;36.75
54497;7;-5.25;36.75
54498;6;-5.23;36.75
54500;4;-3.81;36.76
54501;13;-6.26;36.79
54506;4;-5.80;36.75
54508;10;-5.77;36.75
54510;8;-5.74;36.75
54511;13;-5.73;36.75
54512;15;-5.71;36.75
54513;13;-5.70;36.75
54514;11;-5.50;36.75
54515;11;-5.47;36.75
54517;13;-5.25;36.75
54518;7;-5.20;36.75
54519;4;-4.99;36.75
54520;4;-4.40;36.75
54521;4;-2.44;37.02
54522;4;-4.66;36.75
54524;11;-5.68;36.74
54525;13;-5.40;36.74
54526;11;-5.35;36.74
54527;7;-5.31;36.74
54530;9;-5.80;36.74
54531;13;-5.78;36.74
54532;13;-5.74;36.74
54533;13;-5.71;36.74
54534;9;-5.70;36.74
54536;13;-5.46;36.74
54537;11;-5.45;36.74
54538;4;-5.31;36.74
54540;8;-4.39;36.75
54541;4;-2.11;36.79
54542;15;-5.69;36.74
54543;4;-5.81;36.73
54544;11;-5.24;36.73
54545;15;-5.15;36.74
54546;4;-4.58;36.75
54549;13;-5.80;36.73
54550;13;-5.76;36.73
54551;9;-5.75;36.73
54552;9;-5.66;36.74
54553;13;-5.58;36.73
54554;9;-5.44;36.74
54555;9;-5.30;36.73
54557;8;-4.87;36.73
54558;4;-4.64;36.73
54559;8;-4.35;36.73
54561;9;-5.54;36.72
54566;13;-5.73;36.72
54567;13;-5.43;36.72
54568;4;-5.40;36.72
54569;11;-5.36;36.72
54571;7;-5.23;36.72
54573;7;-4.91;36.72
54575;4;-4.89;36.73
54576;13;-5.27;36.72
54577;15;-5.20;36.74
54578;11;-5.46;36.72
54579;11;-5.42;36.71
54581;13;-5.62;36.71
54582;9;-5.56;36.71
54583;9;-5.45;36.71
54584;9;-5.43;36.71
54585;9;-5.40;36.71
54586;4;-5.27;36.71
54587;11;-5.25;36.71
54588;7;-5.17;36.71
54589;15;-5.16;36.71
54590;7;-5.13;36.71
54593;4;-4.68;36.71
54594;11;-5.29;36.73
54595;7;-5.19;36.72
54596;4;-4.76;36.73
54599;9;-5.67;36.71
54601;13;-5.53;36.72
54602;4;-3.42;36.75
54604;8;-6.21;36.70
54607;13;-5.78;36.70
54608;9;-5.55;36.70
54609;13;-5.46;36.70
54610;11;-5.44;36.70
54612;11;-5.39;36.72
54613;4;-5.38;36.70
54614;11;-5.37;36.70
54615;13;-5.27;36.70
54618;2;-2.71;36.74
54619;15;-5.18;36.70
54620;13;-5.69;36.71
54621;9;-5.60;36.72
54622;11;-5.50;36.71
54623;7;-5.25;36.70
54626;13;-5.76;36.69
54627;9;-5.64;36.69
54628;15;-5.62;36.69
54629;9;-5.58;36.69
54630;4;-5.57;36.69
54631;9;-5.56;36.69
54632;15;-5.55;36.69
54633;13;-5.54;36.69
54634;9;-5.52;36.69
54635;13;-5.51;36.69
54636;13;-5.48;36.69
54637;11;-5.46;36.69
54638;7;-5.45;36.69
54639;4;-5.40;36.69
54640;11;-5.38;36.69
54641;7;-5.33;36.69
54642;7;-5.30;36.71
54643;4;-5.29;36.69
54645;4;-4.81;36.69
54646;4;-5.82;36.70
54647;4;-4.62;36.70
54649;9;-5.43;36.69
54650;9;-5.36;36.72
54651;7;-5.12;36.69
54653;9;-5.67;36.68
54654;13;-5.64;36.68
54655;9;-5.62;36.68
54656;11;-5.57;36.68
54657;13;-5.56;36.68
54658;11;-5.55;36.68
54659;11;-5.48;36.68
54660;7;-5.38;36.68
54661;7;-5.26;36.68
54662;13;-5.18;36.68
54664;4;-4.70;36.68
54665;4;-5.08;36.77
54666;17;-5.21;36.69
54668;15;-5.74;36.70
54669;11;-5.65;36.71
54670;15;-5.49;36.68
54671;11;-5.31;36.69
54672;13;-5.24;36.69
54675;15;-5.75;36.67
54676;13;-5.57;36.67
54677;11;-5.56;36.67
54678;7;-5.40;36.67
54679;7;-5.37;36.67
54680;9;-5.35;36.67
54681;11;-5.25;36.67
54682;13;-5.19;36.67
54683;11;-5.15;36.70
54685;4;-4.99;36.67
54686;4;-4.88;36.67
54687;4;-4.68;36.68
54688;9;-4.66;36.67
54689;4;-4.54;36.68
54690;4;-4.50;36.67
54691;4;-4.45;36.67
54692;4;-6.36;36.71
54693;15;-5.64;36.67
54695;13;-5.60;36.68
54696;7;-5.29;36.67
54701;13;-5.71;36.66
54702;13;-5.68;36.66
54703;19;-5.65;36.66
54704;11;-5.58;36.67
54706;11;-5.51;36.67
54707;13;-5.47;36.67
54708;13;-5.43;36.67
54709;6;-5.34;36.66
54710;8;-5.32;36.66
54711;7;-5.23;36.66
54712;9;-5.21;36.66
54713;9;-5.13;36.66
54714;7;-4.86;36.66
54715;4;-4.47;36.66
54716;9;-5.78;36.66
54718;11;-5.27;36.66
54719;2;-5.80;36.66
54720;10;-5.77;36.65
54721;10;-5.59;36.65
54722;8;-5.58;36.65
54723;7;-5.43;36.65
54724;13;-5.41;36.65
54725;9;-5.36;36.65
54727;9;-5.23;36.65
54728;9;-5.14;36.65
54729;4;-5.05;36.65
54730;4;-4.76;36.65
54732;4;-4.69;36.65
54733;9;-4.57;36.65
54734;4;-4.50;36.65
54735;13;-5.26;36.66
54736;7;-5.73;36.66
54739;12;-5.65;36.65
54740;8;-5.64;36.65
54741;4;-5.31;36.65
54744;8;-5.89;36.65
54745;4;-5.88;36.65
54746;7;-5.77;36.65
54747;10;-5.68;36.65
54748;4;-5.67;36.65
54749;10;-5.61;36.65
54750;4;-5.54;36.65
54751;8;-5.29;36.65
54752;7;-4.79;36.65
54753;4;-4.48;36.65
54754;4;-6.04;36.68
54755;8;-5.33;36.65
54756;8;-5.84;36.64
54757;8;-5.70;36.64
54758;4;-5.19;36.65
54760;4;-4.60;36.64
54761;4;-5.87;36.64
54762;10;-5.75;36.64
54763;10;-5.72;36.64
54764;8;-5.65;36.64
54765;4;-5.64;36.64
54766;8;-5.59;36.64
54767;10;-5.55;36.64
54768;8;-5.51;36.64
54770;4;-5.25;36.64
54772;4;-5.17;36.64
54776;10;-5.63;36.64
54777;6;-5.61;36.64
54778;8;-5.47;36.64
54780;10;-5.28;36.64
54781;8;-5.26;36.63
54785;8;-5.67;36.63
54786;8;-5.61;36.63
54787;8;-5.57;36.63
54790;4;-5.18;36.63
54791;4;-4.91;36.63
54792;9;-4.64;36.63
54795;11;-5.45;36.64
54796;8;-6.06;36.77
54797;8;-5.90;36.63
54798;10;-5.80;36.63
54799;7;-5.65;36.62
54801;8;-6.24;36.62
54802;4;-6.19;36.63
54805;8;-5.81;36.62
54806;8;-5.69;36.62
54807;8;-5.62;36.62
54808;8;-5.55;36.62
54809;11;-5.43;36.62
54810;8;-5.34;36.62
54811;8;-5.31;36.62
54812;8;-5.27;36.62
54813;4;-5.26;36.62
54814;4;-5.23;36.62
54815;4;-4.92;36.62
54817;10;-5.88;36.62
54818;4;-5.85;36.62
54819;4;-4.54;36.63
54820;8;-5.65;36.61
54821;4;-5.63;36.61
54822;6;-5.59;36.62
54823;8;-6.22;36.61
54826;10;-5.90;36.61
54827;10;-5.86;36.61
54829;4;-5.75;36.61
54830;4;-5.73;36.61
54831;6;-5.69;36.61
54832;4;-5.68;36.61
54833;6;-5.62;36.61
54834;8;-5.61;36.61
54835;4;-5.55;36.61
54836;11;-5.38;36.65
54837;4;-5.37;36.61
54839;4;-5.01;36.61
54841;4;-4.59;36.61
54842;9;-5.13;36.61
54844;4;-5.99;36.60
54845;6;-5.97;36.60
54847;8;-5.88;36.61
54848;4;-5.86;36.60
54849;8;-5.80;36.60
54851;8;-5.62;36.60
54852;8;-5.59;36.61
54853;4;-5.44;36.60
54854;8;-5.33;36.60
54855;6;-5.29;36.60
54856;4;-5.27;36.60
54859;4;-5.31;36.62
54860;9;-4.67;36.61
54861;6;-5.99;36.60
54862;13;-4.64;36.60
54863;9;-4.60;36.63
54864;6;-5.61;36.60
54868;4;-5.75;36.59
54869;4;-5.72;36.59
54870;4;-5.62;36.59
54871;4;-5.55;36.59
54872;8;-5.48;36.59
54874;4;-5.21;36.59
54876;7;-5.14;36.59
54878;4;-5.01;36.59
54879;4;-4.92;36.59
54881;4;-4.56;36.59
54882;4;-5.95;36.62
54883;4;-5.26;36.59
54884;4;-4.60;36.59
54885;8;-6.21;36.58
54887;4;-5.93;36.59
54889;4;-5.76;36.58
54890;4;-5.59;36.59
54891;8;-5.54;36.58
54892;4;-5.42;36.58
54893;6;-5.33;36.58
54895;6;-5.18;36.58
54896;4;-5.00;36.58
54898;4;-4.64;36.58
54899;9;-5.41;36.61
54900;8;-5.80;36.58
54901;7;-4.96;36.70
54904;4;-5.75;36.57
54905;4;-5.71;36.57
54906;8;-5.64;36.57
54907;6;-5.59;36.57
54908;8;-5.58;36.57
54909;4;-5.52;36.57
54910;8;-5.48;36.57
54911;4;-5.44;36.57
54912;7;-5.42;36.57
54913;4;-5.39;36.57
54915;10;-5.63;36.58
54916;10;-5.85;36.58
54917;2;-6.06;36.59
54919;10;-5.78;36.57
54920;8;-5.61;36.57
54921;8;-5.31;36.58
54922;6;-5.27;36.57
54924;4;-5.93;36.56
54925;4;-5.90;36.56
54926;8;-5.83;36.56
54927;4;-5.78;36.56
54928;4;-5.73;36.56
54929;6;-5.64;36.56
54930;6;-5.62;36.56
54931;4;-5.58;36.56
54932;8;-5.56;36.56
54933;4;-5.48;36.56
54934;4;-5.38;36.56
54935;4;-5.35;36.56
54936;6;-5.33;36.56
54937;6;-5.31;36.56
54939;4;-5.68;36.57
54940;6;-5.96;36.57
54942;4;-5.50;36.56
54943;10;-5.94;36.55
54944;6;-5.81;36.55
54945;4;-5.80;36.55
54947;4;-5.61;36.55
54948;8;-5.42;36.55
54949;8;-5.33;36.55
54950;6;-5.32;36.55
54952;6;-5.68;36.60
54953;6;-6.08;36.55
54954;8;-6.06;36.55
54955;4;-5.30;36.56
54957;4;-5.84;36.54
54958;10;-5.78;36.54
54960;4;-5.51;36.54
54961;4;-5.45;36.54
54962;8;-5.32;36.54
54964;6;-5.20;36.54
54966;6;-5.21;36.61
54967;10;-6.10;36.55
54968;4;-5.81;36.54
54969;6;-5.33;36.54
54971;4;-6.03;36.55
54972;8;-5.78;36.54
54973;4;-5.75;36.54
54974;4;-5.71;36.54
54975;6;-5.65;36.54
54976;8;-5.58;36.54
54977;8;-5.48;36.54
54978;4;-5.28;36.54
54980;4;-5.98;36.55
54981;5;-6.29;36.54
54982;10;-6.06;36.53
54984;4;-5.00;36.53
54985;2;-6.21;36.53
54987;10;-6.10;36.53
54988;8;-6.09;36.53
54989;6;-6.07;36.53
54991;10;-5.68;36.53
54992;4;-5.65;36.54
54993;4;-5.56;36.53
54994;4;-5.45;36.53
54995;2;-5.32;36.53
54996;8;-5.30;36.53
54997;5;-5.24;36.53
54998;9;-5.22;36.53
54999;8;-5.19;36.53
55001;8;-5.73;36.59
55002;6;-6.06;36.52
55003;4;-6.05;36.52
55004;8;-5.74;36.52
55005;10;-5.72;36.52
55006;12;-5.68;36.52
55007;10;-5.67;36.52
55008;4;-5.63;36.52
55009;4;-5.61;36.52
55010;8;-5.57;36.52
55011;4;-5.46;36.52
55012;4;-5.44;36.52
55014;4;-5.88;36.52
55015;4;-5.51;36.52
55016;8;-6.13;36.53
55017;4;-5.92;36.51
55018;2;-5.26;36.54
55019;4;-5.23;36.52
55020;5;-6.28;36.51
55022;4;-6.01;36.51
55024;4;-5.67;36.51
55025;4;-5.59;36.51
55026;8;-5.41;36.51
55028;4;-4.77;36.58
55029;4;-5.75;36.50
55030;8;-5.71;36.50
55031;12;-5.70;36.50
55033;4;-5.45;36.50
55034;4;-5.43;36.50
55035;6;-5.42;36.50
55036;4;-5.40;36.52
55037;4;-5.32;36.50
55038;7;-5.24;36.50
55039;11;-5.19;36.50
55040;8;-5.32;36.51
55042;4;-5.35;36.52
55043;5;-5.25;36.50
55044;11;-5.22;36.50
55045;4;-5.94;36.49
55046;8;-5.65;36.49
55048;4;-5.00;36.50
55049;5;-6.27;36.49
55050;4;-6.01;36.49
55051;12;-5.68;36.49
55053;8;-5.42;36.49
55054;8;-5.32;36.49
55055;4;-5.31;36.49
55056;3;-5.24;36.49
55057;10;-5.75;36.52
55058;7;-5.19;36.50
55059;4;-6.07;36.51
55060;6;-5.28;36.49
55061;4;-5.11;36.54
55062;8;-6.13;36.49
55063;8;-6.10;36.49
55064;4;-5.90;36.49
55065;4;-5.82;36.49
55066;8;-5.78;36.49
55067;14;-5.69;36.50
55068;9;-5.26;36.49
55069;4;-5.97;36.48
55070;10;-5.93;36.48
55071;6;-5.91;36.48
55072;4;-5.74;36.48
55073;10;-5.73;36.48
55074;4;-5.68;36.48
55075;8;-5.54;36.48
55076;8;-5.49;36.48
55077;8;-5.43;36.48
55078;4;-5.32;36.48
55079;4;-5.30;36.48
55080;3;-5.20;36.48
55081;11;-5.19;36.48
55082;4;-5.04;36.48
55083;5;-6.24;36.51
55084;4;-5.44;36.47
55085;12;-5.33;36.48
55086;15;-5.25;36.47
55087;4;-6.12;36.47
55088;10;-6.10;36.47
55089;8;-5.95;36.47
55090;10;-5.94;36.47
55091;8;-5.93;36.47
55092;10;-5.92;36.47
55093;4;-5.90;36.47
55094;17;-5.77;36.47
55095;9;-5.76;36.47
55096;17;-5.75;36.47
55097;9;-5.74;36.47
55098;19;-5.73;36.47
55099;9;-5.71;36.47
55100;17;-5.70;36.47
55101;4;-5.56;36.47
55102;4;-5.46;36.47
55104;6;-5.26;36.47
55105;10;-5.66;36.48
55106;2;-5.45;36.47
55108;19;-5.77;36.46
55109;19;-5.68;36.47
55110;8;-5.65;36.47
55111;4;-6.14;36.46
55112;7;-5.89;36.46
55113;5;-5.88;36.46
55114;5;-5.84;36.46
55115;11;-5.83;36.46
55117;19;-5.70;36.46
55118;10;-5.63;36.46
55119;4;-5.62;36.46
55120;4;-5.49;36.46
55123;4;-5.27;36.46
55124;12;-5.26;36.46
55125;7;-5.22;36.47
55126;4;-6.01;36.47
55127;6;-6.02;36.46
55128;4;-5.59;36.46
55129;4;-5.40;36.46
55131;8;-5.63;36.45
55133;6;-5.25;36.46
55134;11;-5.68;36.45
55135;4;-5.32;36.46
55136;7;-5.86;36.46
55138;4;-6.02;36.44
55139;6;-6.01;36.44
55140;9;-5.78;36.44
55141;9;-5.73;36.44
55142;9;-5.70;36.44
55143;17;-5.69;36.44
55144;4;-5.58;36.44
55147;9;-5.83;36.45
55148;4;-5.20;36.45
55151;6;-6.02;36.44
55152;4;-6.01;36.44
55153;6;-6.00;36.44
55154;21;-5.99;36.44
55156;5;-5.83;36.44
55157;9;-5.69;36.44
55158;6;-5.51;36.44
55159;4;-5.38;36.44
55160;4;-5.26;36.44
55161;6;-5.21;36.44
55162;4;-6.06;36.45
55163;6;-6.05;36.43
55164;4;-5.30;36.43
55165;4;-6.03;36.43
55166;10;-6.01;36.43
55167;9;-5.83;36.43
55168;9;-5.77;36.43
55169;5;-5.74;36.43
55170;8;-5.50;36.43
55171;2;-5.46;36.43
55173;6;-5.65;36.44
55174;12;-5.31;36.45
55175;14;-5.27;36.43
55176;4;-5.22;36.43
55177;23;-5.97;36.45
55178;4;-5.60;36.42
55179;4;-5.51;36.42
55182;4;-6.08;36.42
55183;4;-6.05;36.42
55184;6;-6.03;36.42
55185;10;-6.02;36.42
55186;21;-5.99;36.42
55187;17;-5.74;36.42
55188;4;-5.63;36.42
55191;14;-5.30;36.42
55193;6;-5.52;36.54
55194;5;-5.73;36.41
55195;8;-5.46;36.41
55196;4;-6.13;36.42
55197;4;-6.03;36.41
55198;4;-6.00;36.41
55199;4;-5.67;36.41
55200;4;-5.58;36.41
55201;8;-5.51;36.41
55202;2;-5.44;36.41
55203;4;-5.36;36.41
55204;4;-5.23;36.41
55205;17;-5.73;36.43
55206;6;-5.95;36.50
55207;9;-5.74;36.41
55208;4;-5.64;36.40
55209;8;-5.63;36.42
55210;10;-6.03;36.40
55211;21;-5.95;36.40
55212;6;-5.62;36.40
55213;8;-5.61;36.40
55214;8;-5.57;36.40
55215;5;-5.84;36.42
55216;21;-5.92;36.43
55217;8;-6.01;36.41
55218;9;-5.99;36.40
55219;9;-5.89;36.39
55220;8;-5.52;36.39
55221;2;-5.52;36.43
55223;12;-5.27;36.41
55224;4;-6.12;36.39
55225;8;-6.03;36.39
55226;4;-6.02;36.39
55227;17;-5.75;36.39
55228;5;-5.71;36.40
55229;10;-5.62;36.39
55230;4;-5.61;36.39
55231;8;-5.56;36.39
55235;8;-5.24;36.39
55236;4;-5.21;36.39
55237;8;-5.65;36.40
55238;4;-6.07;36.39
55239;4;-6.03;36.38
55240;8;-6.02;36.38
55241;21;-5.97;36.39
55242;9;-5.95;36.39
55244;9;-5.69;36.39
55245;5;-5.67;36.39
55247;6;-5.60;36.39
55248;12;-5.89;36.38
55249;4;-6.15;36.37
55250;4;-5.93;36.37
55252;13;-5.69;36.37
55253;9;-5.68;36.37
55254;4;-5.67;36.37
55255;5;-5.65;36.37
55258;2;-5.64;36.37
55259;12;-5.45;36.37
55260;4;-6.01;36.37
55261;4;-6.12;36.37
55263;11;-5.69;36.36
55264;15;-5.68;36.36
55265;10;-5.67;36.36
55266;4;-5.65;36.36
55267;4;-5.57;36.36
55268;4;-5.54;36.36
55269;4;-5.51;36.36
55270;12;-5.43;36.36
55272;4;-6.14;36.35
55274;13;-5.69;36.35
55275;11;-5.68;36.35
55276;8;-5.63;36.35
55277;4;-5.58;36.35
55278;2;-5.57;36.35
55279;4;-5.52;36.35
55280;12;-5.46;36.35
55281;8;-5.33;36.37
55282;4;-5.29;36.35
55286;8;-5.38;36.34
55287;6;-5.66;36.35
55288;6;-5.50;36.36
55290;4;-5.69;36.34
55291;13;-5.68;36.34
55292;4;-5.51;36.34
55293;12;-5.43;36.34
55295;9;-5.70;36.33
55296;8;-5.63;36.33
55298;4;-5.49;36.33
55299;4;-5.46;36.33
55300;12;-5.45;36.33
55301;4;-5.31;36.33
55302;8;-5.40;36.43
55303;4;-6.12;36.34
55304;4;-6.15;36.33
55305;6;-5.44;36.33
55307;9;-5.68;36.33
55309;4;-5.64;36.33
55310;2;-5.63;36.33
55311;8;-5.62;36.33
55312;4;-5.59;36.33
55313;2;-5.57;36.33
55314;12;-5.49;36.33
55315;4;-5.45;36.33
55317;13;-5.75;36.33
55318;4;-5.49;36.32
55320;2;-5.40;36.32
55321;8;-5.87;36.32
55323;6;-5.56;36.32
55326;4;-5.26;36.32
55327;15;-5.72;36.33
55328;4;-5.54;36.32
55330;8;-5.33;36.31
55331;4;-5.58;36.31
55332;8;-5.42;36.31
55338;12;-5.50;36.31
55340;12;-5.45;36.31
55342;2;-5.42;36.31
55344;2;-5.38;36.31
55346;8;-5.28;36.35
55347;9;-5.76;36.35
55348;8;-5.87;36.35
55350;8;-5.80;36.30
55351;13;-5.69;36.31
55355;8;-5.85;36.30
55357;8;-5.78;36.30
55358;13;-5.75;36.30
55359;15;-5.71;36.30
55360;4;-5.42;36.30
55361;4;-5.66;36.31
55362;9;-5.73;36.30
55363;2;-5.65;36.29
55364;2;-5.61;36.34
55365;4;-6.09;36.29
55366;4;-5.81;36.29
55368;6;-5.56;36.29
55370;2;-5.53;36.29
55373;6;-5.37;36.29
55374;4;-5.63;36.30
55375;4;-5.78;36.28
55376;11;-5.68;36.28
55377;8;-5.46;36.28
55378;4;-5.94;36.28
55380;2;-5.63;36.28
55381;4;-5.60;36.29
55382;4;-5.56;36.28
55383;6;-5.55;36.28
55384;8;-5.54;36.28
55386;8;-5.49;36.28
55387;4;-5.48;36.28
55388;4;-5.43;36.28
55389;4;-5.35;36.28
55390;11;-5.71;36.28
55391;2;-5.67;36.28
55393;2;-5.89;36.27
55395;2;-5.87;36.27
55397;8;-5.57;36.27
55398;6;-5.56;36.27
55399;8;-5.50;36.27
55400;6;-5.48;36.27
55403;9;-5.73;36.27
55404;19;-5.69;36.27
55405;2;-5.55;36.27
55406;6;-5.52;36.27
55407;6;-5.41;36.28
55409;2;-5.88;36.26
55411;11;-5.70;36.26
55412;6;-5.65;36.27
55414;4;-5.62;36.26
55416;8;-5.56;36.26
55417;4;-5.54;36.26
55419;4;-5.42;36.26
55420;2;-5.59;36.28
55421;4;-5.92;36.26
55422;2;-5.63;36.26
55424;4;-5.58;36.25
55426;8;-5.54;36.25
55428;6;-5.48;36.29
55429;17;-5.77;36.26
55430;6;-5.57;36.25
55431;4;-5.93;36.24
55433;4;-5.90;36.24
55434;4;-5.88;36.24
55435;6;-5.65;36.25
55436;2;-5.58;36.24
55437;10;-5.55;36.24
55439;6;-5.50;36.24
55441;6;-5.83;36.27
55442;11;-5.68;36.25
55444;2;-5.85;36.24
55445;6;-5.83;36.23
55446;2;-5.82;36.23
55447;12;-5.78;36.23
55448;4;-5.57;36.24
55449;4;-5.53;36.23
55451;6;-5.42;36.23
55452;4;-5.96;36.25
55453;12;-5.91;36.25
55454;4;-5.61;36.24
55455;17;-5.68;36.23
55456;8;-5.67;36.23
55457;2;-5.58;36.23
55458;4;-5.90;36.23
55459;2;-5.87;36.23
55460;10;-5.82;36.23
55461;2;-5.81;36.23
55464;12;-5.97;36.26
55465;8;-5.48;36.24
55466;4;-5.38;36.28
55467;10;-5.80;36.23
55468;12;-5.53;36.23
55469;4;-5.50;36.23
55470;2;-5.78;36.22
55471;12;-5.49;36.22
55472;4;-5.47;36.23
55474;12;-5.90;36.22
55476;9;-5.70;36.22
55477;4;-5.62;36.22
55478;2;-5.61;36.22
55479;19;-5.73;36.25
55480;17;-5.76;36.21
55481;11;-5.69;36.21
55482;6;-5.65;36.22
55483;6;-5.51;36.21
55484;4;-6.01;36.29
55485;12;-5.89;36.21
55486;6;-5.87;36.22
55487;14;-5.78;36.21
55488;21;-5.74;36.21
55489;17;-5.70;36.21
55490;17;-5.68;36.21
55491;2;-5.64;36.22
55492;6;-5.62;36.21
55493;10;-5.56;36.21
55495;4;-5.49;36.21
55496;18;-5.71;36.20
55497;6;-5.69;36.20
55498;16;-5.68;36.20
55499;4;-5.65;36.20
55500;4;-5.62;36.20
55501;4;-5.44;36.20
55502;8;-5.66;36.20
55503;4;-5.59;36.20
55504;18;-5.69;36.19
55505;6;-5.68;36.19
55506;12;-5.84;36.19
55507;4;-5.61;36.18
55508;4;-5.50;36.18
55510;8;-5.56;36.18
55511;8;-5.87;36.18
55512;4;-5.82;36.20
55513;8;-5.61;36.17
55514;12;-5.49;36.19
55515;6;-5.63;36.18
55516;8;-5.63;36.16
55517;12;-5.87;36.16
55519;4;-5.52;36.16
55520;12;-5.54;36.16
55521;4;-5.48;36.16
55522;18;-5.68;36.15
55523;8;-5.64;36.15
55524;4;-5.59;36.15
55525;6;-5.52;36.15
55526;10;-5.65;36.15
55528;4;-5.68;36.14
55529;8;-5.57;36.15
55530;4;-5.52;36.14
55531;4;-5.74;36.13
55532;18;-5.69;36.13
55533;16;-5.68;36.13
55534;12;-5.49;36.14
55535;4;-5.50;36.13
55536;4;-5.76;36.13
55537;18;-5.67;36.13
55538;10;-5.64;36.13
55539;6;-5.49;36.13
55540;16;-5.76;36.16
55541;4;-5.73;36.12
55542;4;-5.81;36.12
55543;18;-5.78;36.12
55544;16;-5.74;36.12
55545;2;-5.49;36.12
55546;6;-5.56;36.16
55547;4;-5.65;36.12
55548;4;-5.68;36.11
55549;6;-5.62;36.11
55550;6;-5.81;36.11
55551;12;-5.77;36.11
55552;14;-5.76;36.11
55553;12;-5.75;36.11
55554;8;-5.63;36.11
55555;2;-5.57;36.11
55556;2;-5.50;36.11
55557;8;-5.48;36.11
55558;4;-5.58;36.11
55559;2;-5.79;36.10
55560;14;-5.64;36.10
55561;10;-5.63;36.10
55562;6;-5.59;36.10
55563;2;-5.56;36.10
55564;2;-5.51;36.10
55565;4;-5.50;36.10
55566;2;-5.48;36.10
55568;8;-5.45;36.10
55569;4;-5.78;36.09
55570;10;-5.67;36.10
55571;4;-5.52;36.09
55572;6;-5.80;36.09
55573;14;-5.65;36.09
55575;8;-5.72;36.09
55576;2;-5.54;36.09
55577;10;-5.73;36.08
55579;10;-5.75;36.08
55581;8;-5.52;36.08
55582;4;-5.45;36.08
55583;8;-5.44;36.08
55584;8;-5.49;36.08
55585;10;-5.65;36.07
55586;8;-5.55;36.07
55588;4;-5.73;36.07
55589;14;-5.67;36.07
55590;8;-5.73;36.06
55592;2;-5.55;36.06
55593;8;-5.54;36.06
55595;4;-5.46;36.06
55596;8;-5.61;36.07
55597;12;-5.60;36.03
55598;4;-5.55;36.06
55599;17;-5.61;36.02
55600;13;-5.59;36.02
55601;9;-5.58;36.02
